model_name,model_file,model_input_representation,dataset,subjects_explained,subject_id,true_label,xai_method,baseline_background_data,output_class_explained,sampling_seed,number_of_available_epochs,number_of_explained_epochs,channel,mean_signed_attribution,mean_absolute_attribution,mean_epoch_probability
CNN,Results\CleanDeepBenchmark\combined_holdout\CNN\cnn_model.keras,training-standardized raw EEG epoch (time x 19 channels),combined_eeg,child_adhd_40,child_adhd_40,1,Integrated Gradients,mean of training epochs after training-only channel standardization,ADHD positive class (sigmoid output = 1),42,38,4,Fp1,6.65092229610309e-05,0.0002915047225542,0.7957926988601685
CNN,Results\CleanDeepBenchmark\combined_holdout\CNN\cnn_model.keras,training-standardized raw EEG epoch (time x 19 channels),combined_eeg,child_adhd_40,child_adhd_40,1,Integrated Gradients,mean of training epochs after training-only channel standardization,ADHD positive class (sigmoid output = 1),42,38,4,Fp2,-0.0001336173299932,0.0003513002593535,0.7957926988601685
CNN,Results\CleanDeepBenchmark\combined_holdout\CNN\cnn_model.keras,training-standardized raw EEG epoch (time x 19 channels),combined_eeg,child_adhd_40,child_adhd_40,1,Integrated Gradients,mean of training epochs after training-only channel standardization,ADHD positive class (sigmoid output = 1),42,38,4,F3,-0.0009404348675161,0.000978484749794,0.7957926988601685
CNN,Results\CleanDeepBenchmark\combined_holdout\CNN\cnn_model.keras,training-standardized raw EEG epoch (time x 19 channels),combined_eeg,child_adhd_40,child_adhd_40,1,Integrated Gradients,mean of training epochs after training-only channel standardization,ADHD positive class (sigmoid output = 1),42,38,4,F4,0.0008980596903711,0.0009333818452432,0.7957926988601685
CNN,Results\CleanDeepBenchmark\combined_holdout\CNN\cnn_model.keras,training-standardized raw EEG epoch (time x 19 channels),combined_eeg,child_adhd_40,child_adhd_40,1,Integrated Gradients,mean of training epochs after training-only channel standardization,ADHD positive class (sigmoid output = 1),42,38,4,C3,0.0005081614945083,0.0006085347267799,0.7957926988601685
CNN,Results\CleanDeepBenchmark\combined_holdout\CNN\cnn_model.keras,training-standardized raw EEG epoch (time x 19 channels),combined_eeg,child_adhd_40,child_adhd_40,1,Integrated Gradients,mean of training epochs after training-only channel standardization,ADHD positive class (sigmoid output = 1),42,38,4,C4,0.0004876759776379,0.0005875909700989,0.7957926988601685
CNN,Results\CleanDeepBenchmark\combined_holdout\CNN\cnn_model.keras,training-standardized raw EEG epoch (time x 19 channels),combined_eeg,child_adhd_40,child_adhd_40,1,Integrated Gradients,mean of training epochs after training-only channel standardization,ADHD positive class (sigmoid output = 1),42,38,4,P3,0.0004928897833451,0.000571405980736,0.7957926988601685
CNN,Results\CleanDeepBenchmark\combined_holdout\CNN\cnn_model.keras,training-standardized raw EEG epoch (time x 19 channels),combined_eeg,child_adhd_40,child_adhd_40,1,Integrated Gradients,mean of training epochs after training-only channel standardization,ADHD positive class (sigmoid output = 1),42,38,4,P4,0.0008402747916989,0.0008778569754213,0.7957926988601685
CNN,Results\CleanDeepBenchmark\combined_holdout\CNN\cnn_model.keras,training-standardized raw EEG epoch (time x 19 channels),combined_eeg,child_adhd_40,child_adhd_40,1,Integrated Gradients,mean of training epochs after training-only channel standardization,ADHD positive class (sigmoid output = 1),42,38,4,O1,0.0007103483658283,0.0008160001598298,0.7957926988601685
CNN,Results\CleanDeepBenchmark\combined_holdout\CNN\cnn_model.keras,training-standardized raw EEG epoch (time x 19 channels),combined_eeg,child_adhd_40,child_adhd_40,1,Integrated Gradients,mean of training epochs after training-only channel standardization,ADHD positive class (sigmoid output = 1),42,38,4,O2,9.873353701550514e-05,0.0003860221186187,0.7957926988601685
CNN,Results\CleanDeepBenchmark\combined_holdout\CNN\cnn_model.keras,training-standardized raw EEG epoch (time x 19 channels),combined_eeg,child_adhd_40,child_adhd_40,1,Integrated Gradients,mean of training epochs after training-only channel standardization,ADHD positive class (sigmoid output = 1),42,38,4,F7,-0.0001548624131828,0.0005531549686565,0.7957926988601685
CNN,Results\CleanDeepBenchmark\combined_holdout\CNN\cnn_model.keras,training-standardized raw EEG epoch (time x 19 channels),combined_eeg,child_adhd_40,child_adhd_40,1,Integrated Gradients,mean of training epochs after training-only channel standardization,ADHD positive class (sigmoid output = 1),42,38,4,F8,-0.0006852188962511,0.000792437698692,0.7957926988601685
CNN,Results\CleanDeepBenchmark\combined_holdout\CNN\cnn_model.keras,training-standardized raw EEG epoch (time x 19 channels),combined_eeg,child_adhd_40,child_adhd_40,1,Integrated Gradients,mean of training epochs after training-only channel standardization,ADHD positive class (sigmoid output = 1),42,38,4,T7,0.0001345843484159,0.0002974071539938,0.7957926988601685
CNN,Results\CleanDeepBenchmark\combined_holdout\CNN\cnn_model.keras,training-standardized raw EEG epoch (time x 19 channels),combined_eeg,child_adhd_40,child_adhd_40,1,Integrated Gradients,mean of training epochs after training-only channel standardization,ADHD positive class (sigmoid output = 1),42,38,4,T8,-0.000794798717834,0.0008359933272004,0.7957926988601685
CNN,Results\CleanDeepBenchmark\combined_holdout\CNN\cnn_model.keras,training-standardized raw EEG epoch (time x 19 channels),combined_eeg,child_adhd_40,child_adhd_40,1,Integrated Gradients,mean of training epochs after training-only channel standardization,ADHD positive class (sigmoid output = 1),42,38,4,P7,-0.0003098266024608,0.0003924008924514,0.7957926988601685
CNN,Results\CleanDeepBenchmark\combined_holdout\CNN\cnn_model.keras,training-standardized raw EEG epoch (time x 19 channels),combined_eeg,child_adhd_40,child_adhd_40,1,Integrated Gradients,mean of training epochs after training-only channel standardization,ADHD positive class (sigmoid output = 1),42,38,4,P8,-0.0002080920967273,0.0003857472911477,0.7957926988601685
CNN,Results\CleanDeepBenchmark\combined_holdout\CNN\cnn_model.keras,training-standardized raw EEG epoch (time x 19 channels),combined_eeg,child_adhd_40,child_adhd_40,1,Integrated Gradients,mean of training epochs after training-only channel standardization,ADHD positive class (sigmoid output = 1),42,38,4,Fz,0.0011856649070978,0.0012049757642671,0.7957926988601685
CNN,Results\CleanDeepBenchmark\combined_holdout\CNN\cnn_model.keras,training-standardized raw EEG epoch (time x 19 channels),combined_eeg,child_adhd_40,child_adhd_40,1,Integrated Gradients,mean of training epochs after training-only channel standardization,ADHD positive class (sigmoid output = 1),42,38,4,Cz,-0.0003509220550768,0.0006444898899644,0.7957926988601685
CNN,Results\CleanDeepBenchmark\combined_holdout\CNN\cnn_model.keras,training-standardized raw EEG epoch (time x 19 channels),combined_eeg,child_adhd_40,child_adhd_40,1,Integrated Gradients,mean of training epochs after training-only channel standardization,ADHD positive class (sigmoid output = 1),42,38,4,Pz,-0.000569679075852,0.0006292894249781,0.7957926988601685
CNN,Results\CleanDeepBenchmark\combined_holdout\CNN\cnn_model.keras,training-standardized raw EEG epoch (time x 19 channels),combined_eeg,adult_adhd_8,adult_adhd_8,1,Integrated Gradients,mean of training epochs after training-only channel standardization,ADHD positive class (sigmoid output = 1),42,614,4,Fp1,-2.746668178588152e-05,0.0002663084305822,0.0224596932530403
CNN,Results\CleanDeepBenchmark\combined_holdout\CNN\cnn_model.keras,training-standardized raw EEG epoch (time x 19 channels),combined_eeg,adult_adhd_8,adult_adhd_8,1,Integrated Gradients,mean of training epochs after training-only channel standardization,ADHD positive class (sigmoid output = 1),42,614,4,Fp2,0.0003366591408848,0.000422037235694,0.0224596932530403
CNN,Results\CleanDeepBenchmark\combined_holdout\CNN\cnn_model.keras,training-standardized raw EEG epoch (time x 19 channels),combined_eeg,adult_adhd_8,adult_adhd_8,1,Integrated Gradients,mean of training epochs after training-only channel standardization,ADHD positive class (sigmoid output = 1),42,614,4,F3,0.0016822272446006,0.0016822272446006,0.0224596932530403
CNN,Results\CleanDeepBenchmark\combined_holdout\CNN\cnn_model.keras,training-standardized raw EEG epoch (time x 19 channels),combined_eeg,adult_adhd_8,adult_adhd_8,1,Integrated Gradients,mean of training epochs after training-only channel standardization,ADHD positive class (sigmoid output = 1),42,614,4,F4,0.0002291212877025,0.0003589489497244,0.0224596932530403
CNN,Results\CleanDeepBenchmark\combined_holdout\CNN\cnn_model.keras,training-standardized raw EEG epoch (time x 19 channels),combined_eeg,adult_adhd_8,adult_adhd_8,1,Integrated Gradients,mean of training epochs after training-only channel standardization,ADHD positive class (sigmoid output = 1),42,614,4,C3,0.0006670538568869,0.000673410075251,0.0224596932530403
CNN,Results\CleanDeepBenchmark\combined_holdout\CNN\cnn_model.keras,training-standardized raw EEG epoch (time x 19 channels),combined_eeg,adult_adhd_8,adult_adhd_8,1,Integrated Gradients,mean of training epochs after training-only channel standardization,ADHD positive class (sigmoid output = 1),42,614,4,C4,-0.0011170653160661,0.0011177365668118,0.0224596932530403
CNN,Results\CleanDeepBenchmark\combined_holdout\CNN\cnn_model.keras,training-standardized raw EEG epoch (time x 19 channels),combined_eeg,adult_adhd_8,adult_adhd_8,1,Integrated Gradients,mean of training epochs after training-only channel standardization,ADHD positive class (sigmoid output = 1),42,614,4,P3,0.0011422279058024,0.0011430059093981,0.0224596932530403
CNN,Results\CleanDeepBenchmark\combined_holdout\CNN\cnn_model.keras,training-standardized raw EEG epoch (time x 19 channels),combined_eeg,adult_adhd_8,adult_adhd_8,1,Integrated Gradients,mean of training epochs after training-only channel standardization,ADHD positive class (sigmoid output = 1),42,614,4,P4,-0.0026426836848258,0.0026426836848258,0.0224596932530403
CNN,Results\CleanDeepBenchmark\combined_holdout\CNN\cnn_model.keras,training-standardized raw EEG epoch (time x 19 channels),combined_eeg,adult_adhd_8,adult_adhd_8,1,Integrated Gradients,mean of training epochs after training-only channel standardization,ADHD positive class (sigmoid output = 1),42,614,4,O1,-0.0013095003087073,0.0013102644588798,0.0224596932530403
CNN,Results\CleanDeepBenchmark\combined_holdout\CNN\cnn_model.keras,training-standardized raw EEG epoch (time x 19 channels),combined_eeg,adult_adhd_8,adult_adhd_8,1,Integrated Gradients,mean of training epochs after training-only channel standardization,ADHD positive class (sigmoid output = 1),42,614,4,O2,-0.0003331562038511,0.0003907352802343,0.0224596932530403
CNN,Results\CleanDeepBenchmark\combined_holdout\CNN\cnn_model.keras,training-standardized raw EEG epoch (time x 19 channels),combined_eeg,adult_adhd_8,adult_adhd_8,1,Integrated Gradients,mean of training epochs after training-only channel standardization,ADHD positive class (sigmoid output = 1),42,614,4,F7,0.0005139849381521,0.0005247872322797,0.0224596932530403
CNN,Results\CleanDeepBenchmark\combined_holdout\CNN\cnn_model.keras,training-standardized raw EEG epoch (time x 19 channels),combined_eeg,adult_adhd_8,adult_adhd_8,1,Integrated Gradients,mean of training epochs after training-only channel standardization,ADHD positive class (sigmoid output = 1),42,614,4,F8,0.000289434363367,0.0003892239765264,0.0224596932530403
CNN,Results\CleanDeepBenchmark\combined_holdout\CNN\cnn_model.keras,training-standardized raw EEG epoch (time x 19 channels),combined_eeg,adult_adhd_8,adult_adhd_8,1,Integrated Gradients,mean of training epochs after training-only channel standardization,ADHD positive class (sigmoid output = 1),42,614,4,T7,-0.0010634132195264,0.0010634132195264,0.0224596932530403
CNN,Results\CleanDeepBenchmark\combined_holdout\CNN\cnn_model.keras,training-standardized raw EEG epoch (time x 19 channels),combined_eeg,adult_adhd_8,adult_adhd_8,1,Integrated Gradients,mean of training epochs after training-only channel standardization,ADHD positive class (sigmoid output = 1),42,614,4,T8,-3.071884566452354e-05,0.0002823265676852,0.0224596932530403
CNN,Results\CleanDeepBenchmark\combined_holdout\CNN\cnn_model.keras,training-standardized raw EEG epoch (time x 19 channels),combined_eeg,adult_adhd_8,adult_adhd_8,1,Integrated Gradients,mean of training epochs after training-only channel standardization,ADHD positive class (sigmoid output = 1),42,614,4,P7,0.0010266233002766,0.0010284256422892,0.0224596932530403
CNN,Results\CleanDeepBenchmark\combined_holdout\CNN\cnn_model.keras,training-standardized raw EEG epoch (time x 19 channels),combined_eeg,adult_adhd_8,adult_adhd_8,1,Integrated Gradients,mean of training epochs after training-only channel standardization,ADHD positive class (sigmoid output = 1),42,614,4,P8,-0.0019273144425824,0.0019273144425824,0.0224596932530403
CNN,Results\CleanDeepBenchmark\combined_holdout\CNN\cnn_model.keras,training-standardized raw EEG epoch (time x 19 channels),combined_eeg,adult_adhd_8,adult_adhd_8,1,Integrated Gradients,mean of training epochs after training-only channel standardization,ADHD positive class (sigmoid output = 1),42,614,4,Fz,-0.0015928437933325,0.0015928437933325,0.0224596932530403
CNN,Results\CleanDeepBenchmark\combined_holdout\CNN\cnn_model.keras,training-standardized raw EEG epoch (time x 19 channels),combined_eeg,adult_adhd_8,adult_adhd_8,1,Integrated Gradients,mean of training epochs after training-only channel standardization,ADHD positive class (sigmoid output = 1),42,614,4,Cz,0.0034460725728422,0.0034460725728422,0.0224596932530403
CNN,Results\CleanDeepBenchmark\combined_holdout\CNN\cnn_model.keras,training-standardized raw EEG epoch (time x 19 channels),combined_eeg,adult_adhd_8,adult_adhd_8,1,Integrated Gradients,mean of training epochs after training-only channel standardization,ADHD positive class (sigmoid output = 1),42,614,4,Pz,0.0004668012552428,0.000498371082358,0.0224596932530403
CNN,Results\CleanDeepBenchmark\combined_holdout\CNN\cnn_model.keras,training-standardized raw EEG epoch (time x 19 channels),combined_eeg,child_adhd_48,child_adhd_48,1,Integrated Gradients,mean of training epochs after training-only channel standardization,ADHD positive class (sigmoid output = 1),42,25,4,Fp1,0.00015013400116,0.000299050763715,0.9475483894348145
CNN,Results\CleanDeepBenchmark\combined_holdout\CNN\cnn_model.keras,training-standardized raw EEG epoch (time x 19 channels),combined_eeg,child_adhd_48,child_adhd_48,1,Integrated Gradients,mean of training epochs after training-only channel standardization,ADHD positive class (sigmoid output = 1),42,25,4,Fp2,0.0001544277183711,0.0003844229795504,0.9475483894348145
CNN,Results\CleanDeepBenchmark\combined_holdout\CNN\cnn_model.keras,training-standardized raw EEG epoch (time x 19 channels),combined_eeg,child_adhd_48,child_adhd_48,1,Integrated Gradients,mean of training epochs after training-only channel standardization,ADHD positive class (sigmoid output = 1),42,25,4,F3,-0.0005194409750401,0.0006294056074693,0.9475483894348145
CNN,Results\CleanDeepBenchmark\combined_holdout\CNN\cnn_model.keras,training-standardized raw EEG epoch (time x 19 channels),combined_eeg,child_adhd_48,child_adhd_48,1,Integrated Gradients,mean of training epochs after training-only channel standardization,ADHD positive class (sigmoid output = 1),42,25,4,F4,0.0006813231739215,0.000761687697377,0.9475483894348145
CNN,Results\CleanDeepBenchmark\combined_holdout\CNN\cnn_model.keras,training-standardized raw EEG epoch (time x 19 channels),combined_eeg,child_adhd_48,child_adhd_48,1,Integrated Gradients,mean of training epochs after training-only channel standardization,ADHD positive class (sigmoid output = 1),42,25,4,C3,0.0002712012501433,0.0003695872146636,0.9475483894348145
CNN,Results\CleanDeepBenchmark\combined_holdout\CNN\cnn_model.keras,training-standardized raw EEG epoch (time x 19 channels),combined_eeg,child_adhd_48,child_adhd_48,1,Integrated Gradients,mean of training epochs after training-only channel standardization,ADHD positive class (sigmoid output = 1),42,25,4,C4,0.0003316440270282,0.0005308027612045,0.9475483894348145
CNN,Results\CleanDeepBenchmark\combined_holdout\CNN\cnn_model.keras,training-standardized raw EEG epoch (time x 19 channels),combined_eeg,child_adhd_48,child_adhd_48,1,Integrated Gradients,mean of training epochs after training-only channel standardization,ADHD positive class (sigmoid output = 1),42,25,4,P3,0.0002392467140452,0.0003117318847216,0.9475483894348145
CNN,Results\CleanDeepBenchmark\combined_holdout\CNN\cnn_model.keras,training-standardized raw EEG epoch (time x 19 channels),combined_eeg,child_adhd_48,child_adhd_48,1,Integrated Gradients,mean of training epochs after training-only channel standardization,ADHD positive class (sigmoid output = 1),42,25,4,P4,0.0004239085246808,0.0007106318953447,0.9475483894348145
CNN,Results\CleanDeepBenchmark\combined_holdout\CNN\cnn_model.keras,training-standardized raw EEG epoch (time x 19 channels),combined_eeg,child_adhd_48,child_adhd_48,1,Integrated Gradients,mean of training epochs after training-only channel standardization,ADHD positive class (sigmoid output = 1),42,25,4,O1,0.0004535865737125,0.0004925893153995,0.9475483894348145
CNN,Results\CleanDeepBenchmark\combined_holdout\CNN\cnn_model.keras,training-standardized raw EEG epoch (time x 19 channels),combined_eeg,child_adhd_48,child_adhd_48,1,Integrated Gradients,mean of training epochs after training-only channel standardization,ADHD positive class (sigmoid output = 1),42,25,4,O2,0.0001069025165634,0.0003588710096664,0.9475483894348145
CNN,Results\CleanDeepBenchmark\combined_holdout\CNN\cnn_model.keras,training-standardized raw EEG epoch (time x 19 channels),combined_eeg,child_adhd_48,child_adhd_48,1,Integrated Gradients,mean of training epochs after training-only channel standardization,ADHD positive class (sigmoid output = 1),42,25,4,F7,0.0001286814949708,0.0003055464185308,0.9475483894348145
CNN,Results\CleanDeepBenchmark\combined_holdout\CNN\cnn_model.keras,training-standardized raw EEG epoch (time x 19 channels),combined_eeg,child_adhd_48,child_adhd_48,1,Integrated Gradients,mean of training epochs after training-only channel standardization,ADHD positive class (sigmoid output = 1),42,25,4,F8,-0.0003402984002605,0.0004560198285616,0.9475483894348145
CNN,Results\CleanDeepBenchmark\combined_holdout\CNN\cnn_model.keras,training-standardized raw EEG epoch (time x 19 channels),combined_eeg,child_adhd_48,child_adhd_48,1,Integrated Gradients,mean of training epochs after training-only channel standardization,ADHD positive class (sigmoid output = 1),42,25,4,T7,0.0001280674187,0.0002292702556587,0.9475483894348145
CNN,Results\CleanDeepBenchmark\combined_holdout\CNN\cnn_model.keras,training-standardized raw EEG epoch (time x 19 channels),combined_eeg,child_adhd_48,child_adhd_48,1,Integrated Gradients,mean of training epochs after training-only channel standardization,ADHD positive class (sigmoid output = 1),42,25,4,T8,-0.0005883265985175,0.0006389609770849,0.9475483894348145
CNN,Results\CleanDeepBenchmark\combined_holdout\CNN\cnn_model.keras,training-standardized raw EEG epoch (time x 19 channels),combined_eeg,child_adhd_48,child_adhd_48,1,Integrated Gradients,mean of training epochs after training-only channel standardization,ADHD positive class (sigmoid output = 1),42,25,4,P7,-0.0001634684012969,0.0002462017000652,0.9475483894348145
CNN,Results\CleanDeepBenchmark\combined_holdout\CNN\cnn_model.keras,training-standardized raw EEG epoch (time x 19 channels),combined_eeg,child_adhd_48,child_adhd_48,1,Integrated Gradients,mean of training epochs after training-only channel standardization,ADHD positive class (sigmoid output = 1),42,25,4,P8,-0.0003547008091118,0.0004992478061467,0.9475483894348145
CNN,Results\CleanDeepBenchmark\combined_holdout\CNN\cnn_model.keras,training-standardized raw EEG epoch (time x 19 channels),combined_eeg,child_adhd_48,child_adhd_48,1,Integrated Gradients,mean of training epochs after training-only channel standardization,ADHD positive class (sigmoid output = 1),42,25,4,Fz,0.0008042498957365,0.0008315903833135,0.9475483894348145
CNN,Results\CleanDeepBenchmark\combined_holdout\CNN\cnn_model.keras,training-standardized raw EEG epoch (time x 19 channels),combined_eeg,child_adhd_48,child_adhd_48,1,Integrated Gradients,mean of training epochs after training-only channel standardization,ADHD positive class (sigmoid output = 1),42,25,4,Cz,2.2183634428074583e-05,0.0007670644554309,0.9475483894348145
CNN,Results\CleanDeepBenchmark\combined_holdout\CNN\cnn_model.keras,training-standardized raw EEG epoch (time x 19 channels),combined_eeg,child_adhd_48,child_adhd_48,1,Integrated Gradients,mean of training epochs after training-only channel standardization,ADHD positive class (sigmoid output = 1),42,25,4,Pz,-0.0003819672274403,0.0004391088441479,0.9475483894348145
CNN,Results\CleanDeepBenchmark\combined_holdout\CNN\cnn_model.keras,training-standardized raw EEG epoch (time x 19 channels),combined_eeg,child_control_52,child_control_52,0,Integrated Gradients,mean of training epochs after training-only channel standardization,ADHD positive class (sigmoid output = 1),42,33,4,Fp1,8.688007073942572e-05,0.0002403387334197,0.8696819543838501
CNN,Results\CleanDeepBenchmark\combined_holdout\CNN\cnn_model.keras,training-standardized raw EEG epoch (time x 19 channels),combined_eeg,child_control_52,child_control_52,0,Integrated Gradients,mean of training epochs after training-only channel standardization,ADHD positive class (sigmoid output = 1),42,33,4,Fp2,-4.224159783916548e-05,0.0003178111219312,0.8696819543838501
CNN,Results\CleanDeepBenchmark\combined_holdout\CNN\cnn_model.keras,training-standardized raw EEG epoch (time x 19 channels),combined_eeg,child_control_52,child_control_52,0,Integrated Gradients,mean of training epochs after training-only channel standardization,ADHD positive class (sigmoid output = 1),42,33,4,F3,-0.0007243579020723,0.0007738446001894,0.8696819543838501
CNN,Results\CleanDeepBenchmark\combined_holdout\CNN\cnn_model.keras,training-standardized raw EEG epoch (time x 19 channels),combined_eeg,child_control_52,child_control_52,0,Integrated Gradients,mean of training epochs after training-only channel standardization,ADHD positive class (sigmoid output = 1),42,33,4,F4,0.000756615656428,0.0008252944098785,0.8696819543838501
CNN,Results\CleanDeepBenchmark\combined_holdout\CNN\cnn_model.keras,training-standardized raw EEG epoch (time x 19 channels),combined_eeg,child_control_52,child_control_52,0,Integrated Gradients,mean of training epochs after training-only channel standardization,ADHD positive class (sigmoid output = 1),42,33,4,C3,0.000451226835139,0.0005898728268221,0.8696819543838501
CNN,Results\CleanDeepBenchmark\combined_holdout\CNN\cnn_model.keras,training-standardized raw EEG epoch (time x 19 channels),combined_eeg,child_control_52,child_control_52,0,Integrated Gradients,mean of training epochs after training-only channel standardization,ADHD positive class (sigmoid output = 1),42,33,4,C4,0.0004000752524007,0.0005350589053705,0.8696819543838501
CNN,Results\CleanDeepBenchmark\combined_holdout\CNN\cnn_model.keras,training-standardized raw EEG epoch (time x 19 channels),combined_eeg,child_control_52,child_control_52,0,Integrated Gradients,mean of training epochs after training-only channel standardization,ADHD positive class (sigmoid output = 1),42,33,4,P3,0.0003936354769393,0.0005245604552328,0.8696819543838501
CNN,Results\CleanDeepBenchmark\combined_holdout\CNN\cnn_model.keras,training-standardized raw EEG epoch (time x 19 channels),combined_eeg,child_control_52,child_control_52,0,Integrated Gradients,mean of training epochs after training-only channel standardization,ADHD positive class (sigmoid output = 1),42,33,4,P4,0.0005570595385506,0.0008236619760282,0.8696819543838501
CNN,Results\CleanDeepBenchmark\combined_holdout\CNN\cnn_model.keras,training-standardized raw EEG epoch (time x 19 channels),combined_eeg,child_control_52,child_control_52,0,Integrated Gradients,mean of training epochs after training-only channel standardization,ADHD positive class (sigmoid output = 1),42,33,4,O1,0.0005448720185086,0.0006384003791026,0.8696819543838501
CNN,Results\CleanDeepBenchmark\combined_holdout\CNN\cnn_model.keras,training-standardized raw EEG epoch (time x 19 channels),combined_eeg,child_control_52,child_control_52,0,Integrated Gradients,mean of training epochs after training-only channel standardization,ADHD positive class (sigmoid output = 1),42,33,4,O2,5.3909781854599714e-05,0.0004357818397693,0.8696819543838501
CNN,Results\CleanDeepBenchmark\combined_holdout\CNN\cnn_model.keras,training-standardized raw EEG epoch (time x 19 channels),combined_eeg,child_control_52,child_control_52,0,Integrated Gradients,mean of training epochs after training-only channel standardization,ADHD positive class (sigmoid output = 1),42,33,4,F7,9.773650526767597e-05,0.0003398407716304,0.8696819543838501
CNN,Results\CleanDeepBenchmark\combined_holdout\CNN\cnn_model.keras,training-standardized raw EEG epoch (time x 19 channels),combined_eeg,child_control_52,child_control_52,0,Integrated Gradients,mean of training epochs after training-only channel standardization,ADHD positive class (sigmoid output = 1),42,33,4,F8,-0.000620511942543,0.0008399306680075,0.8696819543838501
CNN,Results\CleanDeepBenchmark\combined_holdout\CNN\cnn_model.keras,training-standardized raw EEG epoch (time x 19 channels),combined_eeg,child_control_52,child_control_52,0,Integrated Gradients,mean of training epochs after training-only channel standardization,ADHD positive class (sigmoid output = 1),42,33,4,T7,0.0001316382840741,0.0002801192458719,0.8696819543838501
CNN,Results\CleanDeepBenchmark\combined_holdout\CNN\cnn_model.keras,training-standardized raw EEG epoch (time x 19 channels),combined_eeg,child_control_52,child_control_52,0,Integrated Gradients,mean of training epochs after training-only channel standardization,ADHD positive class (sigmoid output = 1),42,33,4,T8,-0.0007303500897251,0.0007670001941733,0.8696819543838501
CNN,Results\CleanDeepBenchmark\combined_holdout\CNN\cnn_model.keras,training-standardized raw EEG epoch (time x 19 channels),combined_eeg,child_control_52,child_control_52,0,Integrated Gradients,mean of training epochs after training-only channel standardization,ADHD positive class (sigmoid output = 1),42,33,4,P7,-0.0002599774161353,0.0003685144474729,0.8696819543838501
CNN,Results\CleanDeepBenchmark\combined_holdout\CNN\cnn_model.keras,training-standardized raw EEG epoch (time x 19 channels),combined_eeg,child_control_52,child_control_52,0,Integrated Gradients,mean of training epochs after training-only channel standardization,ADHD positive class (sigmoid output = 1),42,33,4,P8,-0.0001263030280824,0.0005951485945843,0.8696819543838501
CNN,Results\CleanDeepBenchmark\combined_holdout\CNN\cnn_model.keras,training-standardized raw EEG epoch (time x 19 channels),combined_eeg,child_control_52,child_control_52,0,Integrated Gradients,mean of training epochs after training-only channel standardization,ADHD positive class (sigmoid output = 1),42,33,4,Fz,0.0008598487474955,0.0008812280138954,0.8696819543838501
CNN,Results\CleanDeepBenchmark\combined_holdout\CNN\cnn_model.keras,training-standardized raw EEG epoch (time x 19 channels),combined_eeg,child_control_52,child_control_52,0,Integrated Gradients,mean of training epochs after training-only channel standardization,ADHD positive class (sigmoid output = 1),42,33,4,Cz,-3.2113810448208824e-05,0.0008469355525448,0.8696819543838501
CNN,Results\CleanDeepBenchmark\combined_holdout\CNN\cnn_model.keras,training-standardized raw EEG epoch (time x 19 channels),combined_eeg,child_control_52,child_control_52,0,Integrated Gradients,mean of training epochs after training-only channel standardization,ADHD positive class (sigmoid output = 1),42,33,4,Pz,-0.0003788952017202,0.000539019878488,0.8696819543838501
CNN,Results\CleanDeepBenchmark\combined_holdout\CNN\cnn_model.keras,training-standardized raw EEG epoch (time x 19 channels),combined_eeg,child_control_60,child_control_60,0,Integrated Gradients,mean of training epochs after training-only channel standardization,ADHD positive class (sigmoid output = 1),42,33,4,Fp1,6.119137105997652e-05,0.0001987628056667,0.9511936902999878
CNN,Results\CleanDeepBenchmark\combined_holdout\CNN\cnn_model.keras,training-standardized raw EEG epoch (time x 19 channels),combined_eeg,child_control_60,child_control_60,0,Integrated Gradients,mean of training epochs after training-only channel standardization,ADHD positive class (sigmoid output = 1),42,33,4,Fp2,-2.862121255020611e-05,0.0001802673214115,0.9511936902999878
CNN,Results\CleanDeepBenchmark\combined_holdout\CNN\cnn_model.keras,training-standardized raw EEG epoch (time x 19 channels),combined_eeg,child_control_60,child_control_60,0,Integrated Gradients,mean of training epochs after training-only channel standardization,ADHD positive class (sigmoid output = 1),42,33,4,F3,-0.0005107970209792,0.000554343801923,0.9511936902999878
CNN,Results\CleanDeepBenchmark\combined_holdout\CNN\cnn_model.keras,training-standardized raw EEG epoch (time x 19 channels),combined_eeg,child_control_60,child_control_60,0,Integrated Gradients,mean of training epochs after training-only channel standardization,ADHD positive class (sigmoid output = 1),42,33,4,F4,0.0004735231632366,0.0005374583415687,0.9511936902999878
CNN,Results\CleanDeepBenchmark\combined_holdout\CNN\cnn_model.keras,training-standardized raw EEG epoch (time x 19 channels),combined_eeg,child_control_60,child_control_60,0,Integrated Gradients,mean of training epochs after training-only channel standardization,ADHD positive class (sigmoid output = 1),42,33,4,C3,0.000249011820415,0.0003474327968433,0.9511936902999878
CNN,Results\CleanDeepBenchmark\combined_holdout\CNN\cnn_model.keras,training-standardized raw EEG epoch (time x 19 channels),combined_eeg,child_control_60,child_control_60,0,Integrated Gradients,mean of training epochs after training-only channel standardization,ADHD positive class (sigmoid output = 1),42,33,4,C4,0.0003197061014361,0.0005827837157994,0.9511936902999878
CNN,Results\CleanDeepBenchmark\combined_holdout\CNN\cnn_model.keras,training-standardized raw EEG epoch (time x 19 channels),combined_eeg,child_control_60,child_control_60,0,Integrated Gradients,mean of training epochs after training-only channel standardization,ADHD positive class (sigmoid output = 1),42,33,4,P3,0.0002801088849082,0.000360389414709,0.9511936902999878
CNN,Results\CleanDeepBenchmark\combined_holdout\CNN\cnn_model.keras,training-standardized raw EEG epoch (time x 19 channels),combined_eeg,child_control_60,child_control_60,0,Integrated Gradients,mean of training epochs after training-only channel standardization,ADHD positive class (sigmoid output = 1),42,33,4,P4,0.0005464262794703,0.000588463677559,0.9511936902999878
CNN,Results\CleanDeepBenchmark\combined_holdout\CNN\cnn_model.keras,training-standardized raw EEG epoch (time x 19 channels),combined_eeg,child_control_60,child_control_60,0,Integrated Gradients,mean of training epochs after training-only channel standardization,ADHD positive class (sigmoid output = 1),42,33,4,O1,0.0004270163190085,0.0004708939231932,0.9511936902999878
CNN,Results\CleanDeepBenchmark\combined_holdout\CNN\cnn_model.keras,training-standardized raw EEG epoch (time x 19 channels),combined_eeg,child_control_60,child_control_60,0,Integrated Gradients,mean of training epochs after training-only channel standardization,ADHD positive class (sigmoid output = 1),42,33,4,O2,0.0001586392754688,0.0002799109788611,0.9511936902999878
CNN,Results\CleanDeepBenchmark\combined_holdout\CNN\cnn_model.keras,training-standardized raw EEG epoch (time x 19 channels),combined_eeg,child_control_60,child_control_60,0,Integrated Gradients,mean of training epochs after training-only channel standardization,ADHD positive class (sigmoid output = 1),42,33,4,F7,0.0001460805069655,0.0002562484296504,0.9511936902999878
CNN,Results\CleanDeepBenchmark\combined_holdout\CNN\cnn_model.keras,training-standardized raw EEG epoch (time x 19 channels),combined_eeg,child_control_60,child_control_60,0,Integrated Gradients,mean of training epochs after training-only channel standardization,ADHD positive class (sigmoid output = 1),42,33,4,F8,-0.0003413458471186,0.0003688266442622,0.9511936902999878
CNN,Results\CleanDeepBenchmark\combined_holdout\CNN\cnn_model.keras,training-standardized raw EEG epoch (time x 19 channels),combined_eeg,child_control_60,child_control_60,0,Integrated Gradients,mean of training epochs after training-only channel standardization,ADHD positive class (sigmoid output = 1),42,33,4,T7,-4.484112287173048e-05,0.0002388993307249,0.9511936902999878
CNN,Results\CleanDeepBenchmark\combined_holdout\CNN\cnn_model.keras,training-standardized raw EEG epoch (time x 19 channels),combined_eeg,child_control_60,child_control_60,0,Integrated Gradients,mean of training epochs after training-only channel standardization,ADHD positive class (sigmoid output = 1),42,33,4,T8,-0.0001354722044197,0.0005631679086945,0.9511936902999878
CNN,Results\CleanDeepBenchmark\combined_holdout\CNN\cnn_model.keras,training-standardized raw EEG epoch (time x 19 channels),combined_eeg,child_control_60,child_control_60,0,Integrated Gradients,mean of training epochs after training-only channel standardization,ADHD positive class (sigmoid output = 1),42,33,4,P7,-0.0001862288045231,0.0002571134536992,0.9511936902999878
CNN,Results\CleanDeepBenchmark\combined_holdout\CNN\cnn_model.keras,training-standardized raw EEG epoch (time x 19 channels),combined_eeg,child_control_60,child_control_60,0,Integrated Gradients,mean of training epochs after training-only channel standardization,ADHD positive class (sigmoid output = 1),42,33,4,P8,-3.536721851560287e-05,0.0003157200117129,0.9511936902999878
CNN,Results\CleanDeepBenchmark\combined_holdout\CNN\cnn_model.keras,training-standardized raw EEG epoch (time x 19 channels),combined_eeg,child_control_60,child_control_60,0,Integrated Gradients,mean of training epochs after training-only channel standardization,ADHD positive class (sigmoid output = 1),42,33,4,Fz,0.0006161480559967,0.0006318434607237,0.9511936902999878
CNN,Results\CleanDeepBenchmark\combined_holdout\CNN\cnn_model.keras,training-standardized raw EEG epoch (time x 19 channels),combined_eeg,child_control_60,child_control_60,0,Integrated Gradients,mean of training epochs after training-only channel standardization,ADHD positive class (sigmoid output = 1),42,33,4,Cz,-6.568727258127183e-05,0.000613851705566,0.9511936902999878
CNN,Results\CleanDeepBenchmark\combined_holdout\CNN\cnn_model.keras,training-standardized raw EEG epoch (time x 19 channels),combined_eeg,child_control_60,child_control_60,0,Integrated Gradients,mean of training epochs after training-only channel standardization,ADHD positive class (sigmoid output = 1),42,33,4,Pz,-0.0003548629756551,0.0004039748746436,0.9511936902999878
CNN,Results\CleanDeepBenchmark\combined_holdout\CNN\cnn_model.keras,training-standardized raw EEG epoch (time x 19 channels),combined_eeg,child_control_15,child_control_15,0,Integrated Gradients,mean of training epochs after training-only channel standardization,ADHD positive class (sigmoid output = 1),42,20,4,Fp1,0.0001255510433111,0.0003221212537027,0.8562384843826294
CNN,Results\CleanDeepBenchmark\combined_holdout\CNN\cnn_model.keras,training-standardized raw EEG epoch (time x 19 channels),combined_eeg,child_control_15,child_control_15,0,Integrated Gradients,mean of training epochs after training-only channel standardization,ADHD positive class (sigmoid output = 1),42,20,4,Fp2,-6.498456059489399e-05,0.0003247513668611,0.8562384843826294
CNN,Results\CleanDeepBenchmark\combined_holdout\CNN\cnn_model.keras,training-standardized raw EEG epoch (time x 19 channels),combined_eeg,child_control_15,child_control_15,0,Integrated Gradients,mean of training epochs after training-only channel standardization,ADHD positive class (sigmoid output = 1),42,20,4,F3,-0.0008624047040939,0.0009022996528074,0.8562384843826294
CNN,Results\CleanDeepBenchmark\combined_holdout\CNN\cnn_model.keras,training-standardized raw EEG epoch (time x 19 channels),combined_eeg,child_control_15,child_control_15,0,Integrated Gradients,mean of training epochs after training-only channel standardization,ADHD positive class (sigmoid output = 1),42,20,4,F4,0.000718385213986,0.0007858958560973,0.8562384843826294
CNN,Results\CleanDeepBenchmark\combined_holdout\CNN\cnn_model.keras,training-standardized raw EEG epoch (time x 19 channels),combined_eeg,child_control_15,child_control_15,0,Integrated Gradients,mean of training epochs after training-only channel standardization,ADHD positive class (sigmoid output = 1),42,20,4,C3,0.0003836184041574,0.0005228951340541,0.8562384843826294
CNN,Results\CleanDeepBenchmark\combined_holdout\CNN\cnn_model.keras,training-standardized raw EEG epoch (time x 19 channels),combined_eeg,child_control_15,child_control_15,0,Integrated Gradients,mean of training epochs after training-only channel standardization,ADHD positive class (sigmoid output = 1),42,20,4,C4,0.0004055202007293,0.0005275733419694,0.8562384843826294
CNN,Results\CleanDeepBenchmark\combined_holdout\CNN\cnn_model.keras,training-standardized raw EEG epoch (time x 19 channels),combined_eeg,child_control_15,child_control_15,0,Integrated Gradients,mean of training epochs after training-only channel standardization,ADHD positive class (sigmoid output = 1),42,20,4,P3,0.0003715419443324,0.0004633250064216,0.8562384843826294
CNN,Results\CleanDeepBenchmark\combined_holdout\CNN\cnn_model.keras,training-standardized raw EEG epoch (time x 19 channels),combined_eeg,child_control_15,child_control_15,0,Integrated Gradients,mean of training epochs after training-only channel standardization,ADHD positive class (sigmoid output = 1),42,20,4,P4,0.0006949357339181,0.0008174403337761,0.8562384843826294
CNN,Results\CleanDeepBenchmark\combined_holdout\CNN\cnn_model.keras,training-standardized raw EEG epoch (time x 19 channels),combined_eeg,child_control_15,child_control_15,0,Integrated Gradients,mean of training epochs after training-only channel standardization,ADHD positive class (sigmoid output = 1),42,20,4,O1,0.0006106271175667,0.0006873862585052,0.8562384843826294
CNN,Results\CleanDeepBenchmark\combined_holdout\CNN\cnn_model.keras,training-standardized raw EEG epoch (time x 19 channels),combined_eeg,child_control_15,child_control_15,0,Integrated Gradients,mean of training epochs after training-only channel standardization,ADHD positive class (sigmoid output = 1),42,20,4,O2,3.15071883960627e-05,0.000349812064087,0.8562384843826294
CNN,Results\CleanDeepBenchmark\combined_holdout\CNN\cnn_model.keras,training-standardized raw EEG epoch (time x 19 channels),combined_eeg,child_control_15,child_control_15,0,Integrated Gradients,mean of training epochs after training-only channel standardization,ADHD positive class (sigmoid output = 1),42,20,4,F7,0.0001969839941011,0.0003584156802389,0.8562384843826294
CNN,Results\CleanDeepBenchmark\combined_holdout\CNN\cnn_model.keras,training-standardized raw EEG epoch (time x 19 channels),combined_eeg,child_control_15,child_control_15,0,Integrated Gradients,mean of training epochs after training-only channel standardization,ADHD positive class (sigmoid output = 1),42,20,4,F8,-0.0005700372857972,0.0006460529402829,0.8562384843826294
CNN,Results\CleanDeepBenchmark\combined_holdout\CNN\cnn_model.keras,training-standardized raw EEG epoch (time x 19 channels),combined_eeg,child_control_15,child_control_15,0,Integrated Gradients,mean of training epochs after training-only channel standardization,ADHD positive class (sigmoid output = 1),42,20,4,T7,0.0001031764259096,0.0003094762796536,0.8562384843826294
CNN,Results\CleanDeepBenchmark\combined_holdout\CNN\cnn_model.keras,training-standardized raw EEG epoch (time x 19 channels),combined_eeg,child_control_15,child_control_15,0,Integrated Gradients,mean of training epochs after training-only channel standardization,ADHD positive class (sigmoid output = 1),42,20,4,T8,-0.0006615734891965,0.0007359754526987,0.8562384843826294
CNN,Results\CleanDeepBenchmark\combined_holdout\CNN\cnn_model.keras,training-standardized raw EEG epoch (time x 19 channels),combined_eeg,child_control_15,child_control_15,0,Integrated Gradients,mean of training epochs after training-only channel standardization,ADHD positive class (sigmoid output = 1),42,20,4,P7,-0.0002634749689605,0.0003536879958119,0.8562384843826294
CNN,Results\CleanDeepBenchmark\combined_holdout\CNN\cnn_model.keras,training-standardized raw EEG epoch (time x 19 channels),combined_eeg,child_control_15,child_control_15,0,Integrated Gradients,mean of training epochs after training-only channel standardization,ADHD positive class (sigmoid output = 1),42,20,4,P8,-0.000292442535283,0.0004069993738085,0.8562384843826294
CNN,Results\CleanDeepBenchmark\combined_holdout\CNN\cnn_model.keras,training-standardized raw EEG epoch (time x 19 channels),combined_eeg,child_control_15,child_control_15,0,Integrated Gradients,mean of training epochs after training-only channel standardization,ADHD positive class (sigmoid output = 1),42,20,4,Fz,0.0011747436365112,0.0011796180624514,0.8562384843826294
CNN,Results\CleanDeepBenchmark\combined_holdout\CNN\cnn_model.keras,training-standardized raw EEG epoch (time x 19 channels),combined_eeg,child_control_15,child_control_15,0,Integrated Gradients,mean of training epochs after training-only channel standardization,ADHD positive class (sigmoid output = 1),42,20,4,Cz,-0.0002316650061402,0.0006346868467517,0.8562384843826294
CNN,Results\CleanDeepBenchmark\combined_holdout\CNN\cnn_model.keras,training-standardized raw EEG epoch (time x 19 channels),combined_eeg,child_control_15,child_control_15,0,Integrated Gradients,mean of training epochs after training-only channel standardization,ADHD positive class (sigmoid output = 1),42,20,4,Pz,-0.0004758978611789,0.0005701911868527,0.8562384843826294
CNN,Results\CleanDeepBenchmark\combined_holdout\CNN\cnn_model.keras,training-standardized raw EEG epoch (time x 19 channels),combined_eeg,child_adhd_40,child_adhd_40,1,Integrated Gradients,mean of training epochs after training-only channel standardization,ADHD positive class (sigmoid output = 1),31415,38,4,Fp1,4.239997360855341e-05,0.0002963363658636,0.7995554208755493
CNN,Results\CleanDeepBenchmark\combined_holdout\CNN\cnn_model.keras,training-standardized raw EEG epoch (time x 19 channels),combined_eeg,child_adhd_40,child_adhd_40,1,Integrated Gradients,mean of training epochs after training-only channel standardization,ADHD positive class (sigmoid output = 1),31415,38,4,Fp2,-0.000143547222251,0.000332035619067,0.7995554208755493
CNN,Results\CleanDeepBenchmark\combined_holdout\CNN\cnn_model.keras,training-standardized raw EEG epoch (time x 19 channels),combined_eeg,child_adhd_40,child_adhd_40,1,Integrated Gradients,mean of training epochs after training-only channel standardization,ADHD positive class (sigmoid output = 1),31415,38,4,F3,-0.0008969192858785,0.000936716212891,0.7995554208755493
CNN,Results\CleanDeepBenchmark\combined_holdout\CNN\cnn_model.keras,training-standardized raw EEG epoch (time x 19 channels),combined_eeg,child_adhd_40,child_adhd_40,1,Integrated Gradients,mean of training epochs after training-only channel standardization,ADHD positive class (sigmoid output = 1),31415,38,4,F4,0.0008814767352305,0.0009115416323766,0.7995554208755493
CNN,Results\CleanDeepBenchmark\combined_holdout\CNN\cnn_model.keras,training-standardized raw EEG epoch (time x 19 channels),combined_eeg,child_adhd_40,child_adhd_40,1,Integrated Gradients,mean of training epochs after training-only channel standardization,ADHD positive class (sigmoid output = 1),31415,38,4,C3,0.0005366142140701,0.0006279399385675,0.7995554208755493
CNN,Results\CleanDeepBenchmark\combined_holdout\CNN\cnn_model.keras,training-standardized raw EEG epoch (time x 19 channels),combined_eeg,child_adhd_40,child_adhd_40,1,Integrated Gradients,mean of training epochs after training-only channel standardization,ADHD positive class (sigmoid output = 1),31415,38,4,C4,0.0005303364014253,0.0006250745500437,0.7995554208755493
CNN,Results\CleanDeepBenchmark\combined_holdout\CNN\cnn_model.keras,training-standardized raw EEG epoch (time x 19 channels),combined_eeg,child_adhd_40,child_adhd_40,1,Integrated Gradients,mean of training epochs after training-only channel standardization,ADHD positive class (sigmoid output = 1),31415,38,4,P3,0.000488874327857,0.0005636831047013,0.7995554208755493
CNN,Results\CleanDeepBenchmark\combined_holdout\CNN\cnn_model.keras,training-standardized raw EEG epoch (time x 19 channels),combined_eeg,child_adhd_40,child_adhd_40,1,Integrated Gradients,mean of training epochs after training-only channel standardization,ADHD positive class (sigmoid output = 1),31415,38,4,P4,0.0008377654012292,0.0008826592238619,0.7995554208755493
CNN,Results\CleanDeepBenchmark\combined_holdout\CNN\cnn_model.keras,training-standardized raw EEG epoch (time x 19 channels),combined_eeg,child_adhd_40,child_adhd_40,1,Integrated Gradients,mean of training epochs after training-only channel standardization,ADHD positive class (sigmoid output = 1),31415,38,4,O1,0.0007376404828391,0.000802886323072,0.7995554208755493
CNN,Results\CleanDeepBenchmark\combined_holdout\CNN\cnn_model.keras,training-standardized raw EEG epoch (time x 19 channels),combined_eeg,child_adhd_40,child_adhd_40,1,Integrated Gradients,mean of training epochs after training-only channel standardization,ADHD positive class (sigmoid output = 1),31415,38,4,O2,0.0001091253361664,0.0004131157184019,0.7995554208755493
CNN,Results\CleanDeepBenchmark\combined_holdout\CNN\cnn_model.keras,training-standardized raw EEG epoch (time x 19 channels),combined_eeg,child_adhd_40,child_adhd_40,1,Integrated Gradients,mean of training epochs after training-only channel standardization,ADHD positive class (sigmoid output = 1),31415,38,4,F7,-0.0002321670763194,0.0006195398163981,0.7995554208755493
CNN,Results\CleanDeepBenchmark\combined_holdout\CNN\cnn_model.keras,training-standardized raw EEG epoch (time x 19 channels),combined_eeg,child_adhd_40,child_adhd_40,1,Integrated Gradients,mean of training epochs after training-only channel standardization,ADHD positive class (sigmoid output = 1),31415,38,4,F8,-0.0006895944825373,0.0007977579953148,0.7995554208755493
CNN,Results\CleanDeepBenchmark\combined_holdout\CNN\cnn_model.keras,training-standardized raw EEG epoch (time x 19 channels),combined_eeg,child_adhd_40,child_adhd_40,1,Integrated Gradients,mean of training epochs after training-only channel standardization,ADHD positive class (sigmoid output = 1),31415,38,4,T7,0.0001238539698533,0.0002893197524826,0.7995554208755493
CNN,Results\CleanDeepBenchmark\combined_holdout\CNN\cnn_model.keras,training-standardized raw EEG epoch (time x 19 channels),combined_eeg,child_adhd_40,child_adhd_40,1,Integrated Gradients,mean of training epochs after training-only channel standardization,ADHD positive class (sigmoid output = 1),31415,38,4,T8,-0.0007902118377387,0.0008389954455196,0.7995554208755493
CNN,Results\CleanDeepBenchmark\combined_holdout\CNN\cnn_model.keras,training-standardized raw EEG epoch (time x 19 channels),combined_eeg,child_adhd_40,child_adhd_40,1,Integrated Gradients,mean of training epochs after training-only channel standardization,ADHD positive class (sigmoid output = 1),31415,38,4,P7,-0.0002916337398346,0.0003911388630513,0.7995554208755493
CNN,Results\CleanDeepBenchmark\combined_holdout\CNN\cnn_model.keras,training-standardized raw EEG epoch (time x 19 channels),combined_eeg,child_adhd_40,child_adhd_40,1,Integrated Gradients,mean of training epochs after training-only channel standardization,ADHD positive class (sigmoid output = 1),31415,38,4,P8,-0.0001857880561146,0.0003888587816618,0.7995554208755493
CNN,Results\CleanDeepBenchmark\combined_holdout\CNN\cnn_model.keras,training-standardized raw EEG epoch (time x 19 channels),combined_eeg,child_adhd_40,child_adhd_40,1,Integrated Gradients,mean of training epochs after training-only channel standardization,ADHD positive class (sigmoid output = 1),31415,38,4,Fz,0.0012059265282005,0.0012312289327383,0.7995554208755493
CNN,Results\CleanDeepBenchmark\combined_holdout\CNN\cnn_model.keras,training-standardized raw EEG epoch (time x 19 channels),combined_eeg,child_adhd_40,child_adhd_40,1,Integrated Gradients,mean of training epochs after training-only channel standardization,ADHD positive class (sigmoid output = 1),31415,38,4,Cz,-0.0003715391212608,0.0006767216254957,0.7995554208755493
CNN,Results\CleanDeepBenchmark\combined_holdout\CNN\cnn_model.keras,training-standardized raw EEG epoch (time x 19 channels),combined_eeg,child_adhd_40,child_adhd_40,1,Integrated Gradients,mean of training epochs after training-only channel standardization,ADHD positive class (sigmoid output = 1),31415,38,4,Pz,-0.000609025650192,0.0006667255656793,0.7995554208755493
CNN,Results\CleanDeepBenchmark\combined_holdout\CNN\cnn_model.keras,training-standardized raw EEG epoch (time x 19 channels),combined_eeg,adult_adhd_8,adult_adhd_8,1,Integrated Gradients,mean of training epochs after training-only channel standardization,ADHD positive class (sigmoid output = 1),31415,614,4,Fp1,-0.0001618064998183,0.0003496209683362,0.0918491557240486
CNN,Results\CleanDeepBenchmark\combined_holdout\CNN\cnn_model.keras,training-standardized raw EEG epoch (time x 19 channels),combined_eeg,adult_adhd_8,adult_adhd_8,1,Integrated Gradients,mean of training epochs after training-only channel standardization,ADHD positive class (sigmoid output = 1),31415,614,4,Fp2,0.0002921890700235,0.000572252611164,0.0918491557240486
CNN,Results\CleanDeepBenchmark\combined_holdout\CNN\cnn_model.keras,training-standardized raw EEG epoch (time x 19 channels),combined_eeg,adult_adhd_8,adult_adhd_8,1,Integrated Gradients,mean of training epochs after training-only channel standardization,ADHD positive class (sigmoid output = 1),31415,614,4,F3,0.0012548258528113,0.0012922922614961,0.0918491557240486
CNN,Results\CleanDeepBenchmark\combined_holdout\CNN\cnn_model.keras,training-standardized raw EEG epoch (time x 19 channels),combined_eeg,adult_adhd_8,adult_adhd_8,1,Integrated Gradients,mean of training epochs after training-only channel standardization,ADHD positive class (sigmoid output = 1),31415,614,4,F4,0.0005035025533288,0.0005646563367918,0.0918491557240486
CNN,Results\CleanDeepBenchmark\combined_holdout\CNN\cnn_model.keras,training-standardized raw EEG epoch (time x 19 channels),combined_eeg,adult_adhd_8,adult_adhd_8,1,Integrated Gradients,mean of training epochs after training-only channel standardization,ADHD positive class (sigmoid output = 1),31415,614,4,C3,0.000561517837923,0.000580318912398,0.0918491557240486
CNN,Results\CleanDeepBenchmark\combined_holdout\CNN\cnn_model.keras,training-standardized raw EEG epoch (time x 19 channels),combined_eeg,adult_adhd_8,adult_adhd_8,1,Integrated Gradients,mean of training epochs after training-only channel standardization,ADHD positive class (sigmoid output = 1),31415,614,4,C4,-0.0008774699526838,0.000892287469469,0.0918491557240486
CNN,Results\CleanDeepBenchmark\combined_holdout\CNN\cnn_model.keras,training-standardized raw EEG epoch (time x 19 channels),combined_eeg,adult_adhd_8,adult_adhd_8,1,Integrated Gradients,mean of training epochs after training-only channel standardization,ADHD positive class (sigmoid output = 1),31415,614,4,P3,0.0012629283592104,0.0012632462894544,0.0918491557240486
CNN,Results\CleanDeepBenchmark\combined_holdout\CNN\cnn_model.keras,training-standardized raw EEG epoch (time x 19 channels),combined_eeg,adult_adhd_8,adult_adhd_8,1,Integrated Gradients,mean of training epochs after training-only channel standardization,ADHD positive class (sigmoid output = 1),31415,614,4,P4,-0.002226429991424,0.002226429991424,0.0918491557240486
CNN,Results\CleanDeepBenchmark\combined_holdout\CNN\cnn_model.keras,training-standardized raw EEG epoch (time x 19 channels),combined_eeg,adult_adhd_8,adult_adhd_8,1,Integrated Gradients,mean of training epochs after training-only channel standardization,ADHD positive class (sigmoid output = 1),31415,614,4,O1,-0.0011164611205458,0.0011176401749253,0.0918491557240486
CNN,Results\CleanDeepBenchmark\combined_holdout\CNN\cnn_model.keras,training-standardized raw EEG epoch (time x 19 channels),combined_eeg,adult_adhd_8,adult_adhd_8,1,Integrated Gradients,mean of training epochs after training-only channel standardization,ADHD positive class (sigmoid output = 1),31415,614,4,O2,-0.0002918337122537,0.0003524348721839,0.0918491557240486
CNN,Results\CleanDeepBenchmark\combined_holdout\CNN\cnn_model.keras,training-standardized raw EEG epoch (time x 19 channels),combined_eeg,adult_adhd_8,adult_adhd_8,1,Integrated Gradients,mean of training epochs after training-only channel standardization,ADHD positive class (sigmoid output = 1),31415,614,4,F7,0.0005227350629866,0.0005320208147168,0.0918491557240486
CNN,Results\CleanDeepBenchmark\combined_holdout\CNN\cnn_model.keras,training-standardized raw EEG epoch (time x 19 channels),combined_eeg,adult_adhd_8,adult_adhd_8,1,Integrated Gradients,mean of training epochs after training-only channel standardization,ADHD positive class (sigmoid output = 1),31415,614,4,F8,0.0002354629541514,0.0003209970891475,0.0918491557240486
CNN,Results\CleanDeepBenchmark\combined_holdout\CNN\cnn_model.keras,training-standardized raw EEG epoch (time x 19 channels),combined_eeg,adult_adhd_8,adult_adhd_8,1,Integrated Gradients,mean of training epochs after training-only channel standardization,ADHD positive class (sigmoid output = 1),31415,614,4,T7,-0.0009298903751187,0.0009298903751187,0.0918491557240486
CNN,Results\CleanDeepBenchmark\combined_holdout\CNN\cnn_model.keras,training-standardized raw EEG epoch (time x 19 channels),combined_eeg,adult_adhd_8,adult_adhd_8,1,Integrated Gradients,mean of training epochs after training-only channel standardization,ADHD positive class (sigmoid output = 1),31415,614,4,T8,-7.951722363941371e-05,0.0002487757301423,0.0918491557240486
CNN,Results\CleanDeepBenchmark\combined_holdout\CNN\cnn_model.keras,training-standardized raw EEG epoch (time x 19 channels),combined_eeg,adult_adhd_8,adult_adhd_8,1,Integrated Gradients,mean of training epochs after training-only channel standardization,ADHD positive class (sigmoid output = 1),31415,614,4,P7,0.0007904976373538,0.0007925034733489,0.0918491557240486
CNN,Results\CleanDeepBenchmark\combined_holdout\CNN\cnn_model.keras,training-standardized raw EEG epoch (time x 19 channels),combined_eeg,adult_adhd_8,adult_adhd_8,1,Integrated Gradients,mean of training epochs after training-only channel standardization,ADHD positive class (sigmoid output = 1),31415,614,4,P8,-0.0017788934055715,0.0017788934055715,0.0918491557240486
CNN,Results\CleanDeepBenchmark\combined_holdout\CNN\cnn_model.keras,training-standardized raw EEG epoch (time x 19 channels),combined_eeg,adult_adhd_8,adult_adhd_8,1,Integrated Gradients,mean of training epochs after training-only channel standardization,ADHD positive class (sigmoid output = 1),31415,614,4,Fz,-0.0013916071038693,0.0013916071038693,0.0918491557240486
CNN,Results\CleanDeepBenchmark\combined_holdout\CNN\cnn_model.keras,training-standardized raw EEG epoch (time x 19 channels),combined_eeg,adult_adhd_8,adult_adhd_8,1,Integrated Gradients,mean of training epochs after training-only channel standardization,ADHD positive class (sigmoid output = 1),31415,614,4,Cz,0.0029448133427649,0.0029448133427649,0.0918491557240486
CNN,Results\CleanDeepBenchmark\combined_holdout\CNN\cnn_model.keras,training-standardized raw EEG epoch (time x 19 channels),combined_eeg,adult_adhd_8,adult_adhd_8,1,Integrated Gradients,mean of training epochs after training-only channel standardization,ADHD positive class (sigmoid output = 1),31415,614,4,Pz,0.0004364280612207,0.0004758362483698,0.0918491557240486
CNN,Results\CleanDeepBenchmark\combined_holdout\CNN\cnn_model.keras,training-standardized raw EEG epoch (time x 19 channels),combined_eeg,child_adhd_48,child_adhd_48,1,Integrated Gradients,mean of training epochs after training-only channel standardization,ADHD positive class (sigmoid output = 1),31415,25,4,Fp1,0.0001551535970065,0.0002818142529577,0.9522741436958312
CNN,Results\CleanDeepBenchmark\combined_holdout\CNN\cnn_model.keras,training-standardized raw EEG epoch (time x 19 channels),combined_eeg,child_adhd_48,child_adhd_48,1,Integrated Gradients,mean of training epochs after training-only channel standardization,ADHD positive class (sigmoid output = 1),31415,25,4,Fp2,0.0001661562710069,0.0003814936208073,0.9522741436958312
CNN,Results\CleanDeepBenchmark\combined_holdout\CNN\cnn_model.keras,training-standardized raw EEG epoch (time x 19 channels),combined_eeg,child_adhd_48,child_adhd_48,1,Integrated Gradients,mean of training epochs after training-only channel standardization,ADHD positive class (sigmoid output = 1),31415,25,4,F3,-0.0004946897970512,0.0005815757322125,0.9522741436958312
CNN,Results\CleanDeepBenchmark\combined_holdout\CNN\cnn_model.keras,training-standardized raw EEG epoch (time x 19 channels),combined_eeg,child_adhd_48,child_adhd_48,1,Integrated Gradients,mean of training epochs after training-only channel standardization,ADHD positive class (sigmoid output = 1),31415,25,4,F4,0.0006122036138549,0.0007296411786228,0.9522741436958312
CNN,Results\CleanDeepBenchmark\combined_holdout\CNN\cnn_model.keras,training-standardized raw EEG epoch (time x 19 channels),combined_eeg,child_adhd_48,child_adhd_48,1,Integrated Gradients,mean of training epochs after training-only channel standardization,ADHD positive class (sigmoid output = 1),31415,25,4,C3,0.0002599332074169,0.0003630399296525,0.9522741436958312
CNN,Results\CleanDeepBenchmark\combined_holdout\CNN\cnn_model.keras,training-standardized raw EEG epoch (time x 19 channels),combined_eeg,child_adhd_48,child_adhd_48,1,Integrated Gradients,mean of training epochs after training-only channel standardization,ADHD positive class (sigmoid output = 1),31415,25,4,C4,0.0004026719834655,0.0006115329451858,0.9522741436958312
CNN,Results\CleanDeepBenchmark\combined_holdout\CNN\cnn_model.keras,training-standardized raw EEG epoch (time x 19 channels),combined_eeg,child_adhd_48,child_adhd_48,1,Integrated Gradients,mean of training epochs after training-only channel standardization,ADHD positive class (sigmoid output = 1),31415,25,4,P3,0.0002566503244452,0.0003208706330042,0.9522741436958312
CNN,Results\CleanDeepBenchmark\combined_holdout\CNN\cnn_model.keras,training-standardized raw EEG epoch (time x 19 channels),combined_eeg,child_adhd_48,child_adhd_48,1,Integrated Gradients,mean of training epochs after training-only channel standardization,ADHD positive class (sigmoid output = 1),31415,25,4,P4,0.0004358012520242,0.0007317576091736,0.9522741436958312
CNN,Results\CleanDeepBenchmark\combined_holdout\CNN\cnn_model.keras,training-standardized raw EEG epoch (time x 19 channels),combined_eeg,child_adhd_48,child_adhd_48,1,Integrated Gradients,mean of training epochs after training-only channel standardization,ADHD positive class (sigmoid output = 1),31415,25,4,O1,0.0004225187003612,0.0004490351420827,0.9522741436958312
CNN,Results\CleanDeepBenchmark\combined_holdout\CNN\cnn_model.keras,training-standardized raw EEG epoch (time x 19 channels),combined_eeg,child_adhd_48,child_adhd_48,1,Integrated Gradients,mean of training epochs after training-only channel standardization,ADHD positive class (sigmoid output = 1),31415,25,4,O2,0.0001082726230379,0.0003758880484383,0.9522741436958312
CNN,Results\CleanDeepBenchmark\combined_holdout\CNN\cnn_model.keras,training-standardized raw EEG epoch (time x 19 channels),combined_eeg,child_adhd_48,child_adhd_48,1,Integrated Gradients,mean of training epochs after training-only channel standardization,ADHD positive class (sigmoid output = 1),31415,25,4,F7,9.611083078198136e-05,0.0002987356856465,0.9522741436958312
CNN,Results\CleanDeepBenchmark\combined_holdout\CNN\cnn_model.keras,training-standardized raw EEG epoch (time x 19 channels),combined_eeg,child_adhd_48,child_adhd_48,1,Integrated Gradients,mean of training epochs after training-only channel standardization,ADHD positive class (sigmoid output = 1),31415,25,4,F8,-0.0003314177447464,0.0004332070238888,0.9522741436958312
CNN,Results\CleanDeepBenchmark\combined_holdout\CNN\cnn_model.keras,training-standardized raw EEG epoch (time x 19 channels),combined_eeg,child_adhd_48,child_adhd_48,1,Integrated Gradients,mean of training epochs after training-only channel standardization,ADHD positive class (sigmoid output = 1),31415,25,4,T7,0.0001264686725335,0.0002236139844171,0.9522741436958312
CNN,Results\CleanDeepBenchmark\combined_holdout\CNN\cnn_model.keras,training-standardized raw EEG epoch (time x 19 channels),combined_eeg,child_adhd_48,child_adhd_48,1,Integrated Gradients,mean of training epochs after training-only channel standardization,ADHD positive class (sigmoid output = 1),31415,25,4,T8,-0.0005852414178662,0.0006510426755994,0.9522741436958312
CNN,Results\CleanDeepBenchmark\combined_holdout\CNN\cnn_model.keras,training-standardized raw EEG epoch (time x 19 channels),combined_eeg,child_adhd_48,child_adhd_48,1,Integrated Gradients,mean of training epochs after training-only channel standardization,ADHD positive class (sigmoid output = 1),31415,25,4,P7,-0.0001631236518733,0.0002359219652134,0.9522741436958312
CNN,Results\CleanDeepBenchmark\combined_holdout\CNN\cnn_model.keras,training-standardized raw EEG epoch (time x 19 channels),combined_eeg,child_adhd_48,child_adhd_48,1,Integrated Gradients,mean of training epochs after training-only channel standardization,ADHD positive class (sigmoid output = 1),31415,25,4,P8,-0.0003269554290454,0.0004888490657322,0.9522741436958312
CNN,Results\CleanDeepBenchmark\combined_holdout\CNN\cnn_model.keras,training-standardized raw EEG epoch (time x 19 channels),combined_eeg,child_adhd_48,child_adhd_48,1,Integrated Gradients,mean of training epochs after training-only channel standardization,ADHD positive class (sigmoid output = 1),31415,25,4,Fz,0.0007995888590812,0.0008193889516405,0.9522741436958312
CNN,Results\CleanDeepBenchmark\combined_holdout\CNN\cnn_model.keras,training-standardized raw EEG epoch (time x 19 channels),combined_eeg,child_adhd_48,child_adhd_48,1,Integrated Gradients,mean of training epochs after training-only channel standardization,ADHD positive class (sigmoid output = 1),31415,25,4,Cz,-3.144623042317107e-05,0.0007308343774639,0.9522741436958312
CNN,Results\CleanDeepBenchmark\combined_holdout\CNN\cnn_model.keras,training-standardized raw EEG epoch (time x 19 channels),combined_eeg,child_adhd_48,child_adhd_48,1,Integrated Gradients,mean of training epochs after training-only channel standardization,ADHD positive class (sigmoid output = 1),31415,25,4,Pz,-0.0003523161285556,0.0004109664005227,0.9522741436958312
CNN,Results\CleanDeepBenchmark\combined_holdout\CNN\cnn_model.keras,training-standardized raw EEG epoch (time x 19 channels),combined_eeg,child_control_52,child_control_52,0,Integrated Gradients,mean of training epochs after training-only channel standardization,ADHD positive class (sigmoid output = 1),31415,33,4,Fp1,0.000141714073834,0.0002696636656764,0.7270404100418091
CNN,Results\CleanDeepBenchmark\combined_holdout\CNN\cnn_model.keras,training-standardized raw EEG epoch (time x 19 channels),combined_eeg,child_control_52,child_control_52,0,Integrated Gradients,mean of training epochs after training-only channel standardization,ADHD positive class (sigmoid output = 1),31415,33,4,Fp2,1.7686490537016653e-05,0.0005294213769957,0.7270404100418091
CNN,Results\CleanDeepBenchmark\combined_holdout\CNN\cnn_model.keras,training-standardized raw EEG epoch (time x 19 channels),combined_eeg,child_control_52,child_control_52,0,Integrated Gradients,mean of training epochs after training-only channel standardization,ADHD positive class (sigmoid output = 1),31415,33,4,F3,-0.0006132971029728,0.0006971961120143,0.7270404100418091
CNN,Results\CleanDeepBenchmark\combined_holdout\CNN\cnn_model.keras,training-standardized raw EEG epoch (time x 19 channels),combined_eeg,child_control_52,child_control_52,0,Integrated Gradients,mean of training epochs after training-only channel standardization,ADHD positive class (sigmoid output = 1),31415,33,4,F4,0.0017681093886494,0.001892508007586,0.7270404100418091
CNN,Results\CleanDeepBenchmark\combined_holdout\CNN\cnn_model.keras,training-standardized raw EEG epoch (time x 19 channels),combined_eeg,child_control_52,child_control_52,0,Integrated Gradients,mean of training epochs after training-only channel standardization,ADHD positive class (sigmoid output = 1),31415,33,4,C3,0.0003424286260269,0.0004812887927982,0.7270404100418091
CNN,Results\CleanDeepBenchmark\combined_holdout\CNN\cnn_model.keras,training-standardized raw EEG epoch (time x 19 channels),combined_eeg,child_control_52,child_control_52,0,Integrated Gradients,mean of training epochs after training-only channel standardization,ADHD positive class (sigmoid output = 1),31415,33,4,C4,0.0005741340573877,0.0008560710703022,0.7270404100418091
CNN,Results\CleanDeepBenchmark\combined_holdout\CNN\cnn_model.keras,training-standardized raw EEG epoch (time x 19 channels),combined_eeg,child_control_52,child_control_52,0,Integrated Gradients,mean of training epochs after training-only channel standardization,ADHD positive class (sigmoid output = 1),31415,33,4,P3,0.0003137668827548,0.0004490804276429,0.7270404100418091
CNN,Results\CleanDeepBenchmark\combined_holdout\CNN\cnn_model.keras,training-standardized raw EEG epoch (time x 19 channels),combined_eeg,child_control_52,child_control_52,0,Integrated Gradients,mean of training epochs after training-only channel standardization,ADHD positive class (sigmoid output = 1),31415,33,4,P4,-0.0001836908486438,0.0012917092535644,0.7270404100418091
CNN,Results\CleanDeepBenchmark\combined_holdout\CNN\cnn_model.keras,training-standardized raw EEG epoch (time x 19 channels),combined_eeg,child_control_52,child_control_52,0,Integrated Gradients,mean of training epochs after training-only channel standardization,ADHD positive class (sigmoid output = 1),31415,33,4,O1,0.0005338706541806,0.0006557722226716,0.7270404100418091
CNN,Results\CleanDeepBenchmark\combined_holdout\CNN\cnn_model.keras,training-standardized raw EEG epoch (time x 19 channels),combined_eeg,child_control_52,child_control_52,0,Integrated Gradients,mean of training epochs after training-only channel standardization,ADHD positive class (sigmoid output = 1),31415,33,4,O2,-1.0286817996529862e-05,0.0006898109568282,0.7270404100418091
CNN,Results\CleanDeepBenchmark\combined_holdout\CNN\cnn_model.keras,training-standardized raw EEG epoch (time x 19 channels),combined_eeg,child_control_52,child_control_52,0,Integrated Gradients,mean of training epochs after training-only channel standardization,ADHD positive class (sigmoid output = 1),31415,33,4,F7,2.382862476224545e-05,0.0002955714007839,0.7270404100418091
CNN,Results\CleanDeepBenchmark\combined_holdout\CNN\cnn_model.keras,training-standardized raw EEG epoch (time x 19 channels),combined_eeg,child_control_52,child_control_52,0,Integrated Gradients,mean of training epochs after training-only channel standardization,ADHD positive class (sigmoid output = 1),31415,33,4,F8,-0.0007545731496065,0.0010525503894314,0.7270404100418091
CNN,Results\CleanDeepBenchmark\combined_holdout\CNN\cnn_model.keras,training-standardized raw EEG epoch (time x 19 channels),combined_eeg,child_control_52,child_control_52,0,Integrated Gradients,mean of training epochs after training-only channel standardization,ADHD positive class (sigmoid output = 1),31415,33,4,T7,0.0001476983306929,0.00028079727781,0.7270404100418091
CNN,Results\CleanDeepBenchmark\combined_holdout\CNN\cnn_model.keras,training-standardized raw EEG epoch (time x 19 channels),combined_eeg,child_control_52,child_control_52,0,Integrated Gradients,mean of training epochs after training-only channel standardization,ADHD positive class (sigmoid output = 1),31415,33,4,T8,-0.0009090575040318,0.0010205496801063,0.7270404100418091
CNN,Results\CleanDeepBenchmark\combined_holdout\CNN\cnn_model.keras,training-standardized raw EEG epoch (time x 19 channels),combined_eeg,child_control_52,child_control_52,0,Integrated Gradients,mean of training epochs after training-only channel standardization,ADHD positive class (sigmoid output = 1),31415,33,4,P7,-0.0002902567212004,0.0003793337382376,0.7270404100418091
CNN,Results\CleanDeepBenchmark\combined_holdout\CNN\cnn_model.keras,training-standardized raw EEG epoch (time x 19 channels),combined_eeg,child_control_52,child_control_52,0,Integrated Gradients,mean of training epochs after training-only channel standardization,ADHD positive class (sigmoid output = 1),31415,33,4,P8,-0.0012199725024402,0.0015111537650227,0.7270404100418091
CNN,Results\CleanDeepBenchmark\combined_holdout\CNN\cnn_model.keras,training-standardized raw EEG epoch (time x 19 channels),combined_eeg,child_control_52,child_control_52,0,Integrated Gradients,mean of training epochs after training-only channel standardization,ADHD positive class (sigmoid output = 1),31415,33,4,Fz,0.0008766881655901,0.0009044375037774,0.7270404100418091
CNN,Results\CleanDeepBenchmark\combined_holdout\CNN\cnn_model.keras,training-standardized raw EEG epoch (time x 19 channels),combined_eeg,child_control_52,child_control_52,0,Integrated Gradients,mean of training epochs after training-only channel standardization,ADHD positive class (sigmoid output = 1),31415,33,4,Cz,0.0007426481461152,0.001506604719907,0.7270404100418091
CNN,Results\CleanDeepBenchmark\combined_holdout\CNN\cnn_model.keras,training-standardized raw EEG epoch (time x 19 channels),combined_eeg,child_control_52,child_control_52,0,Integrated Gradients,mean of training epochs after training-only channel standardization,ADHD positive class (sigmoid output = 1),31415,33,4,Pz,-0.000389122928027,0.0005602966994047,0.7270404100418091
CNN,Results\CleanDeepBenchmark\combined_holdout\CNN\cnn_model.keras,training-standardized raw EEG epoch (time x 19 channels),combined_eeg,child_control_60,child_control_60,0,Integrated Gradients,mean of training epochs after training-only channel standardization,ADHD positive class (sigmoid output = 1),31415,33,4,Fp1,8.231902029365301e-05,0.0002089199842885,0.9466285109519958
CNN,Results\CleanDeepBenchmark\combined_holdout\CNN\cnn_model.keras,training-standardized raw EEG epoch (time x 19 channels),combined_eeg,child_control_60,child_control_60,0,Integrated Gradients,mean of training epochs after training-only channel standardization,ADHD positive class (sigmoid output = 1),31415,33,4,Fp2,-1.6343998140655458e-05,0.0001846454979386,0.9466285109519958
CNN,Results\CleanDeepBenchmark\combined_holdout\CNN\cnn_model.keras,training-standardized raw EEG epoch (time x 19 channels),combined_eeg,child_control_60,child_control_60,0,Integrated Gradients,mean of training epochs after training-only channel standardization,ADHD positive class (sigmoid output = 1),31415,33,4,F3,-0.0005120257847011,0.00056490348652,0.9466285109519958
CNN,Results\CleanDeepBenchmark\combined_holdout\CNN\cnn_model.keras,training-standardized raw EEG epoch (time x 19 channels),combined_eeg,child_control_60,child_control_60,0,Integrated Gradients,mean of training epochs after training-only channel standardization,ADHD positive class (sigmoid output = 1),31415,33,4,F4,0.0004893183941021,0.0005306208622641,0.9466285109519958
CNN,Results\CleanDeepBenchmark\combined_holdout\CNN\cnn_model.keras,training-standardized raw EEG epoch (time x 19 channels),combined_eeg,child_control_60,child_control_60,0,Integrated Gradients,mean of training epochs after training-only channel standardization,ADHD positive class (sigmoid output = 1),31415,33,4,C3,0.0002726662787608,0.0003494872944429,0.9466285109519958
CNN,Results\CleanDeepBenchmark\combined_holdout\CNN\cnn_model.keras,training-standardized raw EEG epoch (time x 19 channels),combined_eeg,child_control_60,child_control_60,0,Integrated Gradients,mean of training epochs after training-only channel standardization,ADHD positive class (sigmoid output = 1),31415,33,4,C4,0.0003492863324936,0.000545730581507,0.9466285109519958
CNN,Results\CleanDeepBenchmark\combined_holdout\CNN\cnn_model.keras,training-standardized raw EEG epoch (time x 19 channels),combined_eeg,child_control_60,child_control_60,0,Integrated Gradients,mean of training epochs after training-only channel standardization,ADHD positive class (sigmoid output = 1),31415,33,4,P3,0.0002982217702083,0.0003650411963462,0.9466285109519958
CNN,Results\CleanDeepBenchmark\combined_holdout\CNN\cnn_model.keras,training-standardized raw EEG epoch (time x 19 channels),combined_eeg,child_control_60,child_control_60,0,Integrated Gradients,mean of training epochs after training-only channel standardization,ADHD positive class (sigmoid output = 1),31415,33,4,P4,0.0005163614405319,0.0005558904958888,0.9466285109519958
CNN,Results\CleanDeepBenchmark\combined_holdout\CNN\cnn_model.keras,training-standardized raw EEG epoch (time x 19 channels),combined_eeg,child_control_60,child_control_60,0,Integrated Gradients,mean of training epochs after training-only channel standardization,ADHD positive class (sigmoid output = 1),31415,33,4,O1,0.0004417302261572,0.0005033598863519,0.9466285109519958
CNN,Results\CleanDeepBenchmark\combined_holdout\CNN\cnn_model.keras,training-standardized raw EEG epoch (time x 19 channels),combined_eeg,child_control_60,child_control_60,0,Integrated Gradients,mean of training epochs after training-only channel standardization,ADHD positive class (sigmoid output = 1),31415,33,4,O2,0.0001457393955206,0.0002945998858194,0.9466285109519958
CNN,Results\CleanDeepBenchmark\combined_holdout\CNN\cnn_model.keras,training-standardized raw EEG epoch (time x 19 channels),combined_eeg,child_control_60,child_control_60,0,Integrated Gradients,mean of training epochs after training-only channel standardization,ADHD positive class (sigmoid output = 1),31415,33,4,F7,0.0001922692463267,0.000281075190287,0.9466285109519958
CNN,Results\CleanDeepBenchmark\combined_holdout\CNN\cnn_model.keras,training-standardized raw EEG epoch (time x 19 channels),combined_eeg,child_control_60,child_control_60,0,Integrated Gradients,mean of training epochs after training-only channel standardization,ADHD positive class (sigmoid output = 1),31415,33,4,F8,-0.0003753901692107,0.0004062576917931,0.9466285109519958
CNN,Results\CleanDeepBenchmark\combined_holdout\CNN\cnn_model.keras,training-standardized raw EEG epoch (time x 19 channels),combined_eeg,child_control_60,child_control_60,0,Integrated Gradients,mean of training epochs after training-only channel standardization,ADHD positive class (sigmoid output = 1),31415,33,4,T7,-4.386090222396888e-05,0.0002505006850697,0.9466285109519958
CNN,Results\CleanDeepBenchmark\combined_holdout\CNN\cnn_model.keras,training-standardized raw EEG epoch (time x 19 channels),combined_eeg,child_control_60,child_control_60,0,Integrated Gradients,mean of training epochs after training-only channel standardization,ADHD positive class (sigmoid output = 1),31415,33,4,T8,-0.0002064321597572,0.0005502600688487,0.9466285109519958
CNN,Results\CleanDeepBenchmark\combined_holdout\CNN\cnn_model.keras,training-standardized raw EEG epoch (time x 19 channels),combined_eeg,child_control_60,child_control_60,0,Integrated Gradients,mean of training epochs after training-only channel standardization,ADHD positive class (sigmoid output = 1),31415,33,4,P7,-0.0002030498726526,0.0002707914973143,0.9466285109519958
CNN,Results\CleanDeepBenchmark\combined_holdout\CNN\cnn_model.keras,training-standardized raw EEG epoch (time x 19 channels),combined_eeg,child_control_60,child_control_60,0,Integrated Gradients,mean of training epochs after training-only channel standardization,ADHD positive class (sigmoid output = 1),31415,33,4,P8,-0.0001077794877346,0.0003407926706131,0.9466285109519958
CNN,Results\CleanDeepBenchmark\combined_holdout\CNN\cnn_model.keras,training-standardized raw EEG epoch (time x 19 channels),combined_eeg,child_control_60,child_control_60,0,Integrated Gradients,mean of training epochs after training-only channel standardization,ADHD positive class (sigmoid output = 1),31415,33,4,Fz,0.0006769340252503,0.0007009680266492,0.9466285109519958
CNN,Results\CleanDeepBenchmark\combined_holdout\CNN\cnn_model.keras,training-standardized raw EEG epoch (time x 19 channels),combined_eeg,child_control_60,child_control_60,0,Integrated Gradients,mean of training epochs after training-only channel standardization,ADHD positive class (sigmoid output = 1),31415,33,4,Cz,-6.416185351554304e-05,0.0005734515725634,0.9466285109519958
CNN,Results\CleanDeepBenchmark\combined_holdout\CNN\cnn_model.keras,training-standardized raw EEG epoch (time x 19 channels),combined_eeg,child_control_60,child_control_60,0,Integrated Gradients,mean of training epochs after training-only channel standardization,ADHD positive class (sigmoid output = 1),31415,33,4,Pz,-0.0003767694579437,0.0004286642943043,0.9466285109519958
CNN,Results\CleanDeepBenchmark\combined_holdout\CNN\cnn_model.keras,training-standardized raw EEG epoch (time x 19 channels),combined_eeg,child_control_15,child_control_15,0,Integrated Gradients,mean of training epochs after training-only channel standardization,ADHD positive class (sigmoid output = 1),31415,20,4,Fp1,0.000112544876174,0.0002910623443312,0.865013837814331
CNN,Results\CleanDeepBenchmark\combined_holdout\CNN\cnn_model.keras,training-standardized raw EEG epoch (time x 19 channels),combined_eeg,child_control_15,child_control_15,0,Integrated Gradients,mean of training epochs after training-only channel standardization,ADHD positive class (sigmoid output = 1),31415,20,4,Fp2,-0.0001080500296666,0.0003217080375179,0.865013837814331
CNN,Results\CleanDeepBenchmark\combined_holdout\CNN\cnn_model.keras,training-standardized raw EEG epoch (time x 19 channels),combined_eeg,child_control_15,child_control_15,0,Integrated Gradients,mean of training epochs after training-only channel standardization,ADHD positive class (sigmoid output = 1),31415,20,4,F3,-0.0008511498454026,0.0008793218876235,0.865013837814331
CNN,Results\CleanDeepBenchmark\combined_holdout\CNN\cnn_model.keras,training-standardized raw EEG epoch (time x 19 channels),combined_eeg,child_control_15,child_control_15,0,Integrated Gradients,mean of training epochs after training-only channel standardization,ADHD positive class (sigmoid output = 1),31415,20,4,F4,0.0007262051803991,0.0007916438626125,0.865013837814331
CNN,Results\CleanDeepBenchmark\combined_holdout\CNN\cnn_model.keras,training-standardized raw EEG epoch (time x 19 channels),combined_eeg,child_control_15,child_control_15,0,Integrated Gradients,mean of training epochs after training-only channel standardization,ADHD positive class (sigmoid output = 1),31415,20,4,C3,0.0004000948974862,0.0005153961246833,0.865013837814331
CNN,Results\CleanDeepBenchmark\combined_holdout\CNN\cnn_model.keras,training-standardized raw EEG epoch (time x 19 channels),combined_eeg,child_control_15,child_control_15,0,Integrated Gradients,mean of training epochs after training-only channel standardization,ADHD positive class (sigmoid output = 1),31415,20,4,C4,0.0004086758126504,0.0005168725037947,0.865013837814331
CNN,Results\CleanDeepBenchmark\combined_holdout\CNN\cnn_model.keras,training-standardized raw EEG epoch (time x 19 channels),combined_eeg,child_control_15,child_control_15,0,Integrated Gradients,mean of training epochs after training-only channel standardization,ADHD positive class (sigmoid output = 1),31415,20,4,P3,0.0003794720396399,0.0004548496799543,0.865013837814331
CNN,Results\CleanDeepBenchmark\combined_holdout\CNN\cnn_model.keras,training-standardized raw EEG epoch (time x 19 channels),combined_eeg,child_control_15,child_control_15,0,Integrated Gradients,mean of training epochs after training-only channel standardization,ADHD positive class (sigmoid output = 1),31415,20,4,P4,0.0006884679896757,0.0007822143961675,0.865013837814331
CNN,Results\CleanDeepBenchmark\combined_holdout\CNN\cnn_model.keras,training-standardized raw EEG epoch (time x 19 channels),combined_eeg,child_control_15,child_control_15,0,Integrated Gradients,mean of training epochs after training-only channel standardization,ADHD positive class (sigmoid output = 1),31415,20,4,O1,0.0006481304299086,0.0006851309444755,0.865013837814331
CNN,Results\CleanDeepBenchmark\combined_holdout\CNN\cnn_model.keras,training-standardized raw EEG epoch (time x 19 channels),combined_eeg,child_control_15,child_control_15,0,Integrated Gradients,mean of training epochs after training-only channel standardization,ADHD positive class (sigmoid output = 1),31415,20,4,O2,7.137125066947192e-05,0.0003744666755665,0.865013837814331
CNN,Results\CleanDeepBenchmark\combined_holdout\CNN\cnn_model.keras,training-standardized raw EEG epoch (time x 19 channels),combined_eeg,child_control_15,child_control_15,0,Integrated Gradients,mean of training epochs after training-only channel standardization,ADHD positive class (sigmoid output = 1),31415,20,4,F7,0.0002254332066513,0.0003846383769996,0.865013837814331
CNN,Results\CleanDeepBenchmark\combined_holdout\CNN\cnn_model.keras,training-standardized raw EEG epoch (time x 19 channels),combined_eeg,child_control_15,child_control_15,0,Integrated Gradients,mean of training epochs after training-only channel standardization,ADHD positive class (sigmoid output = 1),31415,20,4,F8,-0.0005649161757901,0.0006552009144797,0.865013837814331
CNN,Results\CleanDeepBenchmark\combined_holdout\CNN\cnn_model.keras,training-standardized raw EEG epoch (time x 19 channels),combined_eeg,child_control_15,child_control_15,0,Integrated Gradients,mean of training epochs after training-only channel standardization,ADHD positive class (sigmoid output = 1),31415,20,4,T7,8.407968562096357e-05,0.000280987645965,0.865013837814331
CNN,Results\CleanDeepBenchmark\combined_holdout\CNN\cnn_model.keras,training-standardized raw EEG epoch (time x 19 channels),combined_eeg,child_control_15,child_control_15,0,Integrated Gradients,mean of training epochs after training-only channel standardization,ADHD positive class (sigmoid output = 1),31415,20,4,T8,-0.0006759652751497,0.0007479356136173,0.865013837814331
CNN,Results\CleanDeepBenchmark\combined_holdout\CNN\cnn_model.keras,training-standardized raw EEG epoch (time x 19 channels),combined_eeg,child_control_15,child_control_15,0,Integrated Gradients,mean of training epochs after training-only channel standardization,ADHD positive class (sigmoid output = 1),31415,20,4,P7,-0.0002743469376582,0.0003690485318657,0.865013837814331
CNN,Results\CleanDeepBenchmark\combined_holdout\CNN\cnn_model.keras,training-standardized raw EEG epoch (time x 19 channels),combined_eeg,child_control_15,child_control_15,0,Integrated Gradients,mean of training epochs after training-only channel standardization,ADHD positive class (sigmoid output = 1),31415,20,4,P8,-0.0003149872645735,0.0004198892274871,0.865013837814331
CNN,Results\CleanDeepBenchmark\combined_holdout\CNN\cnn_model.keras,training-standardized raw EEG epoch (time x 19 channels),combined_eeg,child_control_15,child_control_15,0,Integrated Gradients,mean of training epochs after training-only channel standardization,ADHD positive class (sigmoid output = 1),31415,20,4,Fz,0.0011438701767474,0.0011548660695552,0.865013837814331
CNN,Results\CleanDeepBenchmark\combined_holdout\CNN\cnn_model.keras,training-standardized raw EEG epoch (time x 19 channels),combined_eeg,child_control_15,child_control_15,0,Integrated Gradients,mean of training epochs after training-only channel standardization,ADHD positive class (sigmoid output = 1),31415,20,4,Cz,-0.0002575059770606,0.0006020730361342,0.865013837814331
CNN,Results\CleanDeepBenchmark\combined_holdout\CNN\cnn_model.keras,training-standardized raw EEG epoch (time x 19 channels),combined_eeg,child_control_15,child_control_15,0,Integrated Gradients,mean of training epochs after training-only channel standardization,ADHD positive class (sigmoid output = 1),31415,20,4,Pz,-0.0004478275659494,0.0005539353005588,0.865013837814331
LSTM,Results\CleanDeepBenchmark\combined_holdout\LSTM\lstm_model.keras,training-standardized raw EEG epoch (time x 19 channels),combined_eeg,child_adhd_40,child_adhd_40,1,Integrated Gradients,mean of training epochs after training-only channel standardization,ADHD positive class (sigmoid output = 1),42,38,2,Fp1,-3.5330715036252514e-05,4.2710638808785006e-05,0.6496288776397705
LSTM,Results\CleanDeepBenchmark\combined_holdout\LSTM\lstm_model.keras,training-standardized raw EEG epoch (time x 19 channels),combined_eeg,child_adhd_40,child_adhd_40,1,Integrated Gradients,mean of training epochs after training-only channel standardization,ADHD positive class (sigmoid output = 1),42,38,2,Fp2,-4.1378581954631954e-05,4.3201918742852286e-05,0.6496288776397705
LSTM,Results\CleanDeepBenchmark\combined_holdout\LSTM\lstm_model.keras,training-standardized raw EEG epoch (time x 19 channels),combined_eeg,child_adhd_40,child_adhd_40,1,Integrated Gradients,mean of training epochs after training-only channel standardization,ADHD positive class (sigmoid output = 1),42,38,2,F3,-3.5608751204563305e-05,3.950897007598542e-05,0.6496288776397705
LSTM,Results\CleanDeepBenchmark\combined_holdout\LSTM\lstm_model.keras,training-standardized raw EEG epoch (time x 19 channels),combined_eeg,child_adhd_40,child_adhd_40,1,Integrated Gradients,mean of training epochs after training-only channel standardization,ADHD positive class (sigmoid output = 1),42,38,2,F4,-0.00014034357445780188,0.00015538827574346215,0.6496288776397705
LSTM,Results\CleanDeepBenchmark\combined_holdout\LSTM\lstm_model.keras,training-standardized raw EEG epoch (time x 19 channels),combined_eeg,child_adhd_40,child_adhd_40,1,Integrated Gradients,mean of training epochs after training-only channel standardization,ADHD positive class (sigmoid output = 1),42,38,2,C3,-6.919369479874149e-05,7.619778625667095e-05,0.6496288776397705
LSTM,Results\CleanDeepBenchmark\combined_holdout\LSTM\lstm_model.keras,training-standardized raw EEG epoch (time x 19 channels),combined_eeg,child_adhd_40,child_adhd_40,1,Integrated Gradients,mean of training epochs after training-only channel standardization,ADHD positive class (sigmoid output = 1),42,38,2,C4,-5.689961471944116e-05,8.206577331293374e-05,0.6496288776397705
LSTM,Results\CleanDeepBenchmark\combined_holdout\LSTM\lstm_model.keras,training-standardized raw EEG epoch (time x 19 channels),combined_eeg,child_adhd_40,child_adhd_40,1,Integrated Gradients,mean of training epochs after training-only channel standardization,ADHD positive class (sigmoid output = 1),42,38,2,P3,2.0011168089695275e-05,3.832330185105093e-05,0.6496288776397705
LSTM,Results\CleanDeepBenchmark\combined_holdout\LSTM\lstm_model.keras,training-standardized raw EEG epoch (time x 19 channels),combined_eeg,child_adhd_40,child_adhd_40,1,Integrated Gradients,mean of training epochs after training-only channel standardization,ADHD positive class (sigmoid output = 1),42,38,2,P4,8.02151407697238e-05,9.666132245911285e-05,0.6496288776397705
LSTM,Results\CleanDeepBenchmark\combined_holdout\LSTM\lstm_model.keras,training-standardized raw EEG epoch (time x 19 channels),combined_eeg,child_adhd_40,child_adhd_40,1,Integrated Gradients,mean of training epochs after training-only channel standardization,ADHD positive class (sigmoid output = 1),42,38,2,O1,-3.372954233782366e-05,4.27400300395675e-05,0.6496288776397705
LSTM,Results\CleanDeepBenchmark\combined_holdout\LSTM\lstm_model.keras,training-standardized raw EEG epoch (time x 19 channels),combined_eeg,child_adhd_40,child_adhd_40,1,Integrated Gradients,mean of training epochs after training-only channel standardization,ADHD positive class (sigmoid output = 1),42,38,2,O2,8.435925701633096e-05,0.00010662564454833046,0.6496288776397705
LSTM,Results\CleanDeepBenchmark\combined_holdout\LSTM\lstm_model.keras,training-standardized raw EEG epoch (time x 19 channels),combined_eeg,child_adhd_40,child_adhd_40,1,Integrated Gradients,mean of training epochs after training-only channel standardization,ADHD positive class (sigmoid output = 1),42,38,2,F7,-8.723312021174934e-06,3.564267899491824e-05,0.6496288776397705
LSTM,Results\CleanDeepBenchmark\combined_holdout\LSTM\lstm_model.keras,training-standardized raw EEG epoch (time x 19 channels),combined_eeg,child_adhd_40,child_adhd_40,1,Integrated Gradients,mean of training epochs after training-only channel standardization,ADHD positive class (sigmoid output = 1),42,38,2,F8,-2.2066689780331217e-05,3.254341572755948e-05,0.6496288776397705
LSTM,Results\CleanDeepBenchmark\combined_holdout\LSTM\lstm_model.keras,training-standardized raw EEG epoch (time x 19 channels),combined_eeg,child_adhd_40,child_adhd_40,1,Integrated Gradients,mean of training epochs after training-only channel standardization,ADHD positive class (sigmoid output = 1),42,38,2,T7,9.696592314867303e-06,1.6430110918008722e-05,0.6496288776397705
LSTM,Results\CleanDeepBenchmark\combined_holdout\LSTM\lstm_model.keras,training-standardized raw EEG epoch (time x 19 channels),combined_eeg,child_adhd_40,child_adhd_40,1,Integrated Gradients,mean of training epochs after training-only channel standardization,ADHD positive class (sigmoid output = 1),42,38,2,T8,0.00010360156738897786,0.00010710584319895133,0.6496288776397705
LSTM,Results\CleanDeepBenchmark\combined_holdout\LSTM\lstm_model.keras,training-standardized raw EEG epoch (time x 19 channels),combined_eeg,child_adhd_40,child_adhd_40,1,Integrated Gradients,mean of training epochs after training-only channel standardization,ADHD positive class (sigmoid output = 1),42,38,2,P7,6.883768946863711e-05,7.143049879232422e-05,0.6496288776397705
LSTM,Results\CleanDeepBenchmark\combined_holdout\LSTM\lstm_model.keras,training-standardized raw EEG epoch (time x 19 channels),combined_eeg,child_adhd_40,child_adhd_40,1,Integrated Gradients,mean of training epochs after training-only channel standardization,ADHD positive class (sigmoid output = 1),42,38,2,P8,4.9290147217107005e-06,2.5354838726343587e-05,0.6496288776397705
LSTM,Results\CleanDeepBenchmark\combined_holdout\LSTM\lstm_model.keras,training-standardized raw EEG epoch (time x 19 channels),combined_eeg,child_adhd_40,child_adhd_40,1,Integrated Gradients,mean of training epochs after training-only channel standardization,ADHD positive class (sigmoid output = 1),42,38,2,Fz,-4.957651981385425e-05,5.969341509626247e-05,0.6496288776397705
LSTM,Results\CleanDeepBenchmark\combined_holdout\LSTM\lstm_model.keras,training-standardized raw EEG epoch (time x 19 channels),combined_eeg,child_adhd_40,child_adhd_40,1,Integrated Gradients,mean of training epochs after training-only channel standardization,ADHD positive class (sigmoid output = 1),42,38,2,Cz,-6.499940354842693e-05,7.343226025113836e-05,0.6496288776397705
LSTM,Results\CleanDeepBenchmark\combined_holdout\LSTM\lstm_model.keras,training-standardized raw EEG epoch (time x 19 channels),combined_eeg,child_adhd_40,child_adhd_40,1,Integrated Gradients,mean of training epochs after training-only channel standardization,ADHD positive class (sigmoid output = 1),42,38,2,Pz,-3.472687603789382e-05,3.6589619412552565e-05,0.6496288776397705
LSTM,Results\CleanDeepBenchmark\combined_holdout\LSTM\lstm_model.keras,training-standardized raw EEG epoch (time x 19 channels),combined_eeg,adult_adhd_8,adult_adhd_8,1,Integrated Gradients,mean of training epochs after training-only channel standardization,ADHD positive class (sigmoid output = 1),42,614,2,Fp1,1.1040314120691619e-06,2.917943902502884e-06,0.7450405359268188
LSTM,Results\CleanDeepBenchmark\combined_holdout\LSTM\lstm_model.keras,training-standardized raw EEG epoch (time x 19 channels),combined_eeg,adult_adhd_8,adult_adhd_8,1,Integrated Gradients,mean of training epochs after training-only channel standardization,ADHD positive class (sigmoid output = 1),42,614,2,Fp2,2.505456222934299e-06,2.505456222934299e-06,0.7450405359268188
LSTM,Results\CleanDeepBenchmark\combined_holdout\LSTM\lstm_model.keras,training-standardized raw EEG epoch (time x 19 channels),combined_eeg,adult_adhd_8,adult_adhd_8,1,Integrated Gradients,mean of training epochs after training-only channel standardization,ADHD positive class (sigmoid output = 1),42,614,2,F3,2.083697609123192e-06,2.6498532861296553e-06,0.7450405359268188
LSTM,Results\CleanDeepBenchmark\combined_holdout\LSTM\lstm_model.keras,training-standardized raw EEG epoch (time x 19 channels),combined_eeg,adult_adhd_8,adult_adhd_8,1,Integrated Gradients,mean of training epochs after training-only channel standardization,ADHD positive class (sigmoid output = 1),42,614,2,F4,2.7276944365439704e-06,2.8282647690502927e-06,0.7450405359268188
LSTM,Results\CleanDeepBenchmark\combined_holdout\LSTM\lstm_model.keras,training-standardized raw EEG epoch (time x 19 channels),combined_eeg,adult_adhd_8,adult_adhd_8,1,Integrated Gradients,mean of training epochs after training-only channel standardization,ADHD positive class (sigmoid output = 1),42,614,2,C3,-1.4899599136697361e-06,2.183761125706951e-06,0.7450405359268188
LSTM,Results\CleanDeepBenchmark\combined_holdout\LSTM\lstm_model.keras,training-standardized raw EEG epoch (time x 19 channels),combined_eeg,adult_adhd_8,adult_adhd_8,1,Integrated Gradients,mean of training epochs after training-only channel standardization,ADHD positive class (sigmoid output = 1),42,614,2,C4,-3.8396217405534117e-07,2.1123007627465995e-06,0.7450405359268188
LSTM,Results\CleanDeepBenchmark\combined_holdout\LSTM\lstm_model.keras,training-standardized raw EEG epoch (time x 19 channels),combined_eeg,adult_adhd_8,adult_adhd_8,1,Integrated Gradients,mean of training epochs after training-only channel standardization,ADHD positive class (sigmoid output = 1),42,614,2,P3,3.1010497423267225e-06,3.1010497423267225e-06,0.7450405359268188
LSTM,Results\CleanDeepBenchmark\combined_holdout\LSTM\lstm_model.keras,training-standardized raw EEG epoch (time x 19 channels),combined_eeg,adult_adhd_8,adult_adhd_8,1,Integrated Gradients,mean of training epochs after training-only channel standardization,ADHD positive class (sigmoid output = 1),42,614,2,P4,-9.00498150713247e-07,4.8816236812854186e-06,0.7450405359268188
LSTM,Results\CleanDeepBenchmark\combined_holdout\LSTM\lstm_model.keras,training-standardized raw EEG epoch (time x 19 channels),combined_eeg,adult_adhd_8,adult_adhd_8,1,Integrated Gradients,mean of training epochs after training-only channel standardization,ADHD positive class (sigmoid output = 1),42,614,2,O1,3.960669801017502e-06,3.9648066376685165e-06,0.7450405359268188
LSTM,Results\CleanDeepBenchmark\combined_holdout\LSTM\lstm_model.keras,training-standardized raw EEG epoch (time x 19 channels),combined_eeg,adult_adhd_8,adult_adhd_8,1,Integrated Gradients,mean of training epochs after training-only channel standardization,ADHD positive class (sigmoid output = 1),42,614,2,O2,1.3535742482417845e-06,2.6949965103995055e-06,0.7450405359268188
LSTM,Results\CleanDeepBenchmark\combined_holdout\LSTM\lstm_model.keras,training-standardized raw EEG epoch (time x 19 channels),combined_eeg,adult_adhd_8,adult_adhd_8,1,Integrated Gradients,mean of training epochs after training-only channel standardization,ADHD positive class (sigmoid output = 1),42,614,2,F7,1.94634094441426e-06,1.948347744473722e-06,0.7450405359268188
LSTM,Results\CleanDeepBenchmark\combined_holdout\LSTM\lstm_model.keras,training-standardized raw EEG epoch (time x 19 channels),combined_eeg,adult_adhd_8,adult_adhd_8,1,Integrated Gradients,mean of training epochs after training-only channel standardization,ADHD positive class (sigmoid output = 1),42,614,2,F8,-2.4970645426947158e-06,3.261600568293943e-06,0.7450405359268188
LSTM,Results\CleanDeepBenchmark\combined_holdout\LSTM\lstm_model.keras,training-standardized raw EEG epoch (time x 19 channels),combined_eeg,adult_adhd_8,adult_adhd_8,1,Integrated Gradients,mean of training epochs after training-only channel standardization,ADHD positive class (sigmoid output = 1),42,614,2,T7,7.878309702391562e-07,9.429261922377918e-07,0.7450405359268188
LSTM,Results\CleanDeepBenchmark\combined_holdout\LSTM\lstm_model.keras,training-standardized raw EEG epoch (time x 19 channels),combined_eeg,adult_adhd_8,adult_adhd_8,1,Integrated Gradients,mean of training epochs after training-only channel standardization,ADHD positive class (sigmoid output = 1),42,614,2,T8,7.143006541809882e-07,1.474677901569521e-06,0.7450405359268188
LSTM,Results\CleanDeepBenchmark\combined_holdout\LSTM\lstm_model.keras,training-standardized raw EEG epoch (time x 19 channels),combined_eeg,adult_adhd_8,adult_adhd_8,1,Integrated Gradients,mean of training epochs after training-only channel standardization,ADHD positive class (sigmoid output = 1),42,614,2,P7,1.2087389222870115e-06,1.455229153179971e-06,0.7450405359268188
LSTM,Results\CleanDeepBenchmark\combined_holdout\LSTM\lstm_model.keras,training-standardized raw EEG epoch (time x 19 channels),combined_eeg,adult_adhd_8,adult_adhd_8,1,Integrated Gradients,mean of training epochs after training-only channel standardization,ADHD positive class (sigmoid output = 1),42,614,2,P8,-3.143764160995488e-06,3.3021192393789534e-06,0.7450405359268188
LSTM,Results\CleanDeepBenchmark\combined_holdout\LSTM\lstm_model.keras,training-standardized raw EEG epoch (time x 19 channels),combined_eeg,adult_adhd_8,adult_adhd_8,1,Integrated Gradients,mean of training epochs after training-only channel standardization,ADHD positive class (sigmoid output = 1),42,614,2,Fz,-1.544516265994389e-07,6.203983957675518e-07,0.7450405359268188
LSTM,Results\CleanDeepBenchmark\combined_holdout\LSTM\lstm_model.keras,training-standardized raw EEG epoch (time x 19 channels),combined_eeg,adult_adhd_8,adult_adhd_8,1,Integrated Gradients,mean of training epochs after training-only channel standardization,ADHD positive class (sigmoid output = 1),42,614,2,Cz,-2.0318504994065734e-06,2.510974809410982e-06,0.7450405359268188
LSTM,Results\CleanDeepBenchmark\combined_holdout\LSTM\lstm_model.keras,training-standardized raw EEG epoch (time x 19 channels),combined_eeg,adult_adhd_8,adult_adhd_8,1,Integrated Gradients,mean of training epochs after training-only channel standardization,ADHD positive class (sigmoid output = 1),42,614,2,Pz,5.741739528275502e-07,1.506232706560695e-06,0.7450405359268188
LSTM,Results\CleanDeepBenchmark\combined_holdout\LSTM\lstm_model.keras,training-standardized raw EEG epoch (time x 19 channels),combined_eeg,child_control_52,child_control_52,0,Integrated Gradients,mean of training epochs after training-only channel standardization,ADHD positive class (sigmoid output = 1),42,33,2,Fp1,-2.4086346456897445e-05,3.654515239759348e-05,0.6674084067344666
LSTM,Results\CleanDeepBenchmark\combined_holdout\LSTM\lstm_model.keras,training-standardized raw EEG epoch (time x 19 channels),combined_eeg,child_control_52,child_control_52,0,Integrated Gradients,mean of training epochs after training-only channel standardization,ADHD positive class (sigmoid output = 1),42,33,2,Fp2,-3.3628009987296537e-05,4.068189809913747e-05,0.6674084067344666
LSTM,Results\CleanDeepBenchmark\combined_holdout\LSTM\lstm_model.keras,training-standardized raw EEG epoch (time x 19 channels),combined_eeg,child_control_52,child_control_52,0,Integrated Gradients,mean of training epochs after training-only channel standardization,ADHD positive class (sigmoid output = 1),42,33,2,F3,-3.5085773561149836e-05,4.1679297282826155e-05,0.6674084067344666
LSTM,Results\CleanDeepBenchmark\combined_holdout\LSTM\lstm_model.keras,training-standardized raw EEG epoch (time x 19 channels),combined_eeg,child_control_52,child_control_52,0,Integrated Gradients,mean of training epochs after training-only channel standardization,ADHD positive class (sigmoid output = 1),42,33,2,F4,-0.00010938285413431004,0.00014166560140438378,0.6674084067344666
LSTM,Results\CleanDeepBenchmark\combined_holdout\LSTM\lstm_model.keras,training-standardized raw EEG epoch (time x 19 channels),combined_eeg,child_control_52,child_control_52,0,Integrated Gradients,mean of training epochs after training-only channel standardization,ADHD positive class (sigmoid output = 1),42,33,2,C3,-5.634904664475471e-05,6.787246093153954e-05,0.6674084067344666
LSTM,Results\CleanDeepBenchmark\combined_holdout\LSTM\lstm_model.keras,training-standardized raw EEG epoch (time x 19 channels),combined_eeg,child_control_52,child_control_52,0,Integrated Gradients,mean of training epochs after training-only channel standardization,ADHD positive class (sigmoid output = 1),42,33,2,C4,-4.461645949049853e-05,7.743617607047781e-05,0.6674084067344666
LSTM,Results\CleanDeepBenchmark\combined_holdout\LSTM\lstm_model.keras,training-standardized raw EEG epoch (time x 19 channels),combined_eeg,child_control_52,child_control_52,0,Integrated Gradients,mean of training epochs after training-only channel standardization,ADHD positive class (sigmoid output = 1),42,33,2,P3,-2.5182407625834458e-06,2.886629954446107e-05,0.6674084067344666
LSTM,Results\CleanDeepBenchmark\combined_holdout\LSTM\lstm_model.keras,training-standardized raw EEG epoch (time x 19 channels),combined_eeg,child_control_52,child_control_52,0,Integrated Gradients,mean of training epochs after training-only channel standardization,ADHD positive class (sigmoid output = 1),42,33,2,P4,6.385807500919327e-05,8.230545790866017e-05,0.6674084067344666
LSTM,Results\CleanDeepBenchmark\combined_holdout\LSTM\lstm_model.keras,training-standardized raw EEG epoch (time x 19 channels),combined_eeg,child_control_52,child_control_52,0,Integrated Gradients,mean of training epochs after training-only channel standardization,ADHD positive class (sigmoid output = 1),42,33,2,O1,-1.3995908375363797e-05,2.5532168365316465e-05,0.6674084067344666
LSTM,Results\CleanDeepBenchmark\combined_holdout\LSTM\lstm_model.keras,training-standardized raw EEG epoch (time x 19 channels),combined_eeg,child_control_52,child_control_52,0,Integrated Gradients,mean of training epochs after training-only channel standardization,ADHD positive class (sigmoid output = 1),42,33,2,O2,3.785926310229115e-05,7.411908154608682e-05,0.6674084067344666
LSTM,Results\CleanDeepBenchmark\combined_holdout\LSTM\lstm_model.keras,training-standardized raw EEG epoch (time x 19 channels),combined_eeg,child_control_52,child_control_52,0,Integrated Gradients,mean of training epochs after training-only channel standardization,ADHD positive class (sigmoid output = 1),42,33,2,F7,-8.712800990906544e-06,2.5522749638184905e-05,0.6674084067344666
LSTM,Results\CleanDeepBenchmark\combined_holdout\LSTM\lstm_model.keras,training-standardized raw EEG epoch (time x 19 channels),combined_eeg,child_control_52,child_control_52,0,Integrated Gradients,mean of training epochs after training-only channel standardization,ADHD positive class (sigmoid output = 1),42,33,2,F8,-6.6177130975120235e-06,2.4942102754721418e-05,0.6674084067344666
LSTM,Results\CleanDeepBenchmark\combined_holdout\LSTM\lstm_model.keras,training-standardized raw EEG epoch (time x 19 channels),combined_eeg,child_control_52,child_control_52,0,Integrated Gradients,mean of training epochs after training-only channel standardization,ADHD positive class (sigmoid output = 1),42,33,2,T7,2.5374342840223107e-06,1.5855495803407393e-05,0.6674084067344666
LSTM,Results\CleanDeepBenchmark\combined_holdout\LSTM\lstm_model.keras,training-standardized raw EEG epoch (time x 19 channels),combined_eeg,child_control_52,child_control_52,0,Integrated Gradients,mean of training epochs after training-only channel standardization,ADHD positive class (sigmoid output = 1),42,33,2,T8,4.311542579671368e-05,5.918268652749248e-05,0.6674084067344666
LSTM,Results\CleanDeepBenchmark\combined_holdout\LSTM\lstm_model.keras,training-standardized raw EEG epoch (time x 19 channels),combined_eeg,child_control_52,child_control_52,0,Integrated Gradients,mean of training epochs after training-only channel standardization,ADHD positive class (sigmoid output = 1),42,33,2,P7,3.616704634623602e-05,4.940757207805291e-05,0.6674084067344666
LSTM,Results\CleanDeepBenchmark\combined_holdout\LSTM\lstm_model.keras,training-standardized raw EEG epoch (time x 19 channels),combined_eeg,child_control_52,child_control_52,0,Integrated Gradients,mean of training epochs after training-only channel standardization,ADHD positive class (sigmoid output = 1),42,33,2,P8,9.70149540080456e-06,2.5378192731295712e-05,0.6674084067344666
LSTM,Results\CleanDeepBenchmark\combined_holdout\LSTM\lstm_model.keras,training-standardized raw EEG epoch (time x 19 channels),combined_eeg,child_control_52,child_control_52,0,Integrated Gradients,mean of training epochs after training-only channel standardization,ADHD positive class (sigmoid output = 1),42,33,2,Fz,-4.216555680613965e-05,4.84914708067663e-05,0.6674084067344666
LSTM,Results\CleanDeepBenchmark\combined_holdout\LSTM\lstm_model.keras,training-standardized raw EEG epoch (time x 19 channels),combined_eeg,child_control_52,child_control_52,0,Integrated Gradients,mean of training epochs after training-only channel standardization,ADHD positive class (sigmoid output = 1),42,33,2,Cz,-4.614198405761272e-05,8.481384429614991e-05,0.6674084067344666
LSTM,Results\CleanDeepBenchmark\combined_holdout\LSTM\lstm_model.keras,training-standardized raw EEG epoch (time x 19 channels),combined_eeg,child_control_52,child_control_52,0,Integrated Gradients,mean of training epochs after training-only channel standardization,ADHD positive class (sigmoid output = 1),42,33,2,Pz,-3.043065225938335e-05,3.8649741327390075e-05,0.6674084067344666
LSTM,Results\CleanDeepBenchmark\combined_holdout\LSTM\lstm_model.keras,training-standardized raw EEG epoch (time x 19 channels),combined_eeg,child_control_60,child_control_60,0,Integrated Gradients,mean of training epochs after training-only channel standardization,ADHD positive class (sigmoid output = 1),42,33,2,Fp1,-2.1523257601074874e-05,2.8763599402736872e-05,0.6548805236816406
LSTM,Results\CleanDeepBenchmark\combined_holdout\LSTM\lstm_model.keras,training-standardized raw EEG epoch (time x 19 channels),combined_eeg,child_control_60,child_control_60,0,Integrated Gradients,mean of training epochs after training-only channel standardization,ADHD positive class (sigmoid output = 1),42,33,2,Fp2,-6.985278105275938e-06,9.289295121561736e-06,0.6548805236816406
LSTM,Results\CleanDeepBenchmark\combined_holdout\LSTM\lstm_model.keras,training-standardized raw EEG epoch (time x 19 channels),combined_eeg,child_control_60,child_control_60,0,Integrated Gradients,mean of training epochs after training-only channel standardization,ADHD positive class (sigmoid output = 1),42,33,2,F3,-2.251868681923952e-05,2.3773294742568396e-05,0.6548805236816406
LSTM,Results\CleanDeepBenchmark\combined_holdout\LSTM\lstm_model.keras,training-standardized raw EEG epoch (time x 19 channels),combined_eeg,child_control_60,child_control_60,0,Integrated Gradients,mean of training epochs after training-only channel standardization,ADHD positive class (sigmoid output = 1),42,33,2,F4,-3.2100149837788194e-05,3.8872876757523045e-05,0.6548805236816406
LSTM,Results\CleanDeepBenchmark\combined_holdout\LSTM\lstm_model.keras,training-standardized raw EEG epoch (time x 19 channels),combined_eeg,child_control_60,child_control_60,0,Integrated Gradients,mean of training epochs after training-only channel standardization,ADHD positive class (sigmoid output = 1),42,33,2,C3,-3.9268576074391603e-05,4.263236405677162e-05,0.6548805236816406
LSTM,Results\CleanDeepBenchmark\combined_holdout\LSTM\lstm_model.keras,training-standardized raw EEG epoch (time x 19 channels),combined_eeg,child_control_60,child_control_60,0,Integrated Gradients,mean of training epochs after training-only channel standardization,ADHD positive class (sigmoid output = 1),42,33,2,C4,-4.351846655481495e-06,2.894214412663132e-05,0.6548805236816406
LSTM,Results\CleanDeepBenchmark\combined_holdout\LSTM\lstm_model.keras,training-standardized raw EEG epoch (time x 19 channels),combined_eeg,child_control_60,child_control_60,0,Integrated Gradients,mean of training epochs after training-only channel standardization,ADHD positive class (sigmoid output = 1),42,33,2,P3,2.0262097677914426e-05,2.1783163902000524e-05,0.6548805236816406
LSTM,Results\CleanDeepBenchmark\combined_holdout\LSTM\lstm_model.keras,training-standardized raw EEG epoch (time x 19 channels),combined_eeg,child_control_60,child_control_60,0,Integrated Gradients,mean of training epochs after training-only channel standardization,ADHD positive class (sigmoid output = 1),42,33,2,P4,4.582872861647047e-05,4.717164483736269e-05,0.6548805236816406
LSTM,Results\CleanDeepBenchmark\combined_holdout\LSTM\lstm_model.keras,training-standardized raw EEG epoch (time x 19 channels),combined_eeg,child_control_60,child_control_60,0,Integrated Gradients,mean of training epochs after training-only channel standardization,ADHD positive class (sigmoid output = 1),42,33,2,O1,-2.683314960449934e-05,3.08337839669548e-05,0.6548805236816406
LSTM,Results\CleanDeepBenchmark\combined_holdout\LSTM\lstm_model.keras,training-standardized raw EEG epoch (time x 19 channels),combined_eeg,child_control_60,child_control_60,0,Integrated Gradients,mean of training epochs after training-only channel standardization,ADHD positive class (sigmoid output = 1),42,33,2,O2,2.733941437327303e-05,3.951359394704923e-05,0.6548805236816406
LSTM,Results\CleanDeepBenchmark\combined_holdout\LSTM\lstm_model.keras,training-standardized raw EEG epoch (time x 19 channels),combined_eeg,child_control_60,child_control_60,0,Integrated Gradients,mean of training epochs after training-only channel standardization,ADHD positive class (sigmoid output = 1),42,33,2,F7,-3.5903576645068824e-06,9.386951205669902e-06,0.6548805236816406
LSTM,Results\CleanDeepBenchmark\combined_holdout\LSTM\lstm_model.keras,training-standardized raw EEG epoch (time x 19 channels),combined_eeg,child_control_60,child_control_60,0,Integrated Gradients,mean of training epochs after training-only channel standardization,ADHD positive class (sigmoid output = 1),42,33,2,F8,2.095434410875896e-06,6.266690434131306e-06,0.6548805236816406
LSTM,Results\CleanDeepBenchmark\combined_holdout\LSTM\lstm_model.keras,training-standardized raw EEG epoch (time x 19 channels),combined_eeg,child_control_60,child_control_60,0,Integrated Gradients,mean of training epochs after training-only channel standardization,ADHD positive class (sigmoid output = 1),42,33,2,T7,-7.977806490089279e-06,1.3490514902514406e-05,0.6548805236816406
LSTM,Results\CleanDeepBenchmark\combined_holdout\LSTM\lstm_model.keras,training-standardized raw EEG epoch (time x 19 channels),combined_eeg,child_control_60,child_control_60,0,Integrated Gradients,mean of training epochs after training-only channel standardization,ADHD positive class (sigmoid output = 1),42,33,2,T8,1.0280680726282299e-05,3.188455229974352e-05,0.6548805236816406
LSTM,Results\CleanDeepBenchmark\combined_holdout\LSTM\lstm_model.keras,training-standardized raw EEG epoch (time x 19 channels),combined_eeg,child_control_60,child_control_60,0,Integrated Gradients,mean of training epochs after training-only channel standardization,ADHD positive class (sigmoid output = 1),42,33,2,P7,1.229126428370364e-05,1.6913108993321657e-05,0.6548805236816406
LSTM,Results\CleanDeepBenchmark\combined_holdout\LSTM\lstm_model.keras,training-standardized raw EEG epoch (time x 19 channels),combined_eeg,child_control_60,child_control_60,0,Integrated Gradients,mean of training epochs after training-only channel standardization,ADHD positive class (sigmoid output = 1),42,33,2,P8,2.144062364095589e-06,1.0573531653790269e-05,0.6548805236816406
LSTM,Results\CleanDeepBenchmark\combined_holdout\LSTM\lstm_model.keras,training-standardized raw EEG epoch (time x 19 channels),combined_eeg,child_control_60,child_control_60,0,Integrated Gradients,mean of training epochs after training-only channel standardization,ADHD positive class (sigmoid output = 1),42,33,2,Fz,-1.821793193812482e-05,2.20661677303724e-05,0.6548805236816406
LSTM,Results\CleanDeepBenchmark\combined_holdout\LSTM\lstm_model.keras,training-standardized raw EEG epoch (time x 19 channels),combined_eeg,child_control_60,child_control_60,0,Integrated Gradients,mean of training epochs after training-only channel standardization,ADHD positive class (sigmoid output = 1),42,33,2,Cz,-5.796692221338162e-06,2.3724714992567897e-05,0.6548805236816406
LSTM,Results\CleanDeepBenchmark\combined_holdout\LSTM\lstm_model.keras,training-standardized raw EEG epoch (time x 19 channels),combined_eeg,child_control_60,child_control_60,0,Integrated Gradients,mean of training epochs after training-only channel standardization,ADHD positive class (sigmoid output = 1),42,33,2,Pz,-3.925499186152592e-06,1.0030682460637763e-05,0.6548805236816406
LSTM,Results\CleanDeepBenchmark\combined_holdout\LSTM\lstm_model.keras,training-standardized raw EEG epoch (time x 19 channels),combined_eeg,child_adhd_40,child_adhd_40,1,Integrated Gradients,mean of training epochs after training-only channel standardization,ADHD positive class (sigmoid output = 1),31415,38,2,Fp1,-1.941268055816181e-05,3.1288665923057124e-05,0.6285779476165771
LSTM,Results\CleanDeepBenchmark\combined_holdout\LSTM\lstm_model.keras,training-standardized raw EEG epoch (time x 19 channels),combined_eeg,child_adhd_40,child_adhd_40,1,Integrated Gradients,mean of training epochs after training-only channel standardization,ADHD positive class (sigmoid output = 1),31415,38,2,Fp2,-5.3538224165095016e-05,5.586198312812485e-05,0.6285779476165771
LSTM,Results\CleanDeepBenchmark\combined_holdout\LSTM\lstm_model.keras,training-standardized raw EEG epoch (time x 19 channels),combined_eeg,child_adhd_40,child_adhd_40,1,Integrated Gradients,mean of training epochs after training-only channel standardization,ADHD positive class (sigmoid output = 1),31415,38,2,F3,-4.155232090852223e-05,4.294248719816096e-05,0.6285779476165771
LSTM,Results\CleanDeepBenchmark\combined_holdout\LSTM\lstm_model.keras,training-standardized raw EEG epoch (time x 19 channels),combined_eeg,child_adhd_40,child_adhd_40,1,Integrated Gradients,mean of training epochs after training-only channel standardization,ADHD positive class (sigmoid output = 1),31415,38,2,F4,-0.00012171922571724281,0.0001334915723418817,0.6285779476165771
LSTM,Results\CleanDeepBenchmark\combined_holdout\LSTM\lstm_model.keras,training-standardized raw EEG epoch (time x 19 channels),combined_eeg,child_adhd_40,child_adhd_40,1,Integrated Gradients,mean of training epochs after training-only channel standardization,ADHD positive class (sigmoid output = 1),31415,38,2,C3,-5.8900961448671296e-05,6.179075717227533e-05,0.6285779476165771
LSTM,Results\CleanDeepBenchmark\combined_holdout\LSTM\lstm_model.keras,training-standardized raw EEG epoch (time x 19 channels),combined_eeg,child_adhd_40,child_adhd_40,1,Integrated Gradients,mean of training epochs after training-only channel standardization,ADHD positive class (sigmoid output = 1),31415,38,2,C4,-3.4100914490409195e-05,5.931684063398279e-05,0.6285779476165771
LSTM,Results\CleanDeepBenchmark\combined_holdout\LSTM\lstm_model.keras,training-standardized raw EEG epoch (time x 19 channels),combined_eeg,child_adhd_40,child_adhd_40,1,Integrated Gradients,mean of training epochs after training-only channel standardization,ADHD positive class (sigmoid output = 1),31415,38,2,P3,2.9103426641086116e-05,3.172114520566538e-05,0.6285779476165771
LSTM,Results\CleanDeepBenchmark\combined_holdout\LSTM\lstm_model.keras,training-standardized raw EEG epoch (time x 19 channels),combined_eeg,child_adhd_40,child_adhd_40,1,Integrated Gradients,mean of training epochs after training-only channel standardization,ADHD positive class (sigmoid output = 1),31415,38,2,P4,9.609229891793802e-05,9.991839033318684e-05,0.6285779476165771
LSTM,Results\CleanDeepBenchmark\combined_holdout\LSTM\lstm_model.keras,training-standardized raw EEG epoch (time x 19 channels),combined_eeg,child_adhd_40,child_adhd_40,1,Integrated Gradients,mean of training epochs after training-only channel standardization,ADHD positive class (sigmoid output = 1),31415,38,2,O1,-2.586864138720557e-05,3.712000398081727e-05,0.6285779476165771
LSTM,Results\CleanDeepBenchmark\combined_holdout\LSTM\lstm_model.keras,training-standardized raw EEG epoch (time x 19 channels),combined_eeg,child_adhd_40,child_adhd_40,1,Integrated Gradients,mean of training epochs after training-only channel standardization,ADHD positive class (sigmoid output = 1),31415,38,2,O2,6.861474685138091e-05,7.854306022636592e-05,0.6285779476165771
LSTM,Results\CleanDeepBenchmark\combined_holdout\LSTM\lstm_model.keras,training-standardized raw EEG epoch (time x 19 channels),combined_eeg,child_adhd_40,child_adhd_40,1,Integrated Gradients,mean of training epochs after training-only channel standardization,ADHD positive class (sigmoid output = 1),31415,38,2,F7,8.639363841211889e-06,2.2924930817680433e-05,0.6285779476165771
LSTM,Results\CleanDeepBenchmark\combined_holdout\LSTM\lstm_model.keras,training-standardized raw EEG epoch (time x 19 channels),combined_eeg,child_adhd_40,child_adhd_40,1,Integrated Gradients,mean of training epochs after training-only channel standardization,ADHD positive class (sigmoid output = 1),31415,38,2,F8,-2.563431189628318e-05,2.8117536203353666e-05,0.6285779476165771
LSTM,Results\CleanDeepBenchmark\combined_holdout\LSTM\lstm_model.keras,training-standardized raw EEG epoch (time x 19 channels),combined_eeg,child_adhd_40,child_adhd_40,1,Integrated Gradients,mean of training epochs after training-only channel standardization,ADHD positive class (sigmoid output = 1),31415,38,2,T7,2.10522939596558e-05,2.1740164811490104e-05,0.6285779476165771
LSTM,Results\CleanDeepBenchmark\combined_holdout\LSTM\lstm_model.keras,training-standardized raw EEG epoch (time x 19 channels),combined_eeg,child_adhd_40,child_adhd_40,1,Integrated Gradients,mean of training epochs after training-only channel standardization,ADHD positive class (sigmoid output = 1),31415,38,2,T8,7.860279583837837e-05,9.868424240266904e-05,0.6285779476165771
LSTM,Results\CleanDeepBenchmark\combined_holdout\LSTM\lstm_model.keras,training-standardized raw EEG epoch (time x 19 channels),combined_eeg,child_adhd_40,child_adhd_40,1,Integrated Gradients,mean of training epochs after training-only channel standardization,ADHD positive class (sigmoid output = 1),31415,38,2,P7,6.413236405933276e-05,6.421870057238266e-05,0.6285779476165771
LSTM,Results\CleanDeepBenchmark\combined_holdout\LSTM\lstm_model.keras,training-standardized raw EEG epoch (time x 19 channels),combined_eeg,child_adhd_40,child_adhd_40,1,Integrated Gradients,mean of training epochs after training-only channel standardization,ADHD positive class (sigmoid output = 1),31415,38,2,P8,2.1274379378155572e-06,1.2071733181073796e-05,0.6285779476165771
LSTM,Results\CleanDeepBenchmark\combined_holdout\LSTM\lstm_model.keras,training-standardized raw EEG epoch (time x 19 channels),combined_eeg,child_adhd_40,child_adhd_40,1,Integrated Gradients,mean of training epochs after training-only channel standardization,ADHD positive class (sigmoid output = 1),31415,38,2,Fz,-5.2325216529425234e-05,5.8601483033271506e-05,0.6285779476165771
LSTM,Results\CleanDeepBenchmark\combined_holdout\LSTM\lstm_model.keras,training-standardized raw EEG epoch (time x 19 channels),combined_eeg,child_adhd_40,child_adhd_40,1,Integrated Gradients,mean of training epochs after training-only channel standardization,ADHD positive class (sigmoid output = 1),31415,38,2,Cz,-4.0740458643995225e-05,5.736222738050856e-05,0.6285779476165771
LSTM,Results\CleanDeepBenchmark\combined_holdout\LSTM\lstm_model.keras,training-standardized raw EEG epoch (time x 19 channels),combined_eeg,child_adhd_40,child_adhd_40,1,Integrated Gradients,mean of training epochs after training-only channel standardization,ADHD positive class (sigmoid output = 1),31415,38,2,Pz,-1.8368229575571604e-05,2.0500996470218524e-05,0.6285779476165771
LSTM,Results\CleanDeepBenchmark\combined_holdout\LSTM\lstm_model.keras,training-standardized raw EEG epoch (time x 19 channels),combined_eeg,adult_adhd_8,adult_adhd_8,1,Integrated Gradients,mean of training epochs after training-only channel standardization,ADHD positive class (sigmoid output = 1),31415,614,2,Fp1,1.1047181942558382e-06,3.244202389396378e-06,0.7457692623138428
LSTM,Results\CleanDeepBenchmark\combined_holdout\LSTM\lstm_model.keras,training-standardized raw EEG epoch (time x 19 channels),combined_eeg,adult_adhd_8,adult_adhd_8,1,Integrated Gradients,mean of training epochs after training-only channel standardization,ADHD positive class (sigmoid output = 1),31415,614,2,Fp2,3.3461283237556927e-06,3.3461283237556927e-06,0.7457692623138428
LSTM,Results\CleanDeepBenchmark\combined_holdout\LSTM\lstm_model.keras,training-standardized raw EEG epoch (time x 19 channels),combined_eeg,adult_adhd_8,adult_adhd_8,1,Integrated Gradients,mean of training epochs after training-only channel standardization,ADHD positive class (sigmoid output = 1),31415,614,2,F3,1.6598655747657176e-06,2.149711917809327e-06,0.7457692623138428
LSTM,Results\CleanDeepBenchmark\combined_holdout\LSTM\lstm_model.keras,training-standardized raw EEG epoch (time x 19 channels),combined_eeg,adult_adhd_8,adult_adhd_8,1,Integrated Gradients,mean of training epochs after training-only channel standardization,ADHD positive class (sigmoid output = 1),31415,614,2,F4,3.152164254061063e-06,3.2656789699103683e-06,0.7457692623138428
LSTM,Results\CleanDeepBenchmark\combined_holdout\LSTM\lstm_model.keras,training-standardized raw EEG epoch (time x 19 channels),combined_eeg,adult_adhd_8,adult_adhd_8,1,Integrated Gradients,mean of training epochs after training-only channel standardization,ADHD positive class (sigmoid output = 1),31415,614,2,C3,-1.8730358988250373e-06,2.7997512006550096e-06,0.7457692623138428
LSTM,Results\CleanDeepBenchmark\combined_holdout\LSTM\lstm_model.keras,training-standardized raw EEG epoch (time x 19 channels),combined_eeg,adult_adhd_8,adult_adhd_8,1,Integrated Gradients,mean of training epochs after training-only channel standardization,ADHD positive class (sigmoid output = 1),31415,614,2,C4,-3.909674433089094e-07,2.422434818072361e-06,0.7457692623138428
LSTM,Results\CleanDeepBenchmark\combined_holdout\LSTM\lstm_model.keras,training-standardized raw EEG epoch (time x 19 channels),combined_eeg,adult_adhd_8,adult_adhd_8,1,Integrated Gradients,mean of training epochs after training-only channel standardization,ADHD positive class (sigmoid output = 1),31415,614,2,P3,3.3616165637795348e-06,3.3616165637795348e-06,0.7457692623138428
LSTM,Results\CleanDeepBenchmark\combined_holdout\LSTM\lstm_model.keras,training-standardized raw EEG epoch (time x 19 channels),combined_eeg,adult_adhd_8,adult_adhd_8,1,Integrated Gradients,mean of training epochs after training-only channel standardization,ADHD positive class (sigmoid output = 1),31415,614,2,P4,-3.701505022490892e-07,4.1599578253226355e-06,0.7457692623138428
LSTM,Results\CleanDeepBenchmark\combined_holdout\LSTM\lstm_model.keras,training-standardized raw EEG epoch (time x 19 channels),combined_eeg,adult_adhd_8,adult_adhd_8,1,Integrated Gradients,mean of training epochs after training-only channel standardization,ADHD positive class (sigmoid output = 1),31415,614,2,O1,3.994545295427088e-06,4.00055887439521e-06,0.7457692623138428
LSTM,Results\CleanDeepBenchmark\combined_holdout\LSTM\lstm_model.keras,training-standardized raw EEG epoch (time x 19 channels),combined_eeg,adult_adhd_8,adult_adhd_8,1,Integrated Gradients,mean of training epochs after training-only channel standardization,ADHD positive class (sigmoid output = 1),31415,614,2,O2,1.7439219845982734e-06,3.459643494352349e-06,0.7457692623138428
LSTM,Results\CleanDeepBenchmark\combined_holdout\LSTM\lstm_model.keras,training-standardized raw EEG epoch (time x 19 channels),combined_eeg,adult_adhd_8,adult_adhd_8,1,Integrated Gradients,mean of training epochs after training-only channel standardization,ADHD positive class (sigmoid output = 1),31415,614,2,F7,2.0948400560882874e-06,2.097504875564482e-06,0.7457692623138428
LSTM,Results\CleanDeepBenchmark\combined_holdout\LSTM\lstm_model.keras,training-standardized raw EEG epoch (time x 19 channels),combined_eeg,adult_adhd_8,adult_adhd_8,1,Integrated Gradients,mean of training epochs after training-only channel standardization,ADHD positive class (sigmoid output = 1),31415,614,2,F8,-3.113458660664037e-06,3.6777030345547246e-06,0.7457692623138428
LSTM,Results\CleanDeepBenchmark\combined_holdout\LSTM\lstm_model.keras,training-standardized raw EEG epoch (time x 19 channels),combined_eeg,adult_adhd_8,adult_adhd_8,1,Integrated Gradients,mean of training epochs after training-only channel standardization,ADHD positive class (sigmoid output = 1),31415,614,2,T7,6.82497216075717e-07,9.355136967315048e-07,0.7457692623138428
LSTM,Results\CleanDeepBenchmark\combined_holdout\LSTM\lstm_model.keras,training-standardized raw EEG epoch (time x 19 channels),combined_eeg,adult_adhd_8,adult_adhd_8,1,Integrated Gradients,mean of training epochs after training-only channel standardization,ADHD positive class (sigmoid output = 1),31415,614,2,T8,7.362517635556287e-07,1.6973626770777628e-06,0.7457692623138428
LSTM,Results\CleanDeepBenchmark\combined_holdout\LSTM\lstm_model.keras,training-standardized raw EEG epoch (time x 19 channels),combined_eeg,adult_adhd_8,adult_adhd_8,1,Integrated Gradients,mean of training epochs after training-only channel standardization,ADHD positive class (sigmoid output = 1),31415,614,2,P7,1.529729388494161e-06,1.8203007812189753e-06,0.7457692623138428
LSTM,Results\CleanDeepBenchmark\combined_holdout\LSTM\lstm_model.keras,training-standardized raw EEG epoch (time x 19 channels),combined_eeg,adult_adhd_8,adult_adhd_8,1,Integrated Gradients,mean of training epochs after training-only channel standardization,ADHD positive class (sigmoid output = 1),31415,614,2,P8,-3.5586904232332017e-06,3.745772346519516e-06,0.7457692623138428
LSTM,Results\CleanDeepBenchmark\combined_holdout\LSTM\lstm_model.keras,training-standardized raw EEG epoch (time x 19 channels),combined_eeg,adult_adhd_8,adult_adhd_8,1,Integrated Gradients,mean of training epochs after training-only channel standardization,ADHD positive class (sigmoid output = 1),31415,614,2,Fz,-2.2073776051456662e-07,6.916562824699213e-07,0.7457692623138428
LSTM,Results\CleanDeepBenchmark\combined_holdout\LSTM\lstm_model.keras,training-standardized raw EEG epoch (time x 19 channels),combined_eeg,adult_adhd_8,adult_adhd_8,1,Integrated Gradients,mean of training epochs after training-only channel standardization,ADHD positive class (sigmoid output = 1),31415,614,2,Cz,-2.0894799490633886e-06,2.6668442387745017e-06,0.7457692623138428
LSTM,Results\CleanDeepBenchmark\combined_holdout\LSTM\lstm_model.keras,training-standardized raw EEG epoch (time x 19 channels),combined_eeg,adult_adhd_8,adult_adhd_8,1,Integrated Gradients,mean of training epochs after training-only channel standardization,ADHD positive class (sigmoid output = 1),31415,614,2,Pz,6.721347176608106e-07,1.4343703469421598e-06,0.7457692623138428
LSTM,Results\CleanDeepBenchmark\combined_holdout\LSTM\lstm_model.keras,training-standardized raw EEG epoch (time x 19 channels),combined_eeg,child_control_52,child_control_52,0,Integrated Gradients,mean of training epochs after training-only channel standardization,ADHD positive class (sigmoid output = 1),31415,33,2,Fp1,8.22742322270642e-07,7.346522579609882e-06,0.6425153613090515
LSTM,Results\CleanDeepBenchmark\combined_holdout\LSTM\lstm_model.keras,training-standardized raw EEG epoch (time x 19 channels),combined_eeg,child_control_52,child_control_52,0,Integrated Gradients,mean of training epochs after training-only channel standardization,ADHD positive class (sigmoid output = 1),31415,33,2,Fp2,-8.694206371728797e-06,2.9810902560711838e-05,0.6425153613090515
LSTM,Results\CleanDeepBenchmark\combined_holdout\LSTM\lstm_model.keras,training-standardized raw EEG epoch (time x 19 channels),combined_eeg,child_control_52,child_control_52,0,Integrated Gradients,mean of training epochs after training-only channel standardization,ADHD positive class (sigmoid output = 1),31415,33,2,F3,-1.2469879948184825e-05,1.4014412954566069e-05,0.6425153613090515
LSTM,Results\CleanDeepBenchmark\combined_holdout\LSTM\lstm_model.keras,training-standardized raw EEG epoch (time x 19 channels),combined_eeg,child_control_52,child_control_52,0,Integrated Gradients,mean of training epochs after training-only channel standardization,ADHD positive class (sigmoid output = 1),31415,33,2,F4,-4.253074439475313e-05,8.242575131589547e-05,0.6425153613090515
LSTM,Results\CleanDeepBenchmark\combined_holdout\LSTM\lstm_model.keras,training-standardized raw EEG epoch (time x 19 channels),combined_eeg,child_control_52,child_control_52,0,Integrated Gradients,mean of training epochs after training-only channel standardization,ADHD positive class (sigmoid output = 1),31415,33,2,C3,4.0924119275587145e-06,2.9813631044817157e-05,0.6425153613090515
LSTM,Results\CleanDeepBenchmark\combined_holdout\LSTM\lstm_model.keras,training-standardized raw EEG epoch (time x 19 channels),combined_eeg,child_control_52,child_control_52,0,Integrated Gradients,mean of training epochs after training-only channel standardization,ADHD positive class (sigmoid output = 1),31415,33,2,C4,4.424442886374891e-05,8.649827941553667e-05,0.6425153613090515
LSTM,Results\CleanDeepBenchmark\combined_holdout\LSTM\lstm_model.keras,training-standardized raw EEG epoch (time x 19 channels),combined_eeg,child_control_52,child_control_52,0,Integrated Gradients,mean of training epochs after training-only channel standardization,ADHD positive class (sigmoid output = 1),31415,33,2,P3,-4.861804427491734e-06,1.0217571798420977e-05,0.6425153613090515
LSTM,Results\CleanDeepBenchmark\combined_holdout\LSTM\lstm_model.keras,training-standardized raw EEG epoch (time x 19 channels),combined_eeg,child_control_52,child_control_52,0,Integrated Gradients,mean of training epochs after training-only channel standardization,ADHD positive class (sigmoid output = 1),31415,33,2,P4,-3.121985719189979e-05,6.603237852687016e-05,0.6425153613090515
LSTM,Results\CleanDeepBenchmark\combined_holdout\LSTM\lstm_model.keras,training-standardized raw EEG epoch (time x 19 channels),combined_eeg,child_control_52,child_control_52,0,Integrated Gradients,mean of training epochs after training-only channel standardization,ADHD positive class (sigmoid output = 1),31415,33,2,O1,-3.36754419549834e-06,7.960352377267554e-06,0.6425153613090515
LSTM,Results\CleanDeepBenchmark\combined_holdout\LSTM\lstm_model.keras,training-standardized raw EEG epoch (time x 19 channels),combined_eeg,child_control_52,child_control_52,0,Integrated Gradients,mean of training epochs after training-only channel standardization,ADHD positive class (sigmoid output = 1),31415,33,2,O2,-2.766085344774183e-05,6.949710223125294e-05,0.6425153613090515
LSTM,Results\CleanDeepBenchmark\combined_holdout\LSTM\lstm_model.keras,training-standardized raw EEG epoch (time x 19 channels),combined_eeg,child_control_52,child_control_52,0,Integrated Gradients,mean of training epochs after training-only channel standardization,ADHD positive class (sigmoid output = 1),31415,33,2,F7,-4.717190904557356e-08,1.2369892829156015e-05,0.6425153613090515
LSTM,Results\CleanDeepBenchmark\combined_holdout\LSTM\lstm_model.keras,training-standardized raw EEG epoch (time x 19 channels),combined_eeg,child_control_52,child_control_52,0,Integrated Gradients,mean of training epochs after training-only channel standardization,ADHD positive class (sigmoid output = 1),31415,33,2,F8,-2.135715476470068e-05,4.508995698415674e-05,0.6425153613090515
LSTM,Results\CleanDeepBenchmark\combined_holdout\LSTM\lstm_model.keras,training-standardized raw EEG epoch (time x 19 channels),combined_eeg,child_control_52,child_control_52,0,Integrated Gradients,mean of training epochs after training-only channel standardization,ADHD positive class (sigmoid output = 1),31415,33,2,T7,1.7437164387956727e-06,1.0439093784953002e-05,0.6425153613090515
LSTM,Results\CleanDeepBenchmark\combined_holdout\LSTM\lstm_model.keras,training-standardized raw EEG epoch (time x 19 channels),combined_eeg,child_control_52,child_control_52,0,Integrated Gradients,mean of training epochs after training-only channel standardization,ADHD positive class (sigmoid output = 1),31415,33,2,T8,-3.692719110404141e-05,5.987238182569854e-05,0.6425153613090515
LSTM,Results\CleanDeepBenchmark\combined_holdout\LSTM\lstm_model.keras,training-standardized raw EEG epoch (time x 19 channels),combined_eeg,child_control_52,child_control_52,0,Integrated Gradients,mean of training epochs after training-only channel standardization,ADHD positive class (sigmoid output = 1),31415,33,2,P7,2.6405789412820013e-06,5.6725943977653515e-06,0.6425153613090515
LSTM,Results\CleanDeepBenchmark\combined_holdout\LSTM\lstm_model.keras,training-standardized raw EEG epoch (time x 19 channels),combined_eeg,child_control_52,child_control_52,0,Integrated Gradients,mean of training epochs after training-only channel standardization,ADHD positive class (sigmoid output = 1),31415,33,2,P8,-3.350808401592076e-05,8.580494613852352e-05,0.6425153613090515
LSTM,Results\CleanDeepBenchmark\combined_holdout\LSTM\lstm_model.keras,training-standardized raw EEG epoch (time x 19 channels),combined_eeg,child_control_52,child_control_52,0,Integrated Gradients,mean of training epochs after training-only channel standardization,ADHD positive class (sigmoid output = 1),31415,33,2,Fz,-7.235780230985256e-06,1.2235039321240038e-05,0.6425153613090515
LSTM,Results\CleanDeepBenchmark\combined_holdout\LSTM\lstm_model.keras,training-standardized raw EEG epoch (time x 19 channels),combined_eeg,child_control_52,child_control_52,0,Integrated Gradients,mean of training epochs after training-only channel standardization,ADHD positive class (sigmoid output = 1),31415,33,2,Cz,-4.167216047790134e-06,4.744243051391095e-05,0.6425153613090515
LSTM,Results\CleanDeepBenchmark\combined_holdout\LSTM\lstm_model.keras,training-standardized raw EEG epoch (time x 19 channels),combined_eeg,child_control_52,child_control_52,0,Integrated Gradients,mean of training epochs after training-only channel standardization,ADHD positive class (sigmoid output = 1),31415,33,2,Pz,-5.449704985949211e-06,8.482627890771255e-06,0.6425153613090515
LSTM,Results\CleanDeepBenchmark\combined_holdout\LSTM\lstm_model.keras,training-standardized raw EEG epoch (time x 19 channels),combined_eeg,child_control_60,child_control_60,0,Integrated Gradients,mean of training epochs after training-only channel standardization,ADHD positive class (sigmoid output = 1),31415,33,2,Fp1,-3.474693949101493e-05,5.074192813481204e-05,0.624649703502655
LSTM,Results\CleanDeepBenchmark\combined_holdout\LSTM\lstm_model.keras,training-standardized raw EEG epoch (time x 19 channels),combined_eeg,child_control_60,child_control_60,0,Integrated Gradients,mean of training epochs after training-only channel standardization,ADHD positive class (sigmoid output = 1),31415,33,2,Fp2,-3.0000132028362714e-05,4.8969421186484396e-05,0.624649703502655
LSTM,Results\CleanDeepBenchmark\combined_holdout\LSTM\lstm_model.keras,training-standardized raw EEG epoch (time x 19 channels),combined_eeg,child_control_60,child_control_60,0,Integrated Gradients,mean of training epochs after training-only channel standardization,ADHD positive class (sigmoid output = 1),31415,33,2,F3,-5.248857996775769e-05,6.077905709389597e-05,0.624649703502655
LSTM,Results\CleanDeepBenchmark\combined_holdout\LSTM\lstm_model.keras,training-standardized raw EEG epoch (time x 19 channels),combined_eeg,child_control_60,child_control_60,0,Integrated Gradients,mean of training epochs after training-only channel standardization,ADHD positive class (sigmoid output = 1),31415,33,2,F4,-0.00013913090515416116,0.0002006529684877023,0.624649703502655
LSTM,Results\CleanDeepBenchmark\combined_holdout\LSTM\lstm_model.keras,training-standardized raw EEG epoch (time x 19 channels),combined_eeg,child_control_60,child_control_60,0,Integrated Gradients,mean of training epochs after training-only channel standardization,ADHD positive class (sigmoid output = 1),31415,33,2,C3,-0.00010702958388719708,0.0001197244055219926,0.624649703502655
LSTM,Results\CleanDeepBenchmark\combined_holdout\LSTM\lstm_model.keras,training-standardized raw EEG epoch (time x 19 channels),combined_eeg,child_control_60,child_control_60,0,Integrated Gradients,mean of training epochs after training-only channel standardization,ADHD positive class (sigmoid output = 1),31415,33,2,C4,-8.068258466664702e-05,0.00015643899678252637,0.624649703502655
LSTM,Results\CleanDeepBenchmark\combined_holdout\LSTM\lstm_model.keras,training-standardized raw EEG epoch (time x 19 channels),combined_eeg,child_control_60,child_control_60,0,Integrated Gradients,mean of training epochs after training-only channel standardization,ADHD positive class (sigmoid output = 1),31415,33,2,P3,2.6362533390056342e-05,4.438612450030632e-05,0.624649703502655
LSTM,Results\CleanDeepBenchmark\combined_holdout\LSTM\lstm_model.keras,training-standardized raw EEG epoch (time x 19 channels),combined_eeg,child_control_60,child_control_60,0,Integrated Gradients,mean of training epochs after training-only channel standardization,ADHD positive class (sigmoid output = 1),31415,33,2,P4,0.00011609940702328458,0.0001416747982148081,0.624649703502655
LSTM,Results\CleanDeepBenchmark\combined_holdout\LSTM\lstm_model.keras,training-standardized raw EEG epoch (time x 19 channels),combined_eeg,child_control_60,child_control_60,0,Integrated Gradients,mean of training epochs after training-only channel standardization,ADHD positive class (sigmoid output = 1),31415,33,2,O1,-2.186961683037225e-05,5.074048021924682e-05,0.624649703502655
LSTM,Results\CleanDeepBenchmark\combined_holdout\LSTM\lstm_model.keras,training-standardized raw EEG epoch (time x 19 channels),combined_eeg,child_control_60,child_control_60,0,Integrated Gradients,mean of training epochs after training-only channel standardization,ADHD positive class (sigmoid output = 1),31415,33,2,O2,9.311566827818751e-05,0.0001314479304710403,0.624649703502655
LSTM,Results\CleanDeepBenchmark\combined_holdout\LSTM\lstm_model.keras,training-standardized raw EEG epoch (time x 19 channels),combined_eeg,child_control_60,child_control_60,0,Integrated Gradients,mean of training epochs after training-only channel standardization,ADHD positive class (sigmoid output = 1),31415,33,2,F7,-2.402021345915273e-05,3.828417538898066e-05,0.624649703502655
LSTM,Results\CleanDeepBenchmark\combined_holdout\LSTM\lstm_model.keras,training-standardized raw EEG epoch (time x 19 channels),combined_eeg,child_control_60,child_control_60,0,Integrated Gradients,mean of training epochs after training-only channel standardization,ADHD positive class (sigmoid output = 1),31415,33,2,F8,-1.5113771041797008e-05,2.558665073593147e-05,0.624649703502655
LSTM,Results\CleanDeepBenchmark\combined_holdout\LSTM\lstm_model.keras,training-standardized raw EEG epoch (time x 19 channels),combined_eeg,child_control_60,child_control_60,0,Integrated Gradients,mean of training epochs after training-only channel standardization,ADHD positive class (sigmoid output = 1),31415,33,2,T7,1.943439565366134e-05,3.510174428811297e-05,0.624649703502655
LSTM,Results\CleanDeepBenchmark\combined_holdout\LSTM\lstm_model.keras,training-standardized raw EEG epoch (time x 19 channels),combined_eeg,child_control_60,child_control_60,0,Integrated Gradients,mean of training epochs after training-only channel standardization,ADHD positive class (sigmoid output = 1),31415,33,2,T8,2.81778811768163e-05,8.113628427963704e-05,0.624649703502655
LSTM,Results\CleanDeepBenchmark\combined_holdout\LSTM\lstm_model.keras,training-standardized raw EEG epoch (time x 19 channels),combined_eeg,child_control_60,child_control_60,0,Integrated Gradients,mean of training epochs after training-only channel standardization,ADHD positive class (sigmoid output = 1),31415,33,2,P7,8.049597090575844e-05,8.890156459528953e-05,0.624649703502655
LSTM,Results\CleanDeepBenchmark\combined_holdout\LSTM\lstm_model.keras,training-standardized raw EEG epoch (time x 19 channels),combined_eeg,child_control_60,child_control_60,0,Integrated Gradients,mean of training epochs after training-only channel standardization,ADHD positive class (sigmoid output = 1),31415,33,2,P8,1.3851104085915722e-07,2.2608715880778618e-05,0.624649703502655
LSTM,Results\CleanDeepBenchmark\combined_holdout\LSTM\lstm_model.keras,training-standardized raw EEG epoch (time x 19 channels),combined_eeg,child_control_60,child_control_60,0,Integrated Gradients,mean of training epochs after training-only channel standardization,ADHD positive class (sigmoid output = 1),31415,33,2,Fz,-4.4547927245730534e-05,5.782801235909574e-05,0.624649703502655
LSTM,Results\CleanDeepBenchmark\combined_holdout\LSTM\lstm_model.keras,training-standardized raw EEG epoch (time x 19 channels),combined_eeg,child_control_60,child_control_60,0,Integrated Gradients,mean of training epochs after training-only channel standardization,ADHD positive class (sigmoid output = 1),31415,33,2,Cz,-0.00010158335498999804,0.00014445047418121248,0.624649703502655
LSTM,Results\CleanDeepBenchmark\combined_holdout\LSTM\lstm_model.keras,training-standardized raw EEG epoch (time x 19 channels),combined_eeg,child_control_60,child_control_60,0,Integrated Gradients,mean of training epochs after training-only channel standardization,ADHD positive class (sigmoid output = 1),31415,33,2,Pz,-3.48862013197504e-05,4.7034605813678354e-05,0.624649703502655
