subject_id,y_true,y_score
adult_adhd_1,1,1.0208572542769256
adult_adhd_1,1,0.9305211781761878
adult_adhd_1,1,0.4900950876640736
adult_adhd_1,1,0.3873886764675546
adult_adhd_1,1,1.2433649211701057
adult_adhd_1,1,0.9255512827167977
adult_adhd_1,1,0.5959461485534098
adult_adhd_1,1,-0.6181696696116473
adult_adhd_1,1,-0.5914388651580732
adult_adhd_1,1,0.2978299145774562
adult_adhd_1,1,-0.17940233562826738
adult_adhd_1,1,-0.24421463888032804
adult_adhd_1,1,-0.37797701261328986
adult_adhd_1,1,-0.04452753865550498
adult_adhd_1,1,-0.10486633254816305
adult_adhd_1,1,-0.316639444675033
adult_adhd_1,1,-0.2715489645119472
adult_adhd_1,1,-0.5179569307867976
adult_adhd_1,1,-0.651227294360967
adult_adhd_1,1,-0.549160062611941
adult_adhd_1,1,-1.4539906545429222
adult_adhd_1,1,-0.35414617232444534
adult_adhd_1,1,0.017927546782764738
adult_adhd_1,1,-0.4211646315789771
adult_adhd_1,1,-0.4702084843437325
adult_adhd_1,1,-0.12991036145849258
adult_adhd_1,1,-0.3097013775294609
adult_adhd_1,1,-0.38718559326189517
adult_adhd_1,1,-0.7893509222501803
adult_adhd_1,1,-0.12080458342209913
adult_adhd_1,1,-0.17005161700918406
adult_adhd_1,1,0.9152630498792887
adult_adhd_1,1,0.9150655241968552
adult_adhd_1,1,-1.3895549674928507
adult_adhd_1,1,-0.5996357173457895
adult_adhd_1,1,0.021655063459686465
adult_adhd_1,1,-0.3395753060067158
adult_adhd_1,1,-0.2929789689222727
adult_adhd_1,1,-0.3614316686433424
adult_adhd_1,1,-0.13978049265641426
adult_adhd_1,1,0.46351102397490573
adult_adhd_1,1,-0.14824494456234164
adult_adhd_1,1,-1.0054462845413488
adult_adhd_1,1,-0.6405308624722207
adult_adhd_1,1,-0.5209213488552046
adult_adhd_1,1,-0.0753793886224127
adult_adhd_1,1,0.188120835591831
adult_adhd_1,1,0.01864304684016336
adult_adhd_1,1,0.31502665966543664
adult_adhd_1,1,-0.05485138663975588
adult_adhd_1,1,-0.3507348647580736
adult_adhd_1,1,-0.4828783971678562
adult_adhd_1,1,-0.31208633591686075
adult_adhd_1,1,-0.38146699173390164
adult_adhd_1,1,0.11189628158767481
adult_adhd_1,1,0.3303126644403759
adult_adhd_1,1,0.13330025821872846
adult_adhd_1,1,0.40132945645962625
adult_adhd_1,1,-0.18089596399545896
adult_adhd_1,1,-0.1379978301942705
adult_adhd_1,1,-0.5951425335130626
adult_adhd_1,1,-0.5372843231213559
adult_adhd_1,1,-0.946514984502611
adult_adhd_1,1,-0.2097440526267457
adult_adhd_1,1,-0.13018741251457203
adult_adhd_1,1,0.21083334400987272
adult_adhd_1,1,-0.44949560288231394
adult_adhd_1,1,-0.17373618840742458
adult_adhd_1,1,-0.5526998318272226
adult_adhd_1,1,-0.8592475727943406
adult_adhd_1,1,-0.7642084021453209
adult_adhd_1,1,-0.6291926149676649
adult_adhd_1,1,-0.8298080196269563
adult_adhd_1,1,-0.5240604128152019
adult_adhd_1,1,0.6776890300662687
adult_adhd_1,1,0.2013806101362486
adult_adhd_1,1,-0.1729778580370608
adult_adhd_1,1,-0.6248871577718796
adult_adhd_1,1,0.054141237063803783
adult_adhd_1,1,-0.02493774872632306
adult_adhd_1,1,-0.6785423682773891
adult_adhd_1,1,-0.10674908970133759
adult_adhd_1,1,-0.3031126530770697
adult_adhd_1,1,0.5163107196152007
adult_adhd_1,1,-1.0389155045835596
adult_adhd_1,1,-1.3886943163545284
adult_adhd_1,1,0.20034040092337432
adult_adhd_1,1,0.21071292541663497
adult_adhd_1,1,-0.2617626970781973
adult_adhd_1,1,-0.16992596352859782
adult_adhd_1,1,0.34993205945858963
adult_adhd_1,1,0.048523024574370056
adult_adhd_1,1,-0.09793930227917605
adult_adhd_1,1,-0.3691106363156925
adult_adhd_1,1,-0.08568050203050506
adult_adhd_1,1,0.08345141396453579
adult_adhd_1,1,0.16060289855567875
adult_adhd_1,1,-0.8745226274980745
adult_adhd_1,1,-0.6384771265535772
adult_adhd_1,1,0.23467955435290797
adult_adhd_1,1,0.09174178804230868
adult_adhd_1,1,-0.017997286857633375
adult_adhd_1,1,-1.0629484477961886
adult_adhd_1,1,-1.2387121882101995
adult_adhd_1,1,-0.1282706393372747
adult_adhd_1,1,-0.23863319910215522
adult_adhd_1,1,0.046025075761031965
adult_adhd_1,1,0.19902015730009479
adult_adhd_1,1,-0.23550834627839193
adult_adhd_1,1,-0.4960053039367568
adult_adhd_1,1,-0.22826552038966144
adult_adhd_1,1,-0.4416509799843883
adult_adhd_1,1,0.3611109575501673
adult_adhd_1,1,0.5528690638044612
adult_adhd_1,1,0.08260338432001832
adult_adhd_1,1,-0.408999895156822
adult_adhd_1,1,-0.4977377170510925
adult_adhd_1,1,-0.39875917671929606
adult_adhd_1,1,0.14180354895901645
adult_adhd_1,1,-0.06935112557865378
adult_adhd_1,1,-0.5552397525069387
adult_adhd_1,1,-0.3467179128862309
adult_adhd_1,1,0.3139210949164518
adult_adhd_1,1,0.09134080244813933
adult_adhd_1,1,-0.024594913764052782
adult_adhd_1,1,-0.2196332107537752
adult_adhd_1,1,-0.8495746079186038
adult_adhd_1,1,0.29405201521648083
adult_adhd_1,1,0.35368296983018876
adult_adhd_1,1,-0.26737587658947415
adult_adhd_1,1,-0.2561839982080748
adult_adhd_1,1,-0.47696407074792446
adult_adhd_1,1,0.013848315363441978
adult_adhd_1,1,-0.8256032230943265
adult_adhd_1,1,-0.2080447651609191
adult_adhd_1,1,0.2513400403983229
adult_adhd_1,1,0.2178654548355393
adult_adhd_1,1,0.1648272446633446
adult_adhd_1,1,0.31986650120869575
adult_adhd_1,1,0.25127177802601397
adult_adhd_1,1,-0.2899865232572928
adult_adhd_1,1,-0.579527469152881
adult_adhd_1,1,-0.04774699937033713
adult_adhd_1,1,-0.14326505494659117
adult_adhd_1,1,-0.21641961888296538
adult_adhd_1,1,-0.3464889592525754
adult_adhd_1,1,-0.16193106062174892
adult_adhd_1,1,-0.06531197995202823
adult_adhd_1,1,-0.5595421788475144
adult_adhd_1,1,-0.44581937499081403
adult_adhd_1,1,-0.795346950827266
adult_adhd_1,1,-0.44727885548114565
adult_adhd_1,1,-0.33534100878953177
adult_adhd_1,1,0.2253286728207847
adult_adhd_1,1,0.4196410493901169
adult_adhd_1,1,-0.044050022528673426
adult_adhd_1,1,0.02590994116411114
adult_adhd_1,1,0.3064070215766016
adult_adhd_1,1,-0.5328356240033297
adult_adhd_1,1,-0.43648380749783244
adult_adhd_1,1,-0.306692606321333
adult_adhd_1,1,-0.18424205908374294
adult_adhd_1,1,0.12819696555787283
adult_adhd_1,1,0.07067172248827144
adult_adhd_1,1,-0.036997810007781594
adult_adhd_1,1,-0.2266869109348523
adult_adhd_1,1,-0.1860097786307037
adult_adhd_1,1,-0.29494595844620874
adult_adhd_1,1,-0.28981303295938365
adult_adhd_1,1,-0.2237364491694648
adult_adhd_1,1,-0.7065014011818652
adult_adhd_1,1,-0.6603041091207408
adult_adhd_1,1,-0.43391961744756447
adult_adhd_1,1,-0.154463753828077
adult_adhd_1,1,-0.8965731859785054
adult_adhd_1,1,-0.05661859231065005
adult_adhd_1,1,0.02124818642067048
adult_adhd_1,1,-0.04428701936364678
adult_adhd_1,1,-0.35394622283975286
adult_adhd_1,1,-0.35790802975123215
adult_adhd_1,1,0.031841883662260796
adult_adhd_1,1,-0.6811581102200263
adult_adhd_1,1,-0.25948696466107035
adult_adhd_1,1,0.3507128565485266
adult_adhd_1,1,0.36555719352975624
adult_adhd_1,1,0.4335384265086938
adult_adhd_1,1,0.21297888868587575
adult_adhd_1,1,-0.011844868555418574
adult_adhd_1,1,-0.4450554899023461
adult_adhd_1,1,-0.21703600086248756
adult_adhd_1,1,-0.4019302141593494
adult_adhd_1,1,-0.6734680304883262
adult_adhd_1,1,-0.041069987803129225
adult_adhd_1,1,0.5576585289818065
adult_adhd_1,1,-0.3408704567093478
adult_adhd_1,1,0.09974730552469566
adult_adhd_1,1,-0.18405580441134442
adult_adhd_1,1,-0.4589099360879819
adult_adhd_1,1,-0.8887118232359169
adult_adhd_1,1,-0.5266074204918393
adult_adhd_1,1,-0.4000710868928813
adult_adhd_1,1,0.2549409088780964
adult_adhd_1,1,0.2838986620112999
adult_adhd_1,1,0.4594830736833827
adult_adhd_1,1,-0.1816440785689121
adult_adhd_1,1,-0.15348580109656398
adult_adhd_1,1,0.39508344517625604
adult_adhd_1,1,0.5690558953376154
adult_adhd_1,1,0.6776027475174097
adult_adhd_1,1,0.14009358793532298
adult_adhd_1,1,-0.2541225386341116
adult_adhd_1,1,-0.5970206557897483
adult_adhd_1,1,0.2455131044710269
adult_adhd_1,1,-0.5056419251939038
adult_adhd_1,1,-0.39984807734962746
adult_adhd_1,1,0.5423260815794687
adult_adhd_1,1,0.14862758878753776
adult_adhd_1,1,0.6752397116017989
adult_adhd_1,1,0.06733799957465889
adult_adhd_1,1,-0.4625227830428543
adult_adhd_1,1,-0.03448541962356435
adult_adhd_1,1,0.05744334571853891
adult_adhd_1,1,0.07017171936966812
adult_adhd_1,1,0.053886356623187394
adult_adhd_1,1,0.0460834319099984
adult_adhd_1,1,0.7233143497788769
adult_adhd_1,1,-0.1819430017350702
adult_adhd_1,1,-0.11639733236401453
adult_adhd_1,1,0.14599816156352582
adult_adhd_1,1,-0.963846156521928
adult_adhd_1,1,-1.107617511648312
adult_adhd_1,1,-0.20758852319814816
adult_adhd_1,1,-0.7348168088692008
adult_adhd_1,1,0.44218142746970257
adult_adhd_1,1,0.5400274921767615
adult_adhd_1,1,0.33810281037147816
adult_adhd_1,1,-0.3330187136312509
adult_adhd_1,1,0.026771530556232027
adult_adhd_1,1,0.007557053253943825
adult_adhd_1,1,-0.13677442843351165
adult_adhd_1,1,0.5333010314927883
adult_adhd_1,1,-0.23019605617635133
adult_adhd_1,1,-0.3455125696417384
adult_adhd_1,1,0.24850576444615466
adult_adhd_1,1,0.16555101773856026
adult_adhd_1,1,-0.4166261929183416
adult_adhd_1,1,-0.1481953892737339
adult_adhd_1,1,-0.18504996200598392
adult_adhd_1,1,-0.2609591620151547
adult_adhd_1,1,-0.7053204259115152
adult_adhd_1,1,-0.5708884893588307
adult_adhd_1,1,0.03082819675363311
adult_adhd_1,1,-0.6021448096069423
adult_adhd_1,1,0.24021694854219441
adult_adhd_1,1,-0.1338490800718101
adult_adhd_1,1,-0.4127769222152228
adult_adhd_1,1,-0.04380300049341459
adult_adhd_1,1,0.2533246062109723
adult_adhd_1,1,-0.46837516559387227
adult_adhd_1,1,-0.8090086981969707
adult_adhd_1,1,-0.6242351923137534
adult_adhd_1,1,0.14805878078408616
adult_adhd_1,1,-0.11622138978247457
adult_adhd_1,1,-0.5682775553651273
adult_adhd_1,1,-0.016285602701072842
adult_adhd_1,1,0.10533114765109239
adult_adhd_1,1,0.12991574379704715
adult_adhd_1,1,0.1430038138955859
adult_adhd_1,1,-0.33203315212714457
adult_adhd_1,1,-0.243082864566479
adult_adhd_1,1,-0.7637736500355053
adult_adhd_1,1,-0.23553830269745415
adult_adhd_1,1,-1.1351970355357004
adult_adhd_1,1,-0.6366384925046437
adult_adhd_1,1,0.2562845035027089
adult_adhd_1,1,-0.4390405160635077
adult_adhd_1,1,-0.17876027728399926
adult_adhd_1,1,0.30051118781458197
adult_adhd_1,1,-0.4431622548657107
adult_adhd_1,1,-0.7342387682597992
adult_adhd_1,1,-0.27075194176160966
adult_adhd_1,1,-0.1600495605449023
adult_adhd_1,1,0.08468951085370743
adult_adhd_1,1,0.23856584334375128
adult_adhd_1,1,-0.22362018842709022
adult_adhd_1,1,-0.6285075140321065
adult_adhd_1,1,-0.49943204035347744
adult_adhd_1,1,-0.6087849193776623
adult_adhd_1,1,-0.8732049775812402
adult_adhd_1,1,-0.8431980524919295
adult_adhd_1,1,-0.4716939185642114
adult_adhd_1,1,-0.5337140923272526
adult_adhd_1,1,-1.0213588548186112
adult_adhd_1,1,-0.09860991190375704
adult_adhd_1,1,-0.0715160017221316
adult_adhd_1,1,-0.11691937888037521
adult_adhd_1,1,0.04460950164049402
adult_adhd_1,1,0.20726142864758143
adult_adhd_1,1,-0.059016046791708375
adult_adhd_1,1,0.5375426563841118
adult_adhd_1,1,0.019775643894154628
adult_adhd_1,1,0.16897269459512473
adult_adhd_1,1,-0.6378109092766236
adult_adhd_1,1,-0.42984613176843867
adult_adhd_1,1,0.30291037258899645
adult_adhd_1,1,-0.22826459716557404
adult_adhd_1,1,-1.0415910897611536
adult_adhd_1,1,-0.006793795624799336
adult_adhd_1,1,-0.44427661549704955
adult_adhd_1,1,-0.6032864661905845
adult_adhd_1,1,-0.08488270329792238
adult_adhd_1,1,-0.0137125297144002
adult_adhd_1,1,0.22321484571753344
adult_adhd_1,1,0.058446900068183184
adult_adhd_1,1,0.03203414675448633
adult_adhd_1,1,0.08005209974391878
adult_adhd_1,1,-0.09257181304920561
adult_adhd_1,1,-0.23216781027611325
adult_adhd_1,1,-0.5377806989262671
adult_adhd_1,1,-0.2225150262339545
adult_adhd_1,1,-0.5236336787901882
adult_adhd_1,1,-0.3036543220633455
adult_adhd_1,1,0.4596696873639875
adult_adhd_1,1,0.8320431491925252
adult_adhd_1,1,0.30941010233393806
adult_adhd_1,1,0.3664145485000977
adult_adhd_1,1,0.13801503319499817
adult_adhd_1,1,-0.7196707609339693
adult_adhd_1,1,-0.30711129582505936
adult_adhd_1,1,-0.5650957144156642
adult_adhd_1,1,0.34616968327440223
adult_adhd_1,1,-0.04839918729343164
adult_adhd_1,1,0.1942737756703484
adult_adhd_1,1,0.337978595136018
adult_adhd_1,1,-0.25695603147248647
adult_adhd_1,1,-0.28295606368201953
adult_adhd_1,1,-0.2680614906410409
adult_adhd_1,1,0.9296665907653857
adult_adhd_1,1,0.33125458300697963
adult_adhd_1,1,0.5382481121551154
adult_adhd_1,1,-0.3901571169824093
adult_adhd_1,1,-0.5005940452008074
adult_adhd_1,1,0.03824166150413797
adult_adhd_1,1,-0.5829540064109077
adult_adhd_1,1,-0.04091512286043288
adult_adhd_1,1,-0.11313515433367574
adult_adhd_1,1,0.38072556669011004
adult_adhd_1,1,0.3348584942554812
adult_adhd_1,1,-0.1245460625921763
adult_adhd_1,1,-0.06391610361942171
adult_adhd_1,1,-0.24711264712851735
adult_adhd_1,1,0.10200968842857003
adult_adhd_1,1,-0.4990870012312282
adult_adhd_1,1,-0.0459958266987849
adult_adhd_1,1,0.5566465882516703
adult_adhd_1,1,0.13725634006735152
adult_adhd_1,1,-0.0677011718527675
adult_adhd_1,1,0.17270979678464124
adult_adhd_1,1,-0.14615170894550414
adult_adhd_1,1,-0.2435966289953603
adult_adhd_1,1,-0.1603286825261753
adult_adhd_1,1,0.014035586338263163
adult_adhd_1,1,-0.18566322322982734
adult_adhd_1,1,-0.3215701432674888
adult_adhd_1,1,0.38945425218306984
adult_adhd_1,1,0.18884899650159523
adult_adhd_1,1,0.03931682964344949
adult_adhd_1,1,0.0792673442027457
adult_adhd_1,1,0.13758779994964696
adult_adhd_1,1,0.051581981253157584
adult_adhd_1,1,0.4177225352574815
adult_adhd_1,1,-0.24517002262098223
adult_adhd_1,1,-0.8237645069793843
adult_adhd_1,1,0.04847763964380745
adult_adhd_1,1,0.10632563791130475
adult_adhd_1,1,0.7273808447717928
adult_adhd_1,1,-0.015913064462251734
adult_adhd_1,1,-0.06768271343882884
adult_adhd_1,1,0.08083167192932769
adult_adhd_1,1,0.4777088084266988
adult_adhd_1,1,0.20659539566267168
adult_adhd_1,1,-0.052873056437046005
adult_adhd_1,1,-0.08023137263952754
adult_adhd_1,1,0.12293390412510438
adult_adhd_1,1,-0.27026482339953073
adult_adhd_1,1,-0.9136313739079615
adult_adhd_1,1,-0.11094961755136615
adult_adhd_1,1,0.23581889634303152
adult_adhd_1,1,-0.1988012802010987
adult_adhd_1,1,-0.2572572047056031
adult_adhd_1,1,-0.55995860919118
adult_adhd_1,1,-0.8350887904515786
adult_adhd_1,1,-0.44265964529649426
adult_adhd_1,1,0.1339132904333412
adult_adhd_1,1,0.1352548816407287
adult_adhd_1,1,0.20693757197501403
adult_adhd_1,1,-0.01845417176708377
adult_adhd_1,1,0.23986757630105124
adult_adhd_1,1,0.07801883120736139
adult_adhd_1,1,-0.22693102244811883
adult_adhd_1,1,-0.5711244906749203
adult_adhd_1,1,-0.478206230601791
adult_adhd_1,1,-0.11632369038757143
adult_adhd_1,1,0.42259381210511127
adult_adhd_1,1,-0.012083486356133565
adult_adhd_1,1,-1.1420663732513203
adult_adhd_1,1,0.5657795174482093
adult_adhd_1,1,-0.06578205997066391
adult_adhd_1,1,-0.36718046407672567
adult_adhd_1,1,-0.3979679690322552
adult_adhd_1,1,-1.2738342587051723
adult_adhd_1,1,-0.17692498581839092
adult_adhd_1,1,-0.30807581081910473
adult_adhd_1,1,-0.4491865978324959
adult_adhd_1,1,0.3803453067841077
adult_adhd_1,1,0.21046679965592938
adult_adhd_1,1,-0.603946711097905
adult_adhd_1,1,-0.9016738359885544
adult_adhd_1,1,-0.5029787030314864
adult_adhd_1,1,-0.5275199973333943
adult_adhd_1,1,-0.7129263400004507
adult_adhd_1,1,-0.23590406975573322
adult_adhd_1,1,-0.344344275839528
adult_adhd_1,1,-0.34583599016821365
adult_adhd_1,1,-0.5549148466707691
adult_adhd_1,1,-0.24339704786316166
adult_adhd_1,1,0.1276850872955869
adult_adhd_1,1,0.030415109150852083
adult_adhd_1,1,-0.8627388052617374
adult_adhd_1,1,-0.48537228142316236
adult_adhd_1,1,0.20873644660743693
adult_adhd_1,1,0.15899370185004055
adult_adhd_1,1,0.38269399238297874
adult_adhd_1,1,0.21379824137613931
adult_adhd_1,1,-0.10174740294320142
adult_adhd_1,1,-0.050163984044756214
adult_adhd_1,1,-0.5988416631322825
adult_adhd_1,1,0.07389114131169458
adult_adhd_1,1,-0.5109316436643166
adult_adhd_1,1,-0.011461883606522248
adult_adhd_1,1,-0.06070899148976485
adult_adhd_1,1,-0.1461417138853868
adult_adhd_1,1,-0.3656536299686105
adult_adhd_1,1,-0.11922070052642733
adult_adhd_1,1,-0.25437522839794446
adult_adhd_1,1,-0.015470019074003714
adult_adhd_1,1,-0.21024430108781136
adult_adhd_1,1,-0.05433519364723773
adult_adhd_1,1,0.1506857732587413
adult_adhd_1,1,-0.022261042411303132
adult_adhd_1,1,-0.07961816551144177
adult_adhd_1,1,0.11050927195409618
adult_adhd_1,1,-0.005392769014781161
adult_adhd_1,1,-0.7400371242661862
adult_adhd_1,1,0.28795814043242596
adult_adhd_1,1,0.0808875847073601
adult_adhd_1,1,0.18750780679537246
adult_adhd_1,1,-0.07935772586099912
adult_adhd_1,1,0.3684227523523932
adult_adhd_1,1,0.13194587884740291
adult_adhd_1,1,-0.2710223640856063
adult_adhd_1,1,0.24358745029952242
adult_adhd_1,1,0.1683670400238043
adult_adhd_1,1,-0.44637000257862824
adult_adhd_1,1,-0.560612964285159
adult_adhd_1,1,0.3183066414986572
adult_adhd_1,1,-0.08824300504321628
adult_adhd_1,1,0.08132257182629185
adult_adhd_1,1,0.23301282014386623
adult_adhd_1,1,-0.4476672469684887
adult_adhd_1,1,-0.26412926193402064
adult_adhd_1,1,0.615849285417554
adult_adhd_1,1,0.42107836160398826
adult_adhd_1,1,0.250347263286678
adult_adhd_1,1,-0.30715153797665795
adult_adhd_1,1,-0.4476724800909201
adult_adhd_1,1,-0.3984172881579452
adult_adhd_1,1,-0.5689127947552469
adult_adhd_1,1,-0.36272003402587616
adult_adhd_1,1,-0.42656588999362366
adult_adhd_1,1,-0.19832591018983328
adult_adhd_1,1,0.15665014420645526
adult_adhd_1,1,0.2501394086364691
adult_adhd_1,1,-0.17282171594793586
adult_adhd_1,1,-0.3931714037012205
adult_adhd_1,1,-0.4302613479965006
adult_adhd_1,1,-0.5435627904368067
adult_adhd_1,1,-0.6960420665340527
adult_adhd_1,1,0.3062117648493131
adult_adhd_1,1,-0.21440879015306127
adult_adhd_1,1,0.6166754026415054
adult_adhd_1,1,0.03367218778908008
adult_adhd_1,1,0.22294778969184134
adult_adhd_1,1,0.1866928193165248
adult_adhd_1,1,0.2428569932775214
adult_adhd_1,1,0.32015944322070766
adult_adhd_1,1,0.3202954269539725
adult_adhd_1,1,0.1883990458776453
adult_adhd_1,1,0.5125580377303366
adult_adhd_1,1,0.68747172334139
adult_adhd_1,1,0.5447617701289148
adult_adhd_1,1,-0.5780813771178511
adult_adhd_1,1,-0.8162782339187545
adult_adhd_1,1,0.2782498912694279
adult_adhd_1,1,-0.9517492076165394
adult_adhd_1,1,-0.5562462995105094
adult_adhd_1,1,0.1686783675780764
adult_adhd_1,1,-0.3473256166290789
adult_adhd_1,1,-0.9337756463065249
adult_adhd_1,1,-0.7757400249563865
adult_adhd_1,1,-0.3426490940827879
adult_adhd_1,1,-1.1396197043481529
adult_adhd_1,1,-1.3755130385194811
adult_adhd_1,1,-1.1410199040370337
adult_adhd_1,1,-0.33460305519564215
adult_adhd_1,1,0.41904710359624187
adult_adhd_1,1,0.7850075934203719
adult_adhd_1,1,0.028896436647531144
adult_adhd_1,1,0.98863749619506
adult_adhd_1,1,1.4716898409136818
adult_adhd_1,1,-0.6038201761176681
adult_adhd_1,1,-1.0620450605945209
adult_adhd_1,1,-0.24812409295321372
adult_adhd_1,1,0.12664424574506147
adult_adhd_1,1,0.3543765535709126
adult_adhd_1,1,0.4091403682739375
adult_adhd_1,1,-0.1835040078552347
adult_adhd_1,1,0.4209686425474032
adult_adhd_1,1,0.3230916219534673
adult_adhd_1,1,-1.0523201838236518
adult_adhd_1,1,-0.6374586580552285
adult_adhd_1,1,0.29684554962922827
adult_adhd_1,1,0.03575972554295346
adult_adhd_1,1,0.7191447749763303
adult_adhd_1,1,0.39107352716151056
adult_adhd_1,1,0.11713112785519283
adult_adhd_1,1,0.10151692557054756
adult_adhd_1,1,0.23366255300374225
adult_adhd_1,1,-0.12099520990529058
adult_adhd_1,1,-0.8940454947962845
adult_adhd_1,1,0.009633767356622781
adult_adhd_1,1,0.001719949024496882
adult_adhd_1,1,-1.1035210769015618
adult_adhd_1,1,0.19927030887581507
adult_adhd_1,1,0.3052809420670367
adult_adhd_1,1,-0.3835977512177865
adult_adhd_1,1,0.4432427535049587
adult_adhd_1,1,0.9380802003587992
adult_adhd_1,1,0.6243843542225155
adult_adhd_1,1,0.1670168554551613
adult_adhd_1,1,-0.33683305770341476
adult_adhd_1,1,-0.5324484729264566
adult_adhd_1,1,0.11304613973600972
adult_adhd_1,1,0.13743311593908122
adult_adhd_1,1,0.07124903152076642
adult_adhd_1,1,-0.28137028547399
adult_adhd_1,1,-0.34674256160485084
adult_adhd_1,1,0.13460890380745036
adult_adhd_1,1,0.49590269406868803
adult_adhd_1,1,0.9848481287119389
adult_adhd_1,1,-0.3992457162470874
adult_adhd_1,1,-0.10892251899472064
adult_adhd_1,1,0.07627271610118144
adult_adhd_1,1,0.38987959395081895
adult_adhd_1,1,0.5649600494962367
adult_adhd_1,1,1.1000552907959928
adult_adhd_1,1,0.7919427986945405
adult_adhd_1,1,-0.18229379663633774
adult_adhd_1,1,0.023126252700789697
adult_adhd_1,1,0.41896103482351876
adult_adhd_1,1,1.0014711510738046
adult_adhd_1,1,1.2627997238166637
adult_adhd_1,1,-0.1281340491363049
adult_adhd_1,1,0.054823138101720216
adult_adhd_1,1,0.6523149137792351
adult_adhd_1,1,-0.8728581560157228
adult_adhd_1,1,-0.5717496349501919
adult_adhd_1,1,-0.31971101978342353
adult_adhd_1,1,-0.3283787114077249
adult_adhd_1,1,-0.4346951044777957
adult_adhd_1,1,-0.5573631381348835
adult_adhd_1,1,-0.8455793611321235
adult_adhd_1,1,0.3455229098341147
adult_adhd_1,1,0.9359238922533121
adult_adhd_1,1,0.5216532867076699
adult_adhd_1,1,0.3175553572872355
adult_adhd_1,1,0.04536710751654569
adult_adhd_1,1,-0.19789360645007728
adult_adhd_1,1,-0.5578119981092068
adult_adhd_1,1,0.17276451166077908
adult_adhd_1,1,-0.2240442777366777
adult_adhd_1,1,-0.0524585729794941
adult_adhd_1,1,0.22016562001546278
adult_adhd_1,1,0.09811442488734654
adult_adhd_1,1,-0.2701945055899321
adult_adhd_1,1,0.5371536733495131
adult_adhd_1,1,-0.4445904494229235
adult_adhd_1,1,-0.8151469809720199
adult_adhd_1,1,-0.21411463306558867
adult_adhd_1,1,-0.6378445957077487
adult_adhd_1,1,0.7385020329872091
adult_adhd_1,1,1.3221801553779913
adult_adhd_1,1,0.8968286230729846
adult_adhd_1,1,0.9869006524148088
adult_adhd_1,1,0.6097640052299865
adult_adhd_1,1,0.7687965737052443
adult_adhd_1,1,-0.026217402404043265
adult_adhd_1,1,0.7133614013476365
adult_adhd_1,1,0.2865175777741352
adult_adhd_1,1,-0.9133237126737853
adult_adhd_1,1,-0.43653928596442915
adult_adhd_1,1,-0.0717885911386528
adult_adhd_1,1,-0.5185821235673348
adult_adhd_1,1,0.6421896601461811
adult_adhd_2,1,0.17715785172989315
adult_adhd_2,1,0.4223888834427211
adult_adhd_2,1,-0.9518353547801212
adult_adhd_2,1,-0.4231358164334952
adult_adhd_2,1,-0.6863510236129254
adult_adhd_2,1,-0.5218324898118282
adult_adhd_2,1,-0.44184559934234524
adult_adhd_2,1,-0.5185042098314651
adult_adhd_2,1,-0.0643327020172774
adult_adhd_2,1,-0.5992148780830212
adult_adhd_2,1,0.039741445970967605
adult_adhd_2,1,-1.25857807080247
adult_adhd_2,1,-0.9885516553186581
adult_adhd_2,1,-0.6096819180178342
adult_adhd_2,1,-0.6540811855369014
adult_adhd_2,1,-1.04182468060473
adult_adhd_2,1,-1.0693889256533722
adult_adhd_2,1,-0.6782013984469194
adult_adhd_2,1,-1.297549898904764
adult_adhd_2,1,-1.5164654098013561
adult_adhd_2,1,-0.6616735840290263
adult_adhd_2,1,-0.44813916465304116
adult_adhd_2,1,-0.005779246777890011
adult_adhd_2,1,-0.3522007903461851
adult_adhd_2,1,-0.3988660609257181
adult_adhd_2,1,-0.7202003773120652
adult_adhd_2,1,-0.8989172888018907
adult_adhd_2,1,-1.0696388974314415
adult_adhd_2,1,-1.3061258719682631
adult_adhd_2,1,-0.7587556052976957
adult_adhd_2,1,-0.6845778187131509
adult_adhd_2,1,-1.0527038200605046
adult_adhd_2,1,-0.3894182868341626
adult_adhd_2,1,-0.6040823727433139
adult_adhd_2,1,-0.9465354922776265
adult_adhd_2,1,-1.4477225294481895
adult_adhd_2,1,-1.4746606650416525
adult_adhd_2,1,-0.8521773072206059
adult_adhd_2,1,-0.9871141815132035
adult_adhd_2,1,-0.3612243706039461
adult_adhd_2,1,-1.0203774248223874
adult_adhd_2,1,-1.3053785847993948
adult_adhd_2,1,-1.7521881146600533
adult_adhd_2,1,-2.156420098863649
adult_adhd_2,1,-2.1648114205108784
adult_adhd_2,1,-1.7573189702481442
adult_adhd_2,1,-1.4983191287116173
adult_adhd_2,1,-0.8033345870403993
adult_adhd_2,1,-0.7002196171658611
adult_adhd_2,1,-0.620396403171806
adult_adhd_2,1,0.022934168761201336
adult_adhd_2,1,-1.5276565608740524
adult_adhd_2,1,-0.6892660407965104
adult_adhd_2,1,-0.706996400482342
adult_adhd_2,1,-1.8332823910373306
adult_adhd_2,1,-0.5718835639580012
adult_adhd_2,1,-0.5857454801099958
adult_adhd_2,1,-1.5954507413118098
adult_adhd_2,1,-1.6127886422927356
adult_adhd_2,1,-1.6020650154427938
adult_adhd_2,1,-1.925700232482546
adult_adhd_2,1,-0.19103685382622784
adult_adhd_2,1,-0.08496228037187895
adult_adhd_2,1,-0.9553019694106387
adult_adhd_2,1,-1.7352982751334256
adult_adhd_2,1,-1.1968766534090656
adult_adhd_2,1,-0.8308644582447003
adult_adhd_2,1,-1.6229375114687108
adult_adhd_2,1,-1.5531766428099427
adult_adhd_2,1,-1.5814927560784606
adult_adhd_2,1,-1.6286989235107354
adult_adhd_2,1,-2.020797947974335
adult_adhd_2,1,-1.7041937473929423
adult_adhd_2,1,-0.7262054053488839
adult_adhd_2,1,-0.43309004931963935
adult_adhd_2,1,-1.2460303434967779
adult_adhd_2,1,-1.1985272776983362
adult_adhd_2,1,-2.0030255029716404
adult_adhd_2,1,-0.5477374751127203
adult_adhd_2,1,-1.3817870991113126
adult_adhd_2,1,-0.9267643959764008
adult_adhd_2,1,-0.32553377435583586
adult_adhd_2,1,-1.3905474167179634
adult_adhd_2,1,-1.8090537107773295
adult_adhd_2,1,-1.7699826888263668
adult_adhd_2,1,-1.5582797391949703
adult_adhd_2,1,-1.3685010058991134
adult_adhd_2,1,-0.6574776279899018
adult_adhd_2,1,-0.355544319232877
adult_adhd_2,1,-0.07466615818911962
adult_adhd_2,1,-0.16114532606723656
adult_adhd_2,1,-1.6922337029189325
adult_adhd_2,1,-2.1305317166823725
adult_adhd_2,1,-2.3022496558563335
adult_adhd_2,1,-1.3867129247334935
adult_adhd_2,1,-2.0219198664305758
adult_adhd_2,1,-1.6612472499640627
adult_adhd_2,1,-1.5432333253558896
adult_adhd_2,1,-1.8928415501889448
adult_adhd_2,1,-1.6877245949529733
adult_adhd_2,1,-0.7154454126573543
adult_adhd_2,1,-1.0097479328701358
adult_adhd_2,1,-0.6506040580144651
adult_adhd_2,1,-1.3491639382717096
adult_adhd_2,1,-2.0914883467711425
adult_adhd_2,1,-2.1901982379266784
adult_adhd_2,1,-1.4191143703909743
adult_adhd_2,1,-0.873525639137028
adult_adhd_2,1,-1.65535657902569
adult_adhd_2,1,-1.9208816126666322
adult_adhd_2,1,-2.8880100657532837
adult_adhd_2,1,-2.104698610631677
adult_adhd_2,1,-0.9413104981052139
adult_adhd_2,1,-0.988887137087428
adult_adhd_2,1,-1.8576472461733928
adult_adhd_2,1,-0.7764154281028862
adult_adhd_2,1,-0.8405348104353112
adult_adhd_2,1,-0.3024575828428938
adult_adhd_2,1,-0.6973308085372397
adult_adhd_2,1,-0.5255856678252212
adult_adhd_2,1,-0.8922219218651896
adult_adhd_2,1,-1.3530062426630551
adult_adhd_2,1,-1.310977476757377
adult_adhd_2,1,-1.3294081007874197
adult_adhd_2,1,-1.2908044126650067
adult_adhd_2,1,-1.569143937026504
adult_adhd_2,1,-1.622176865130362
adult_adhd_2,1,-2.2491573099427975
adult_adhd_2,1,-1.688504740616326
adult_adhd_2,1,-1.5930894607315556
adult_adhd_2,1,-1.8374345228458262
adult_adhd_2,1,-1.9565232817570388
adult_adhd_2,1,-0.7952887791876949
adult_adhd_2,1,-0.92283541033663
adult_adhd_2,1,-1.5161194406670027
adult_adhd_2,1,-1.6439447471093938
adult_adhd_2,1,-1.2991252994485003
adult_adhd_2,1,-0.9188791821960959
adult_adhd_2,1,-1.3942456471104898
adult_adhd_2,1,-1.0513474697233205
adult_adhd_2,1,-1.0409419557371624
adult_adhd_2,1,-1.3428889653787746
adult_adhd_2,1,-1.1418971681351122
adult_adhd_2,1,-1.5160166693513997
adult_adhd_2,1,-0.9938880878069395
adult_adhd_2,1,-0.5150178591927997
adult_adhd_2,1,-0.4797222900616508
adult_adhd_2,1,-1.311973383271627
adult_adhd_2,1,-1.2366327212640988
adult_adhd_2,1,-1.1141091841029191
adult_adhd_2,1,-1.203859691375699
adult_adhd_2,1,-1.517275410657457
adult_adhd_2,1,-0.1427936573413872
adult_adhd_2,1,-0.7282289911284118
adult_adhd_2,1,-1.2199786654645788
adult_adhd_2,1,-1.8581436575929167
adult_adhd_2,1,-1.6175497273097723
adult_adhd_2,1,-1.2464348720177454
adult_adhd_2,1,-1.2676436807681295
adult_adhd_2,1,-0.6589575596680505
adult_adhd_2,1,-1.3123450189938821
adult_adhd_2,1,-0.8665543953674452
adult_adhd_2,1,-0.4737190821100613
adult_adhd_2,1,-1.588262234063372
adult_adhd_2,1,-0.93689584902779
adult_adhd_2,1,-0.9400383901917463
adult_adhd_2,1,-1.626989579750283
adult_adhd_2,1,-1.2443438784577654
adult_adhd_2,1,-0.5232237368606184
adult_adhd_2,1,-0.6607683078908394
adult_adhd_2,1,-1.3268947356582257
adult_adhd_2,1,-1.5414735727356428
adult_adhd_2,1,-2.469939974012982
adult_adhd_2,1,-1.7694470654660277
adult_adhd_2,1,-0.2310228907200437
adult_adhd_2,1,0.05922733496366037
adult_adhd_2,1,-1.4487959848670424
adult_adhd_2,1,-0.5972650306174508
adult_adhd_2,1,-0.6616268819308372
adult_adhd_2,1,-1.0487969087768922
adult_adhd_2,1,-1.003760484930527
adult_adhd_2,1,-0.7292881142160458
adult_adhd_2,1,-0.3268909898133122
adult_adhd_2,1,-0.7880821000731063
adult_adhd_2,1,-1.1573549968295094
adult_adhd_2,1,-0.962537414596582
adult_adhd_2,1,-0.4569589338129444
adult_adhd_2,1,-0.8321073487753389
adult_adhd_2,1,-1.5189014476326186
adult_adhd_2,1,-1.5848149647462804
adult_adhd_2,1,-1.4579378469765651
adult_adhd_2,1,-1.1289803105875484
adult_adhd_2,1,-1.3200159308562127
adult_adhd_2,1,-1.082343708051734
adult_adhd_2,1,-0.7198326554742337
adult_adhd_2,1,-0.3987613632870274
adult_adhd_2,1,-0.9554125801586303
adult_adhd_2,1,-1.4104778326736818
adult_adhd_2,1,-1.506712161718259
adult_adhd_2,1,-0.3154499829729879
adult_adhd_2,1,-0.558812517142217
adult_adhd_2,1,-1.0164452047306871
adult_adhd_2,1,-0.33573702110815995
adult_adhd_2,1,-1.4599134734692218
adult_adhd_2,1,-1.52773166371004
adult_adhd_2,1,-0.4118510827211018
adult_adhd_2,1,-1.8001210534784975
adult_adhd_2,1,-1.6688207615034116
adult_adhd_2,1,-1.347992520320786
adult_adhd_2,1,-0.4793006873606974
adult_adhd_2,1,-1.0476672129858242
adult_adhd_2,1,-0.9990596649858617
adult_adhd_2,1,-1.3340210956710346
adult_adhd_2,1,-1.0666581853947417
adult_adhd_2,1,-1.181603819816739
adult_adhd_2,1,-1.850083760135389
adult_adhd_2,1,-0.5519976928680442
adult_adhd_2,1,-0.8036185423112817
adult_adhd_2,1,-1.0691994363170498
adult_adhd_2,1,-1.0822895462059745
adult_adhd_2,1,-1.288040263195135
adult_adhd_2,1,-1.0399232557533487
adult_adhd_2,1,-0.9646892048040029
adult_adhd_2,1,-1.1147176456752081
adult_adhd_2,1,-0.9160053698907226
adult_adhd_2,1,-0.9916608577865381
adult_adhd_2,1,-1.4816910179549767
adult_adhd_2,1,-2.1613473017292817
adult_adhd_2,1,-1.035237934415608
adult_adhd_2,1,-0.8921490982387249
adult_adhd_2,1,-0.8708381518431704
adult_adhd_2,1,-1.911815433083404
adult_adhd_2,1,-1.3386790577336365
adult_adhd_2,1,-0.7091637752778123
adult_adhd_2,1,-1.6055952615589661
adult_adhd_2,1,-0.8460335112831724
adult_adhd_2,1,-0.40171161794934773
adult_adhd_2,1,-0.7971773257856659
adult_adhd_2,1,-1.25234047569651
adult_adhd_2,1,-1.2511599332443955
adult_adhd_2,1,-1.1676943947167069
adult_adhd_2,1,-0.9899163485646624
adult_adhd_2,1,-0.7041056751659037
adult_adhd_2,1,-0.15102773168816644
adult_adhd_2,1,-0.7622425147774966
adult_adhd_2,1,-1.061312306267705
adult_adhd_2,1,-1.249512023475806
adult_adhd_2,1,-0.9474662448652243
adult_adhd_2,1,-0.8832730956775497
adult_adhd_2,1,-1.8896057994288697
adult_adhd_2,1,-1.8643888610210801
adult_adhd_2,1,-1.1585238930791562
adult_adhd_2,1,-0.8017514194258618
adult_adhd_2,1,-0.9309815817027499
adult_adhd_2,1,-2.0642480147458993
adult_adhd_2,1,-1.367182482090628
adult_adhd_2,1,-1.0005793777788305
adult_adhd_2,1,-0.6026762180940376
adult_adhd_2,1,-0.540643904403323
adult_adhd_2,1,-1.068226626494218
adult_adhd_2,1,-1.1849627480496432
adult_adhd_2,1,-1.0968067465047087
adult_adhd_2,1,-1.365221335010319
adult_adhd_2,1,-0.8676175623113024
adult_adhd_2,1,-0.7468961657007992
adult_adhd_2,1,-0.782197045723611
adult_adhd_2,1,-0.6420514136757126
adult_adhd_2,1,-1.5013756834235212
adult_adhd_2,1,-1.8519780490045634
adult_adhd_2,1,-2.5049579402586803
adult_adhd_2,1,-0.8922047955463709
adult_adhd_2,1,-0.6555238886442808
adult_adhd_2,1,-0.07850046095621313
adult_adhd_2,1,-0.1358691776725877
adult_adhd_2,1,-1.194481328514259
adult_adhd_2,1,-1.1361410508648224
adult_adhd_2,1,-1.0505007591520905
adult_adhd_2,1,-1.16751450871568
adult_adhd_2,1,-1.5021893098061705
adult_adhd_2,1,-0.760053423906231
adult_adhd_2,1,-0.09823290733867554
adult_adhd_2,1,-0.8234864182434277
adult_adhd_2,1,-1.5584954875665673
adult_adhd_2,1,-0.44894744568349754
adult_adhd_2,1,-0.8638204359708136
adult_adhd_2,1,-0.9215915995990337
adult_adhd_2,1,-0.9964592170711039
adult_adhd_2,1,-0.5403790828471194
adult_adhd_2,1,-0.6343447465061213
adult_adhd_2,1,-0.9474811580685379
adult_adhd_2,1,-0.9251783125707344
adult_adhd_2,1,-1.4966768591201114
adult_adhd_2,1,-0.8663074116453727
adult_adhd_2,1,-0.9557426420046825
adult_adhd_2,1,-1.5979417552539439
adult_adhd_2,1,-1.2102961999901907
adult_adhd_2,1,-0.40896666696436845
adult_adhd_2,1,-0.5556532163178808
adult_adhd_2,1,-0.7273845054721376
adult_adhd_2,1,-1.287478275530649
adult_adhd_2,1,-1.889914727095129
adult_adhd_2,1,-1.4177383986182375
adult_adhd_2,1,-1.1386180777101553
adult_adhd_2,1,-0.2801931353108683
adult_adhd_2,1,-1.0929256011338073
adult_adhd_2,1,-0.8188319104416805
adult_adhd_2,1,-0.6880073010870354
adult_adhd_2,1,-1.0057632879381142
adult_adhd_2,1,-1.3081165548067117
adult_adhd_2,1,-0.8570082896033181
adult_adhd_2,1,-0.3054593979821857
adult_adhd_2,1,-0.8933835950872101
adult_adhd_2,1,-0.3191461331213573
adult_adhd_2,1,-0.5863869060960857
adult_adhd_2,1,-1.3910651999674362
adult_adhd_2,1,-1.5154081218687612
adult_adhd_2,1,-1.6316246013562758
adult_adhd_2,1,-1.5474782012445432
adult_adhd_2,1,-0.827064098566851
adult_adhd_2,1,-1.464056917187131
adult_adhd_2,1,-1.889775419397934
adult_adhd_2,1,-1.8195091187994752
adult_adhd_2,1,-0.6786744297161159
adult_adhd_2,1,0.005660796303527428
adult_adhd_2,1,-0.4618270895322153
adult_adhd_2,1,-0.052133059032150174
adult_adhd_2,1,0.14040430670139523
adult_adhd_2,1,-0.7493520839641609
adult_adhd_2,1,-1.2601150083903705
adult_adhd_2,1,-1.5415212673629872
adult_adhd_2,1,-0.6284073033974938
adult_adhd_2,1,-1.3815658875260306
adult_adhd_2,1,-2.1637491958744284
adult_adhd_2,1,-1.2467727009743057
adult_adhd_2,1,-0.6078095052393876
adult_adhd_2,1,-1.227114630627979
adult_adhd_2,1,-1.391635498710602
adult_adhd_2,1,-1.6400923234382137
adult_adhd_2,1,-1.272855824904977
adult_adhd_2,1,-0.5151251456940317
adult_adhd_2,1,-1.2219207764832092
adult_adhd_2,1,-1.4915002065899694
adult_adhd_2,1,-1.5526744752888364
adult_adhd_2,1,-2.658503971905977
adult_adhd_2,1,-1.9818954318596624
adult_adhd_2,1,-1.4680366845610617
adult_adhd_2,1,-1.366343662378064
adult_adhd_2,1,-1.1218187751824011
adult_adhd_2,1,-1.354409703265702
adult_adhd_2,1,-1.2446647140798883
adult_adhd_2,1,-1.0475895000748423
adult_adhd_2,1,-1.1383586397904049
adult_adhd_2,1,-1.1275187761575038
adult_adhd_2,1,-1.8303398079397808
adult_adhd_2,1,-2.1269618688259033
adult_adhd_2,1,-1.3200822990179524
adult_adhd_2,1,-1.5123218889820422
adult_adhd_2,1,-0.12817511277644514
adult_adhd_2,1,-0.28817123323544835
adult_adhd_2,1,-0.641224974624301
adult_adhd_2,1,-1.4121534305211898
adult_adhd_2,1,-1.4217823489680992
adult_adhd_2,1,-0.891291474823812
adult_adhd_2,1,-1.2049184928935288
adult_adhd_2,1,-1.0771482126201324
adult_adhd_2,1,-0.33524562853760365
adult_adhd_2,1,-1.690407771189978
adult_adhd_2,1,-1.6733104028902352
adult_adhd_2,1,-1.5585824429681052
adult_adhd_2,1,-1.4220897134955393
adult_adhd_2,1,-1.4575837915726786
adult_adhd_2,1,-1.1770097326498292
adult_adhd_2,1,-1.3117511181723676
adult_adhd_2,1,-1.2226856929227137
adult_adhd_2,1,-1.1048696946293246
adult_adhd_2,1,-0.6633189320672813
adult_adhd_2,1,-0.7384094844818868
adult_adhd_2,1,-1.027265389549235
adult_adhd_2,1,-0.8630517035116724
adult_adhd_2,1,-0.739401433790475
adult_adhd_2,1,-1.0237419500499698
adult_adhd_2,1,-0.9196581685936004
adult_adhd_2,1,-1.730363759285345
adult_adhd_2,1,-1.0779428880135002
adult_adhd_2,1,-1.2284649869456352
adult_adhd_2,1,-1.3433896409272177
adult_adhd_2,1,-0.7258231419012237
adult_adhd_2,1,-0.5021868670402928
adult_adhd_2,1,-1.0741466901788002
adult_adhd_2,1,-1.596208988329431
adult_adhd_2,1,-1.2888793765678108
adult_adhd_2,1,-1.6034833749495663
adult_adhd_2,1,-2.081986891974399
adult_adhd_2,1,-2.153319080826725
adult_adhd_2,1,-0.8886932036364893
adult_adhd_2,1,-1.1717107475649757
adult_adhd_2,1,-0.9119838537795498
adult_adhd_2,1,-0.4301194294460554
adult_adhd_2,1,-0.9642212657170791
adult_adhd_2,1,-0.4031551843126454
adult_adhd_2,1,-0.5601552657548389
adult_adhd_2,1,-1.3360672100484665
adult_adhd_2,1,-0.7561664540195697
adult_adhd_2,1,-0.6257190378238472
adult_adhd_2,1,-0.6678885271216831
adult_adhd_2,1,-1.1778509111935622
adult_adhd_2,1,-1.2756033155133566
adult_adhd_2,1,-0.15088694127836746
adult_adhd_2,1,-1.0121767249807592
adult_adhd_2,1,-0.9664582926774802
adult_adhd_2,1,0.20596519100618868
adult_adhd_2,1,-0.8902449084314913
adult_adhd_2,1,-1.1018622967407308
adult_adhd_2,1,-1.4060798878086365
adult_adhd_2,1,-1.9711880182826729
adult_adhd_2,1,-2.492718749262598
adult_adhd_2,1,-1.5078728249761824
adult_adhd_2,1,-1.1401018305852393
adult_adhd_2,1,-1.387864148317325
adult_adhd_2,1,-0.9470690004714254
adult_adhd_2,1,-1.2729872443005652
adult_adhd_2,1,-1.8335177235149462
adult_adhd_2,1,-0.17392930702855205
adult_adhd_2,1,-0.395551202357013
adult_adhd_2,1,-0.9145359945315609
adult_adhd_2,1,-1.5148823745006803
adult_adhd_2,1,-1.3672321219195034
adult_adhd_2,1,-1.2460289179575428
adult_adhd_2,1,-1.8605470873665348
adult_adhd_2,1,-1.6174890227744443
adult_adhd_2,1,-0.3313083929464241
adult_adhd_2,1,-0.7140229294417354
adult_adhd_2,1,-1.0492240225332465
adult_adhd_2,1,-0.9872935065576786
adult_adhd_2,1,-0.9775021732118055
adult_adhd_2,1,-0.41000902485779844
adult_adhd_2,1,-1.420883364177211
adult_adhd_2,1,-2.3959601817383005
adult_adhd_2,1,-2.8556405966643634
adult_adhd_2,1,-1.094854946649832
adult_adhd_2,1,-1.5581322966004514
adult_adhd_2,1,-1.661532249477463
adult_adhd_2,1,-0.7914112506682195
adult_adhd_2,1,-0.7473605757738125
adult_adhd_2,1,-0.9434725807010808
adult_adhd_2,1,-1.5018546623355231
adult_adhd_2,1,-0.9507414043536556
adult_adhd_2,1,-1.0184728236947316
adult_adhd_2,1,-1.2895659363876901
adult_adhd_2,1,-0.7494633905723206
adult_adhd_2,1,-0.9292782174283966
adult_adhd_2,1,-1.1443724521085212
adult_adhd_2,1,-1.1783200092839352
adult_adhd_2,1,-0.6860336738529749
adult_adhd_2,1,-0.21720486913238482
adult_adhd_2,1,-0.5803032454018463
adult_adhd_2,1,-0.7446178339608548
adult_adhd_2,1,-1.1369256829998595
adult_adhd_2,1,-2.2424069770347614
adult_adhd_2,1,-1.6347952832761394
adult_adhd_2,1,-2.04232207964355
adult_adhd_2,1,-0.8929645852378919
adult_adhd_2,1,-0.3972620317558645
adult_adhd_2,1,-0.4415786251123629
adult_adhd_2,1,-0.003660120195207915
adult_adhd_2,1,-0.31438905378465687
adult_adhd_2,1,-1.6031351533011708
adult_adhd_2,1,-0.8288069964323198
adult_adhd_2,1,-1.2445333575592126
adult_adhd_2,1,-0.8160443022113507
adult_adhd_2,1,-0.9117779512922869
adult_adhd_2,1,-0.8558332901193472
adult_adhd_2,1,-0.9926602533215622
adult_adhd_2,1,-1.0373527842896215
adult_adhd_2,1,-0.3900236806425029
adult_adhd_2,1,-0.5346584852185375
adult_adhd_2,1,-0.7028083793673393
adult_adhd_2,1,-0.3289421394916946
adult_adhd_2,1,-1.0820154026418
adult_adhd_2,1,-1.1251720911545622
adult_adhd_2,1,-0.7499714959031624
adult_adhd_2,1,-0.6152702335017207
adult_adhd_2,1,-0.9311424650618031
adult_adhd_2,1,-0.6996230879813709
adult_adhd_2,1,0.18038819453078245
adult_adhd_2,1,-0.36708209827798555
adult_adhd_2,1,-0.05144915341988945
adult_adhd_2,1,-1.169799414344061
adult_adhd_2,1,-0.8358035116427639
adult_adhd_2,1,-0.39784650004721367
adult_adhd_2,1,0.2559242821824098
adult_adhd_2,1,0.1718356058165292
adult_adhd_2,1,-0.2353105678813087
adult_adhd_2,1,-1.7679695266223208
adult_adhd_2,1,-0.841496277481148
adult_adhd_2,1,-0.5094508285029086
adult_adhd_2,1,-0.8151783838722156
adult_adhd_2,1,-0.8321374719178535
adult_adhd_2,1,0.22878827232603224
adult_adhd_2,1,-0.8110503902389697
adult_adhd_2,1,-0.9345418296648037
adult_adhd_2,1,-0.7548072557541022
adult_adhd_2,1,-0.11975012631883022
adult_adhd_2,1,-0.4834069334173029
adult_adhd_2,1,-0.3821756870557923
adult_adhd_2,1,-0.08354999219627005
adult_adhd_2,1,-0.682990532533953
adult_adhd_2,1,-1.476814488187855
adult_adhd_2,1,-1.1582954540903643
adult_adhd_2,1,-0.6909990054519225
adult_adhd_2,1,-1.2026992021059146
adult_adhd_2,1,-0.8094445502968987
adult_adhd_2,1,-0.1553924536677144
adult_adhd_2,1,0.39704137125227856
adult_adhd_2,1,-0.8434504743714072
adult_adhd_2,1,-1.3090915124186409
adult_adhd_2,1,-0.2516998910883065
adult_adhd_2,1,-0.6759255101474836
adult_adhd_2,1,-0.2972142359754363
adult_adhd_2,1,-0.03536778643444007
adult_adhd_2,1,-0.5882777441894159
adult_adhd_2,1,-1.096003575065006
adult_adhd_2,1,-1.4411139896712326
adult_adhd_2,1,-1.6072218517805443
adult_adhd_2,1,-1.0960326515778416
adult_adhd_2,1,-0.1326915091346618
adult_adhd_2,1,-0.5759900683870111
adult_adhd_2,1,-1.2369992153420348
adult_adhd_2,1,-1.6476967640525477
adult_adhd_2,1,-1.1044603436153775
adult_adhd_2,1,-1.155152563652889
adult_adhd_2,1,-1.1830991163723708
adult_adhd_2,1,-1.4190257450244
adult_adhd_2,1,0.015401495224571883
adult_adhd_2,1,-0.08629348011080698
adult_adhd_2,1,-0.9516512775761478
adult_adhd_2,1,-0.8249170909414535
adult_adhd_2,1,-0.4052738371096253
adult_adhd_2,1,-0.6868308741450221
adult_adhd_2,1,-0.3421722583474093
adult_adhd_2,1,-0.09254034084700527
adult_adhd_2,1,-0.6320577143935088
adult_adhd_2,1,-1.1767747863857765
adult_adhd_2,1,-0.0663505307527247
adult_adhd_2,1,-0.06350939606450448
adult_adhd_2,1,-0.19588389905794026
adult_adhd_2,1,-0.984406329710377
adult_adhd_2,1,-0.1278320239588421
adult_adhd_2,1,-0.1197988007151122
adult_adhd_2,1,-0.5978146907072167
adult_adhd_2,1,-1.3567714850384336
adult_adhd_2,1,-0.7816205653852631
adult_adhd_2,1,-0.9854371877766605
adult_adhd_2,1,-1.493479239289854
adult_adhd_2,1,-0.7821600771086507
adult_adhd_2,1,-0.5690235797752002
adult_adhd_2,1,0.34429138040929586
adult_adhd_2,1,0.45785974840355304
adult_adhd_2,1,-0.7421301886627661
adult_adhd_2,1,-0.30061764118955325
adult_adhd_2,1,-0.9659866095543735
adult_adhd_2,1,-1.268504635985817
adult_adhd_2,1,-1.4245333649063285
adult_adhd_2,1,-0.9121291641671626
adult_adhd_2,1,-1.5683552285213498
adult_adhd_2,1,-1.3566212018510955
adult_adhd_2,1,-0.5146287263467672
adult_adhd_2,1,-1.5924453216711005
adult_adhd_2,1,-1.511711660456366
adult_adhd_2,1,-0.8378899327639545
adult_adhd_2,1,-0.49133867091901917
adult_adhd_2,1,-0.11176334626551912
adult_adhd_2,1,-0.88588070981584
adult_adhd_2,1,-1.1488635798374955
adult_adhd_2,1,-1.0616511825865267
adult_adhd_2,1,-0.3551578690936398
adult_adhd_2,1,-0.7948064943032959
adult_adhd_2,1,-1.0476345629294088
adult_adhd_2,1,-0.7470702061679594
adult_adhd_2,1,-0.91182516162538
adult_adhd_2,1,0.3932077203700258
adult_adhd_2,1,0.1838317842292497
adult_adhd_2,1,-0.6205616783741131
adult_adhd_2,1,-1.0806467401017867
adult_adhd_2,1,-0.7446885897406251
adult_adhd_2,1,-1.4196144390873413
adult_adhd_2,1,-1.6369811486979104
adult_adhd_2,1,-1.5432460825715555
adult_adhd_2,1,-1.208822923160731
adult_adhd_2,1,-1.5880910970350377
adult_adhd_2,1,0.1965903298632151
adult_adhd_2,1,-0.28415659623323497
adult_adhd_2,1,-0.4855013074573037
adult_adhd_2,1,-0.7753331589461924
adult_adhd_2,1,-0.6024362134459599
adult_adhd_2,1,-1.4305522661843142
adult_adhd_2,1,-0.8846011573095781
adult_adhd_2,1,-0.4453788485959892
adult_adhd_2,1,0.03518382273294938
adult_adhd_2,1,-0.31411492419646014
adult_adhd_2,1,-1.0969987022153624
adult_adhd_2,1,-1.4476740461214486
adult_adhd_2,1,-1.6855446419030287
adult_adhd_2,1,-1.337918996793173
adult_adhd_2,1,-1.1453609591624945
adult_adhd_2,1,-1.1574996825901316
adult_adhd_2,1,-0.5819009913467402
adult_adhd_2,1,-0.7428979148067464
adult_adhd_2,1,-0.7205815023494536
adult_adhd_2,1,-1.5194506576877167
adult_adhd_2,1,-1.1990394984582604
adult_adhd_2,1,-0.9898413628847645
adult_adhd_2,1,-1.0129204081494598
adult_adhd_2,1,-0.8197586964825802
adult_adhd_2,1,-1.2375707912551888
adult_adhd_2,1,-0.6679490024034046
adult_adhd_3,1,-0.43875963880579005
adult_adhd_3,1,0.3963290434767527
adult_adhd_3,1,-0.22313274784394369
adult_adhd_3,1,-1.3710478849404355
adult_adhd_3,1,-1.0569737191460344
adult_adhd_3,1,-0.3407433392267939
adult_adhd_3,1,-1.6645329305146854
adult_adhd_3,1,-1.4998094839812948
adult_adhd_3,1,-0.5945496141343093
adult_adhd_3,1,-1.2445066675765364
adult_adhd_3,1,-2.298710083908067
adult_adhd_3,1,-1.341395353229779
adult_adhd_3,1,-0.7802892949131973
adult_adhd_3,1,-1.0432199370026265
adult_adhd_3,1,-1.277449052376695
adult_adhd_3,1,-0.8474987993535056
adult_adhd_3,1,-0.1034096874788352
adult_adhd_3,1,-0.4224651938041156
adult_adhd_3,1,-0.37011230829129127
adult_adhd_3,1,-0.8901402175720118
adult_adhd_3,1,-0.9785623483385949
adult_adhd_3,1,-0.7305536757988184
adult_adhd_3,1,0.11185064241811746
adult_adhd_3,1,-0.49676190191832614
adult_adhd_3,1,-1.0259269900353254
adult_adhd_3,1,-0.9772360887761656
adult_adhd_3,1,-0.3563351672405365
adult_adhd_3,1,-0.4683671689004153
adult_adhd_3,1,-1.2607710859490708
adult_adhd_3,1,-0.4013571413440661
adult_adhd_3,1,0.20193960424684007
adult_adhd_3,1,-0.932649038294402
adult_adhd_3,1,-1.3650183945652417
adult_adhd_3,1,-0.7602379781877876
adult_adhd_3,1,-0.8676613174028559
adult_adhd_3,1,-0.8774855044859314
adult_adhd_3,1,-0.9513312024679278
adult_adhd_3,1,-0.30941921809883766
adult_adhd_3,1,0.11273333051741483
adult_adhd_3,1,-0.5674226408947377
adult_adhd_3,1,-0.3274608523432708
adult_adhd_3,1,-0.41162850650931204
adult_adhd_3,1,-0.5355220297026836
adult_adhd_3,1,-0.3366201210151315
adult_adhd_3,1,-0.4768765607516626
adult_adhd_3,1,-1.6053604957281915
adult_adhd_3,1,-0.21516640750274743
adult_adhd_3,1,-0.15968666561134306
adult_adhd_3,1,-0.7814893581462184
adult_adhd_3,1,-1.280117847874295
adult_adhd_3,1,-1.3112713340224698
adult_adhd_3,1,-0.7755709979989581
adult_adhd_3,1,-1.3082139569266686
adult_adhd_3,1,-0.8285181750011271
adult_adhd_3,1,-0.5085886161758107
adult_adhd_3,1,-0.33911897348813225
adult_adhd_3,1,-0.40357729730433556
adult_adhd_3,1,-0.6754585782535852
adult_adhd_3,1,-0.07459870621191902
adult_adhd_3,1,-0.2351515311285576
adult_adhd_3,1,-0.6616712432619506
adult_adhd_3,1,-0.025852518754070707
adult_adhd_3,1,-0.04261814289533152
adult_adhd_3,1,-0.19367657335955793
adult_adhd_3,1,-0.2632045193075937
adult_adhd_3,1,-0.8709380900180935
adult_adhd_3,1,-0.7174935977145588
adult_adhd_3,1,-0.34963828505017946
adult_adhd_3,1,-0.07414647201852356
adult_adhd_3,1,-0.6194539777057101
adult_adhd_3,1,-0.8370571293296426
adult_adhd_3,1,-0.774729031297975
adult_adhd_3,1,0.09544140406550125
adult_adhd_3,1,-0.766980533262802
adult_adhd_3,1,-1.5007775954028646
adult_adhd_3,1,-0.5865031375219675
adult_adhd_3,1,-0.8310896005812153
adult_adhd_3,1,-0.8623404884572902
adult_adhd_3,1,-0.8534050407882922
adult_adhd_3,1,-1.175157206206718
adult_adhd_3,1,-0.9434010562399678
adult_adhd_3,1,-0.5131916652968082
adult_adhd_3,1,-0.8223717060590058
adult_adhd_3,1,-0.7323067452823223
adult_adhd_3,1,-0.543021824134929
adult_adhd_3,1,-0.7713599044416845
adult_adhd_3,1,-1.3215961130066725
adult_adhd_3,1,0.04936283550868401
adult_adhd_3,1,-0.16046406705240104
adult_adhd_3,1,-0.0697428977125413
adult_adhd_3,1,-0.2913606151334037
adult_adhd_3,1,0.003348126182036372
adult_adhd_3,1,-0.45787539962265045
adult_adhd_3,1,-0.9362714454622408
adult_adhd_3,1,-0.36218133604784153
adult_adhd_3,1,-0.29567710687826476
adult_adhd_3,1,-0.4354414047833236
adult_adhd_3,1,-0.6590539812855599
adult_adhd_3,1,0.03354008310967336
adult_adhd_3,1,-0.5721919777787837
adult_adhd_3,1,-0.41230577506538235
adult_adhd_3,1,0.23299196503106065
adult_adhd_3,1,-0.3799282364054942
adult_adhd_3,1,-0.40137491047270346
adult_adhd_3,1,-0.7667692541744374
adult_adhd_3,1,-0.609544317430068
adult_adhd_3,1,-0.6625112208769169
adult_adhd_3,1,-1.0165848902121528
adult_adhd_3,1,-0.9108285013706093
adult_adhd_3,1,-1.4199984436759987
adult_adhd_3,1,-0.6832334555497369
adult_adhd_3,1,-0.4883891755730717
adult_adhd_3,1,-0.5897521796348245
adult_adhd_3,1,-0.7602992306033743
adult_adhd_3,1,-0.5762625787594623
adult_adhd_3,1,-0.7953492615485865
adult_adhd_3,1,-0.9419473875141419
adult_adhd_3,1,-0.6958154073277595
adult_adhd_3,1,-0.6116849297693995
adult_adhd_3,1,0.020552706205918182
adult_adhd_3,1,-0.947602294587126
adult_adhd_3,1,-0.1866762571067712
adult_adhd_3,1,-0.5668676252066857
adult_adhd_3,1,-0.5867784335503682
adult_adhd_3,1,-0.9657107065139322
adult_adhd_3,1,-0.5321331909521109
adult_adhd_3,1,-0.02413630287998094
adult_adhd_3,1,-0.3125188837657732
adult_adhd_3,1,-1.2838866438700518
adult_adhd_3,1,-1.1303241134597362
adult_adhd_3,1,-0.35722806865301526
adult_adhd_3,1,-0.39639189946951114
adult_adhd_3,1,0.005031483951746109
adult_adhd_3,1,0.27707808476854956
adult_adhd_3,1,0.010984287289891627
adult_adhd_3,1,-0.43437145883584305
adult_adhd_3,1,-1.313599146069139
adult_adhd_3,1,-0.8701573088707305
adult_adhd_3,1,-0.5490019631176611
adult_adhd_3,1,-0.5396909749431685
adult_adhd_3,1,-0.42744996044288885
adult_adhd_3,1,-0.6402077990298286
adult_adhd_3,1,-0.011132419726209174
adult_adhd_3,1,-0.16088968506796278
adult_adhd_3,1,-0.814128251470131
adult_adhd_3,1,0.020096230944910067
adult_adhd_3,1,0.09079588757415555
adult_adhd_3,1,0.01370455424557724
adult_adhd_3,1,-0.48867024529918923
adult_adhd_3,1,-0.6026080197475697
adult_adhd_3,1,-0.860207605483818
adult_adhd_3,1,-0.5054115845451798
adult_adhd_3,1,-0.0741908801911241
adult_adhd_3,1,0.1371936504954415
adult_adhd_3,1,-0.45575646211967935
adult_adhd_3,1,-0.24318055845772016
adult_adhd_3,1,-0.06944147926010161
adult_adhd_3,1,0.3998652289462338
adult_adhd_3,1,0.17403014928435664
adult_adhd_3,1,0.5751940024300036
adult_adhd_3,1,0.18203448675150033
adult_adhd_3,1,-0.8270045613165146
adult_adhd_3,1,-0.09904589829923208
adult_adhd_3,1,0.12106676059158791
adult_adhd_3,1,0.022503394223317576
adult_adhd_3,1,-0.2686074204275867
adult_adhd_3,1,-0.9127414036299334
adult_adhd_3,1,-0.5061963943144651
adult_adhd_3,1,-0.22450606633666084
adult_adhd_3,1,-0.7622600584910905
adult_adhd_3,1,-0.8959873508105142
adult_adhd_3,1,-0.5289854570019384
adult_adhd_3,1,0.7926288800358973
adult_adhd_3,1,0.3767099545434204
adult_adhd_3,1,0.21870540840663918
adult_adhd_3,1,-0.21604202053781077
adult_adhd_3,1,0.34273615983913086
adult_adhd_3,1,-0.18443938518363404
adult_adhd_3,1,-0.08467856838832769
adult_adhd_3,1,0.55111748333049
adult_adhd_3,1,-0.45668281403831246
adult_adhd_3,1,-0.635775238548533
adult_adhd_3,1,-0.6059442225174795
adult_adhd_3,1,0.23094704372481986
adult_adhd_3,1,-0.33692941428467804
adult_adhd_3,1,-0.674809001715935
adult_adhd_3,1,-0.2025364984819821
adult_adhd_3,1,-0.0046632108634296
adult_adhd_3,1,-0.26140106832211385
adult_adhd_3,1,0.3550532085647019
adult_adhd_3,1,0.3224076932091774
adult_adhd_3,1,0.19698628618080258
adult_adhd_3,1,-0.6307770990121088
adult_adhd_3,1,-0.41047477237441743
adult_adhd_3,1,-0.6313268243310838
adult_adhd_3,1,0.1840712155796825
adult_adhd_3,1,0.2690093893330935
adult_adhd_3,1,-0.22820386919105431
adult_adhd_3,1,-1.6966065166689486
adult_adhd_3,1,-0.5768683882198021
adult_adhd_3,1,-0.40340695089026546
adult_adhd_3,1,-0.5836477992964365
adult_adhd_3,1,-0.31306853736488394
adult_adhd_3,1,0.4122706627176017
adult_adhd_3,1,-0.1450117852733487
adult_adhd_3,1,0.4339723883858687
adult_adhd_3,1,-0.12129451126401972
adult_adhd_3,1,-0.15042048058356752
adult_adhd_3,1,-0.5183089273165135
adult_adhd_3,1,-0.24534131537257134
adult_adhd_3,1,-0.09671927362066049
adult_adhd_3,1,-0.1609062979307642
adult_adhd_3,1,-0.2874170225622702
adult_adhd_3,1,-0.6517288835573088
adult_adhd_3,1,-0.6299081754351458
adult_adhd_3,1,-0.7648474966960704
adult_adhd_3,1,0.1863729361655536
adult_adhd_3,1,-0.08659116242837542
adult_adhd_3,1,0.27131428453674744
adult_adhd_3,1,-0.20565938375337636
adult_adhd_3,1,-0.5284406396886533
adult_adhd_3,1,0.3548730411845257
adult_adhd_3,1,-0.29434815900693845
adult_adhd_3,1,-0.01361737076511451
adult_adhd_3,1,0.38072211573568915
adult_adhd_3,1,-0.033681159603824805
adult_adhd_3,1,0.08518844130605271
adult_adhd_3,1,-0.10352896186121621
adult_adhd_3,1,-0.04015259322926292
adult_adhd_3,1,0.307401874662416
adult_adhd_3,1,-0.6303912903758974
adult_adhd_3,1,-0.6719745432203975
adult_adhd_3,1,-0.02323336701717551
adult_adhd_3,1,-0.6697450267331252
adult_adhd_3,1,-0.09956958733292068
adult_adhd_3,1,-0.29119107795284316
adult_adhd_3,1,-0.1109595864595744
adult_adhd_3,1,-0.5408979089379468
adult_adhd_3,1,-0.539667782776914
adult_adhd_3,1,0.11959758183699884
adult_adhd_3,1,-0.14045900337136788
adult_adhd_3,1,-1.1568119345941361
adult_adhd_3,1,0.028043364015374196
adult_adhd_3,1,-0.4988544620744765
adult_adhd_3,1,-0.6923648786431204
adult_adhd_3,1,-0.5633590711749136
adult_adhd_3,1,0.06976933446389574
adult_adhd_3,1,0.26389091739324855
adult_adhd_3,1,0.17400630252104685
adult_adhd_3,1,0.4961281673492467
adult_adhd_3,1,-0.21991728642964495
adult_adhd_3,1,-0.11476113723505801
adult_adhd_3,1,0.6634836718477458
adult_adhd_3,1,-1.0068294836989202
adult_adhd_3,1,-1.1771421928317114
adult_adhd_3,1,-0.8364234228688495
adult_adhd_3,1,-0.2233108927043758
adult_adhd_3,1,-0.4342984844014003
adult_adhd_3,1,-0.4974740631223703
adult_adhd_3,1,-0.9238578186968959
adult_adhd_3,1,-0.5571183606377946
adult_adhd_3,1,-0.6401953055286324
adult_adhd_3,1,-1.213815225397005
adult_adhd_3,1,-0.7558418991226302
adult_adhd_3,1,-0.34334933450958516
adult_adhd_3,1,0.3893281101042537
adult_adhd_3,1,-0.14032453371065348
adult_adhd_3,1,-0.6996696547370792
adult_adhd_3,1,-1.0610828925631952
adult_adhd_3,1,-0.5611566460192828
adult_adhd_3,1,-0.8082782791142765
adult_adhd_3,1,-0.6530671458601222
adult_adhd_3,1,-0.9368303478954528
adult_adhd_3,1,-0.43482554598122325
adult_adhd_3,1,-0.623760367572172
adult_adhd_3,1,-0.6378398201535601
adult_adhd_3,1,-0.84559091754241
adult_adhd_3,1,-0.7153191340499568
adult_adhd_3,1,0.28290552924758317
adult_adhd_3,1,-0.23994563732121002
adult_adhd_3,1,-0.06411040379823865
adult_adhd_3,1,-1.014938219434148
adult_adhd_3,1,0.3206295995228722
adult_adhd_3,1,0.6767700484063953
adult_adhd_3,1,-0.23054895548831303
adult_adhd_3,1,0.19057271227842784
adult_adhd_3,1,-0.24052433478683302
adult_adhd_3,1,-0.0009292866153710819
adult_adhd_3,1,-0.7132073281753798
adult_adhd_3,1,-0.6345568474455655
adult_adhd_3,1,-0.5283933965561624
adult_adhd_3,1,-0.47596394088021243
adult_adhd_3,1,-0.851936669895163
adult_adhd_3,1,-1.030509814953076
adult_adhd_3,1,-0.7122239814166104
adult_adhd_3,1,-0.3770220283200588
adult_adhd_3,1,-0.08168178474510626
adult_adhd_3,1,-0.43457213412752604
adult_adhd_3,1,-1.024879823605946
adult_adhd_3,1,-0.7661097563219438
adult_adhd_3,1,-0.20647330057840554
adult_adhd_3,1,-0.8126293612651952
adult_adhd_3,1,-0.8469213935792647
adult_adhd_3,1,-0.2610281428788904
adult_adhd_3,1,-0.28443888859965394
adult_adhd_3,1,-0.05087231762732216
adult_adhd_3,1,0.2494681408972311
adult_adhd_3,1,0.16002277894561398
adult_adhd_3,1,-0.28286934743236614
adult_adhd_3,1,-0.6932495514032747
adult_adhd_3,1,-0.24116069400171983
adult_adhd_3,1,0.27626826681579664
adult_adhd_3,1,0.5373197770533814
adult_adhd_3,1,-0.3340198765623227
adult_adhd_3,1,-0.024922156951973216
adult_adhd_3,1,-0.18088618978732587
adult_adhd_3,1,0.10808890819963732
adult_adhd_3,1,0.6982722699958567
adult_adhd_3,1,0.3538321579635474
adult_adhd_3,1,-0.25334796560580164
adult_adhd_3,1,-0.13291565232533867
adult_adhd_3,1,-0.0015738064365077506
adult_adhd_3,1,0.4473324427607618
adult_adhd_3,1,1.394632142369383
adult_adhd_3,1,-0.17527503333754205
adult_adhd_3,1,-0.42569418208413967
adult_adhd_3,1,0.11280480319875438
adult_adhd_3,1,0.40893307767278364
adult_adhd_3,1,-0.25602136058749714
adult_adhd_3,1,0.041053654880190395
adult_adhd_3,1,0.543992771964645
adult_adhd_3,1,0.30567133335560925
adult_adhd_3,1,0.3771532782333501
adult_adhd_3,1,-0.3093963698215684
adult_adhd_3,1,-0.6601256976564124
adult_adhd_3,1,-0.2124662351290371
adult_adhd_3,1,0.24436033691048217
adult_adhd_3,1,0.0343174827656668
adult_adhd_3,1,0.1773911964444351
adult_adhd_3,1,-0.19371819385328007
adult_adhd_3,1,0.19934096465812176
adult_adhd_3,1,0.07064312941048465
adult_adhd_3,1,0.3997602110285464
adult_adhd_3,1,-0.02423603361637152
adult_adhd_3,1,0.5919606088692421
adult_adhd_3,1,0.19445545225168467
adult_adhd_3,1,0.3903779853585415
adult_adhd_3,1,0.38093691148283704
adult_adhd_3,1,0.14780310438465358
adult_adhd_3,1,0.5041795874934861
adult_adhd_3,1,-0.011045573597081491
adult_adhd_3,1,0.5831320690525131
adult_adhd_3,1,0.0712288141467062
adult_adhd_3,1,-0.7015807753121827
adult_adhd_3,1,-0.7952348038102367
adult_adhd_3,1,-0.6205799963284292
adult_adhd_3,1,-0.6912653632586622
adult_adhd_3,1,-1.120255547790637
adult_adhd_3,1,-1.1930931979862858
adult_adhd_3,1,-0.6626986858315201
adult_adhd_3,1,-0.8091544368006164
adult_adhd_3,1,-0.05100533334641346
adult_adhd_3,1,-0.45935136942738664
adult_adhd_3,1,-0.3568026495847384
adult_adhd_3,1,0.29990859409442516
adult_adhd_3,1,-0.08353720095627795
adult_adhd_3,1,-0.5637690760578028
adult_adhd_3,1,-0.6035299930708885
adult_adhd_3,1,-0.5359939524273035
adult_adhd_3,1,-0.7868982250817432
adult_adhd_3,1,-1.1328727518024793
adult_adhd_3,1,-0.6716918771494641
adult_adhd_3,1,-0.5174130718369282
adult_adhd_3,1,-0.6780022235591429
adult_adhd_3,1,-0.31905825305057023
adult_adhd_3,1,-0.6591018675263544
adult_adhd_3,1,-1.161236784684844
adult_adhd_3,1,-0.00638933795113452
adult_adhd_3,1,0.10317744020248662
adult_adhd_3,1,0.3348592664252964
adult_adhd_3,1,0.17494007069269032
adult_adhd_3,1,0.047057344984277806
adult_adhd_3,1,-0.38500316682841473
adult_adhd_3,1,-0.15410045634590733
adult_adhd_3,1,-0.27223861906018987
adult_adhd_3,1,-0.34908534794936796
adult_adhd_3,1,-0.36858348604496294
adult_adhd_3,1,-0.876512586039455
adult_adhd_3,1,0.012561869132060456
adult_adhd_3,1,0.3092344565812436
adult_adhd_3,1,-0.1884854024734718
adult_adhd_3,1,-0.1477819439084959
adult_adhd_3,1,-0.9839582378885788
adult_adhd_3,1,-1.2611039482082185
adult_adhd_3,1,0.7956026242957527
adult_adhd_3,1,0.6324276526762628
adult_adhd_3,1,-0.5929460520991631
adult_adhd_3,1,-0.9966351027141179
adult_adhd_3,1,0.02161340076596039
adult_adhd_3,1,-0.04372993400234195
adult_adhd_3,1,-1.2299463378695403
adult_adhd_3,1,-1.0180942359212795
adult_adhd_3,1,-0.4127844781058657
adult_adhd_3,1,-0.6270196109105587
adult_adhd_3,1,-0.32158563913033367
adult_adhd_3,1,-0.4836205889550168
adult_adhd_3,1,-1.1561808347436884
adult_adhd_3,1,-0.6326816645138894
adult_adhd_3,1,-0.9446465147521094
adult_adhd_3,1,-1.1484778284237285
adult_adhd_3,1,-0.20639233642312363
adult_adhd_3,1,-0.14296087572624785
adult_adhd_3,1,0.07188667833876403
adult_adhd_3,1,-0.7701043933559929
adult_adhd_3,1,0.18169369966187174
adult_adhd_3,1,0.05136141183907359
adult_adhd_3,1,-0.5881099499609171
adult_adhd_3,1,-0.9619445908429495
adult_adhd_3,1,0.14487180535934838
adult_adhd_3,1,-0.04789003612397504
adult_adhd_3,1,-0.3338918825939311
adult_adhd_3,1,-0.4785308813948336
adult_adhd_3,1,-0.7289375926251641
adult_adhd_3,1,-0.16881696565985652
adult_adhd_3,1,-0.42897543969741114
adult_adhd_3,1,0.0985921947938567
adult_adhd_3,1,0.056070172316667756
adult_adhd_3,1,0.5543801758371704
adult_adhd_3,1,-0.031341859367945
adult_adhd_3,1,-0.42834044656134906
adult_adhd_3,1,0.37409138953501586
adult_adhd_3,1,0.14544761170223416
adult_adhd_3,1,0.20318089364181233
adult_adhd_3,1,0.7315272303956967
adult_adhd_3,1,-0.08011319907514372
adult_adhd_3,1,-0.23927951233986625
adult_adhd_3,1,-0.4409638853618322
adult_adhd_3,1,-1.4553365215385563
adult_adhd_3,1,-0.48926130264945866
adult_adhd_3,1,-0.1279205977145547
adult_adhd_3,1,0.037158178436546764
adult_adhd_3,1,0.4968358010243793
adult_adhd_3,1,0.8743602906676725
adult_adhd_3,1,0.025447007944769152
adult_adhd_3,1,0.3628863295650647
adult_adhd_3,1,0.25326169445400926
adult_adhd_3,1,-0.10661561671070477
adult_adhd_3,1,-0.2788052345221449
adult_adhd_3,1,-0.2864862770637714
adult_adhd_3,1,-0.9470364503465046
adult_adhd_3,1,-0.4869108511457466
adult_adhd_3,1,-0.24423473691763223
adult_adhd_3,1,-0.6523558498700613
adult_adhd_3,1,-0.13665775800569105
adult_adhd_3,1,0.6063822854767348
adult_adhd_3,1,0.7670455754214279
adult_adhd_3,1,-0.473900314988814
adult_adhd_3,1,-0.1542821280905188
adult_adhd_3,1,-0.2967753771503684
adult_adhd_3,1,-0.4243798644389417
adult_adhd_3,1,-0.7265614897491338
adult_adhd_3,1,0.13774120400201015
adult_adhd_3,1,0.2075581172269315
adult_adhd_3,1,0.12802555329647455
adult_adhd_3,1,-0.36520439982042585
adult_adhd_3,1,-0.23493799176563615
adult_adhd_3,1,-0.6659886906926958
adult_adhd_3,1,0.3731191326462052
adult_adhd_3,1,-0.4634485406282879
adult_adhd_3,1,-0.9679484474717314
adult_adhd_3,1,-0.5520139218150119
adult_adhd_3,1,-0.017467846161188037
adult_adhd_3,1,0.2955776994074829
adult_adhd_3,1,0.07907690842235579
adult_adhd_3,1,-0.038832037519695904
adult_adhd_3,1,-0.35306600471458605
adult_adhd_3,1,-0.22349386108793992
adult_adhd_3,1,-0.8049039582430234
adult_adhd_3,1,-0.008464462336721733
adult_adhd_3,1,-0.4531316745642443
adult_adhd_3,1,-0.581969702767481
adult_adhd_3,1,-0.7063737496926031
adult_adhd_3,1,-0.2176061696918107
adult_adhd_3,1,-1.9293948287744591
adult_adhd_3,1,-2.0054139792648122
adult_adhd_3,1,-0.7657023499084129
adult_adhd_3,1,-1.4317079842712
adult_adhd_3,1,-0.12730378528815214
adult_adhd_3,1,-0.5577118693778557
adult_adhd_3,1,-0.9075922957381265
adult_adhd_3,1,-0.9953173686545828
adult_adhd_3,1,-1.2146962107240644
adult_adhd_3,1,-0.7807156545433992
adult_adhd_3,1,-0.3376372282436101
adult_adhd_3,1,-1.2497464693908196
adult_adhd_3,1,-1.5473649780368843
adult_adhd_3,1,-1.3453753940916964
adult_adhd_3,1,-1.4915609567315355
adult_adhd_3,1,-0.7910599481829726
adult_adhd_3,1,-0.47691118246310793
adult_adhd_3,1,-1.3082217821790914
adult_adhd_3,1,-0.6631703046734788
adult_adhd_3,1,-0.19176077826623664
adult_adhd_3,1,-0.7013179552511847
adult_adhd_3,1,-1.0085285254904877
adult_adhd_3,1,-0.7387406140185225
adult_adhd_3,1,-0.8463977615055865
adult_adhd_3,1,-0.37821987418275593
adult_adhd_3,1,-1.03526414687613
adult_adhd_3,1,-0.16547772609846492
adult_adhd_3,1,-0.8441310226085913
adult_adhd_3,1,-0.7876030187441002
adult_adhd_3,1,-0.7936157127461291
adult_adhd_3,1,-1.195228463634399
adult_adhd_3,1,-1.2110145763386484
adult_adhd_3,1,-0.9276004428433423
adult_adhd_3,1,-0.7079911266422559
adult_adhd_3,1,-0.5112374202218598
adult_adhd_3,1,-0.245454625448723
adult_adhd_3,1,-0.20386060137362386
adult_adhd_3,1,-0.3487554142050956
adult_adhd_3,1,0.007662447644552463
adult_adhd_3,1,-0.4667328176829727
adult_adhd_3,1,-1.2820614208961962
adult_adhd_3,1,0.18710351988137228
adult_adhd_3,1,0.2559827065662016
adult_adhd_3,1,-0.9812368168067364
adult_adhd_3,1,0.2346705848991469
adult_adhd_3,1,-0.5110898344950064
adult_adhd_3,1,-1.066652953089256
adult_adhd_3,1,-0.7412512713348537
adult_adhd_3,1,-0.5401316949656819
adult_adhd_3,1,-1.088648384290238
adult_adhd_3,1,-1.2131357322312457
adult_adhd_3,1,-1.0095075223891379
adult_adhd_3,1,-1.0980045357488746
adult_adhd_3,1,-0.4594316921915208
adult_adhd_3,1,-1.1951834798333456
adult_adhd_3,1,-1.8207376427004425
adult_adhd_3,1,-1.5742771955932127
adult_adhd_3,1,-0.9339024840978717
adult_adhd_3,1,-0.7247937394314489
adult_adhd_3,1,-1.2573644163958302
adult_adhd_3,1,-1.1783425336823896
adult_adhd_3,1,-0.4867060734307288
adult_adhd_3,1,-1.7039997319557045
adult_adhd_3,1,-1.6342143119579062
adult_adhd_3,1,-2.2856085112500573
adult_adhd_3,1,-1.7461486954136585
adult_adhd_3,1,-1.2981369241034262
adult_adhd_3,1,-0.45094859082716876
adult_adhd_3,1,-0.3514793801177646
adult_adhd_3,1,-0.5144369304883231
adult_adhd_3,1,-1.5475461566807214
adult_adhd_3,1,-0.7324658780081864
adult_adhd_3,1,-0.6849221270627369
adult_adhd_3,1,-0.40823502657791344
adult_adhd_3,1,-0.8451245519016263
adult_adhd_3,1,-1.6694266230856174
adult_adhd_3,1,-1.099399419354791
adult_adhd_3,1,-0.6440267811312131
adult_adhd_3,1,-1.4376360003733533
adult_adhd_3,1,-1.096124261705672
adult_adhd_3,1,-0.47909980894776394
adult_adhd_3,1,-0.6298836194867293
adult_adhd_3,1,-1.582536338063754
adult_adhd_3,1,-1.4065691205776165
adult_adhd_3,1,-0.6033029720601454
adult_adhd_3,1,-0.5888340763759093
adult_adhd_3,1,-0.07285759028531827
adult_adhd_3,1,-1.0709332389530908
adult_adhd_3,1,-0.7350236598949892
adult_adhd_3,1,-0.12109240236740684
adult_adhd_3,1,-0.024577619578691222
adult_adhd_3,1,-0.2379760594564603
adult_adhd_3,1,-1.3064937991505334
adult_adhd_3,1,-1.8309606023233733
adult_adhd_3,1,-1.3974362925474604
adult_adhd_3,1,-0.3534874255064907
adult_adhd_3,1,-0.5789400608691316
adult_adhd_3,1,-0.6433064473651829
adult_adhd_3,1,-0.5794729835243219
adult_adhd_3,1,0.1395621821645255
adult_adhd_3,1,-0.7824375457213953
adult_adhd_3,1,-1.332510898671941
adult_adhd_3,1,-0.585115563622331
adult_adhd_3,1,-0.27058908451163466
adult_adhd_3,1,0.2737749406559461
adult_adhd_3,1,0.6378656001993331
adult_adhd_3,1,-0.16201343629440493
adult_adhd_3,1,-0.8677206642150551
adult_adhd_3,1,-0.5520869641532155
adult_adhd_3,1,-0.925123195624228
adult_adhd_3,1,-1.7484284009586308
adult_adhd_3,1,-1.2502262002497644
adult_adhd_3,1,-0.5547902997159476
adult_adhd_3,1,-0.5122319733321435
adult_adhd_3,1,-1.1302581573588069
adult_adhd_3,1,-0.9676638763539319
adult_adhd_3,1,-1.2911452979788636
adult_adhd_3,1,-0.6276549284684773
adult_adhd_3,1,-0.3920381847713291
adult_adhd_3,1,-0.21894049364995896
adult_adhd_3,1,0.01991010869113472
adult_adhd_3,1,-1.0609303119244569
adult_adhd_3,1,-0.6899737705845322
adult_adhd_3,1,-0.5044902632843525
adult_adhd_3,1,-0.40492590312471355
adult_adhd_3,1,-0.6003806081040989
adult_adhd_3,1,-0.07546335681205987
adult_adhd_3,1,-1.0572965758272428
adult_adhd_3,1,-0.9976741857541679
adult_adhd_3,1,-0.1752675070947677
adult_adhd_3,1,-0.17427342286164152
adult_adhd_3,1,-1.3117296538262018
adult_adhd_3,1,-0.5217924012729472
adult_adhd_3,1,-1.70488400844782
adult_adhd_3,1,-1.314713865422867
adult_adhd_3,1,-1.6181907269656768
adult_adhd_3,1,-0.2452198430034173
adult_adhd_3,1,-1.0390501622254429
adult_adhd_3,1,-1.2789310529990328
adult_adhd_3,1,-0.6484205385759422
adult_adhd_3,1,-0.5611097722550377
adult_adhd_3,1,-0.31943398528877986
adult_adhd_3,1,0.12501610568100405
adult_adhd_3,1,-0.48278080126266587
adult_adhd_4,1,0.11497454485116662
adult_adhd_4,1,-0.5104803505831174
adult_adhd_4,1,-0.31351513700989375
adult_adhd_4,1,-0.6547555214029347
adult_adhd_4,1,-0.3292279308591962
adult_adhd_4,1,-0.8711363532616611
adult_adhd_4,1,-0.5038596266840679
adult_adhd_4,1,-0.2737481786189949
adult_adhd_4,1,-0.28387718293902997
adult_adhd_4,1,0.23138695584022093
adult_adhd_4,1,0.7874403063612535
adult_adhd_4,1,0.9090999345836389
adult_adhd_4,1,0.17251210384658897
adult_adhd_4,1,0.006157776659566051
adult_adhd_4,1,0.9596321490228316
adult_adhd_4,1,0.4192307281102715
adult_adhd_4,1,-0.39271686305839804
adult_adhd_4,1,-0.28291212101197594
adult_adhd_4,1,-0.5150976903772001
adult_adhd_4,1,-0.8456292623558158
adult_adhd_4,1,-0.28453147874419427
adult_adhd_4,1,0.12239779335431597
adult_adhd_4,1,-0.08476588575889901
adult_adhd_4,1,0.3275152565924292
adult_adhd_4,1,-0.7818939484885558
adult_adhd_4,1,-1.1243202059721025
adult_adhd_4,1,-0.15979837138891897
adult_adhd_4,1,0.0020732190947692977
adult_adhd_4,1,-0.2156709783611345
adult_adhd_4,1,-0.7322525907976724
adult_adhd_4,1,-0.38939742751273776
adult_adhd_4,1,-0.3651653178062929
adult_adhd_4,1,-0.4024449178493129
adult_adhd_4,1,0.11806013109490818
adult_adhd_4,1,-0.652757776371696
adult_adhd_4,1,-1.0256218597437616
adult_adhd_4,1,-0.566107633804171
adult_adhd_4,1,-0.07854574218960755
adult_adhd_4,1,-0.17451461012569594
adult_adhd_4,1,0.6976082958283737
adult_adhd_4,1,0.7423656396517605
adult_adhd_4,1,-0.20697089844459385
adult_adhd_4,1,-0.017188051930851066
adult_adhd_4,1,-0.479227920894682
adult_adhd_4,1,0.44831435800943853
adult_adhd_4,1,0.2305002871022915
adult_adhd_4,1,-0.17349712217891158
adult_adhd_4,1,-0.29757034719355724
adult_adhd_4,1,-0.37820008818250483
adult_adhd_4,1,-1.149382784991655
adult_adhd_4,1,-1.5233964373855775
adult_adhd_4,1,-0.6071262893393258
adult_adhd_4,1,-1.1018041357373964
adult_adhd_4,1,-1.3422594018048914
adult_adhd_4,1,-0.009769421503818342
adult_adhd_4,1,-0.6166612657597476
adult_adhd_4,1,-0.11665170407083006
adult_adhd_4,1,-0.27098941527981235
adult_adhd_4,1,0.03565212655244441
adult_adhd_4,1,-0.5241246197040014
adult_adhd_4,1,-1.7410310944942262
adult_adhd_4,1,-0.5437557719378571
adult_adhd_4,1,0.8547548597427151
adult_adhd_4,1,-0.5247209596010521
adult_adhd_4,1,-0.42026361037996807
adult_adhd_4,1,0.05364143483503279
adult_adhd_4,1,-0.7374937876194759
adult_adhd_4,1,-0.24756823171149947
adult_adhd_4,1,0.18755074598775331
adult_adhd_4,1,-0.018355096462458496
adult_adhd_4,1,-0.3452637430479445
adult_adhd_4,1,-0.07734783968395745
adult_adhd_4,1,0.355089196189443
adult_adhd_4,1,0.02212678112242559
adult_adhd_4,1,-0.6748124931614877
adult_adhd_4,1,-0.7002373617758052
adult_adhd_4,1,1.1488231699523204
adult_adhd_4,1,-0.620810696840321
adult_adhd_4,1,-0.5677752456467519
adult_adhd_4,1,0.4531766438003909
adult_adhd_4,1,0.1557069782990271
adult_adhd_4,1,0.45582145513761685
adult_adhd_4,1,0.173523165740698
adult_adhd_4,1,-0.18742922844488322
adult_adhd_4,1,-0.5087552267925511
adult_adhd_4,1,-0.2558817306152149
adult_adhd_4,1,0.08264700070722517
adult_adhd_4,1,-0.5749561163788924
adult_adhd_4,1,-0.6483148361014245
adult_adhd_4,1,-0.05411353038275415
adult_adhd_4,1,-0.15540685543313373
adult_adhd_4,1,-0.1657524610304816
adult_adhd_4,1,-0.3759717534774406
adult_adhd_4,1,0.3751612761168587
adult_adhd_4,1,-0.2774791352288791
adult_adhd_4,1,-0.5980264101258935
adult_adhd_4,1,-0.10425505231250334
adult_adhd_4,1,0.0840010131851919
adult_adhd_4,1,-0.21807914925709407
adult_adhd_4,1,-0.7185710854211934
adult_adhd_4,1,-0.387159823375811
adult_adhd_4,1,0.2845437489542416
adult_adhd_4,1,0.5728103505597751
adult_adhd_4,1,0.21132948276187466
adult_adhd_4,1,0.7386666986278693
adult_adhd_4,1,0.7876511427412761
adult_adhd_4,1,-0.0709781384174332
adult_adhd_4,1,0.0138740107941576
adult_adhd_4,1,-0.12577553785564036
adult_adhd_4,1,-0.33850757068239357
adult_adhd_4,1,0.46597372818502525
adult_adhd_4,1,0.5262195803617323
adult_adhd_4,1,0.6843426551848123
adult_adhd_4,1,0.327110551001634
adult_adhd_4,1,0.4174313830760995
adult_adhd_4,1,0.9695550212476541
adult_adhd_4,1,0.2998370053549141
adult_adhd_4,1,0.4689536307768828
adult_adhd_4,1,0.12068251496353274
adult_adhd_4,1,-0.3689086783963481
adult_adhd_4,1,0.30221509875577024
adult_adhd_4,1,0.2315219176555808
adult_adhd_4,1,-0.5522014216702978
adult_adhd_4,1,-0.5389947986456302
adult_adhd_4,1,-0.1356091721074412
adult_adhd_4,1,0.4272261876578175
adult_adhd_4,1,0.5734946129515511
adult_adhd_4,1,0.0707385551558942
adult_adhd_4,1,-0.32787909103571555
adult_adhd_4,1,-0.9828596785087268
adult_adhd_4,1,0.42377602909106227
adult_adhd_4,1,-0.16320619750918333
adult_adhd_4,1,0.24623828116068988
adult_adhd_4,1,1.2096780628302612
adult_adhd_4,1,0.24342981693101925
adult_adhd_4,1,-0.17518176195231963
adult_adhd_4,1,0.7284288429468032
adult_adhd_4,1,0.7010764000153312
adult_adhd_4,1,-0.5114045062049851
adult_adhd_4,1,-0.9430343731287424
adult_adhd_4,1,-0.28069730593742015
adult_adhd_4,1,-0.28697787252429074
adult_adhd_4,1,0.33109234110743035
adult_adhd_4,1,-0.09513992803460117
adult_adhd_4,1,0.14607305719253735
adult_adhd_4,1,0.020396591747492733
adult_adhd_4,1,0.21743906530822973
adult_adhd_4,1,0.17199784173866747
adult_adhd_4,1,0.10422127264651468
adult_adhd_4,1,0.36994221713828346
adult_adhd_4,1,-0.7898382142344283
adult_adhd_4,1,0.33140802497019284
adult_adhd_4,1,-0.1659137151146112
adult_adhd_4,1,-0.592223717099649
adult_adhd_4,1,-0.6336266243557341
adult_adhd_4,1,0.29999756466722094
adult_adhd_4,1,0.36612297383024484
adult_adhd_4,1,0.5048575226018063
adult_adhd_4,1,-0.2847193722645386
adult_adhd_4,1,-0.30247297293021036
adult_adhd_4,1,-1.163352435431165
adult_adhd_4,1,-0.43820843886428384
adult_adhd_4,1,-0.14741017585040997
adult_adhd_4,1,-0.7247687641766752
adult_adhd_4,1,0.09724964059905847
adult_adhd_4,1,0.6513779191820831
adult_adhd_4,1,0.6362688592497158
adult_adhd_4,1,0.08736052804635816
adult_adhd_4,1,-0.5329308287793516
adult_adhd_4,1,-0.3478004779072611
adult_adhd_4,1,-0.037762247046406204
adult_adhd_4,1,0.1646044708015971
adult_adhd_4,1,-0.23392458884951575
adult_adhd_4,1,0.8295558101511383
adult_adhd_4,1,0.4047974745802031
adult_adhd_4,1,-0.39249925066537317
adult_adhd_4,1,-1.1102436516360608
adult_adhd_4,1,-0.5561379863307357
adult_adhd_4,1,-0.6876881207942999
adult_adhd_4,1,0.2388855788910381
adult_adhd_4,1,-0.3384610228925412
adult_adhd_4,1,-0.8173179714595621
adult_adhd_4,1,-0.26668003715636723
adult_adhd_4,1,0.06495295303075163
adult_adhd_4,1,-0.6858027308190996
adult_adhd_4,1,0.549577032985484
adult_adhd_4,1,-0.17034391857511536
adult_adhd_4,1,-0.4117611914244267
adult_adhd_4,1,-0.5935934156962758
adult_adhd_4,1,-0.350067955952733
adult_adhd_4,1,0.4939139498914803
adult_adhd_4,1,-0.7633696756734517
adult_adhd_4,1,-0.7441435795062258
adult_adhd_4,1,-0.6976324596542821
adult_adhd_4,1,0.43368265900231784
adult_adhd_4,1,-0.1832043982286339
adult_adhd_4,1,-0.20501215627006789
adult_adhd_4,1,-1.5497956711523786
adult_adhd_4,1,-0.580427783279223
adult_adhd_4,1,0.7032562748409134
adult_adhd_4,1,0.20575976920713854
adult_adhd_4,1,-0.3451887704646496
adult_adhd_4,1,0.5415530856989231
adult_adhd_4,1,0.6052505744992495
adult_adhd_4,1,0.9368082055093138
adult_adhd_4,1,1.6229687921533742
adult_adhd_4,1,0.23967847151440988
adult_adhd_4,1,-0.2598853208424615
adult_adhd_4,1,0.25951101612367344
adult_adhd_4,1,0.9333819378245366
adult_adhd_4,1,0.6323277549456418
adult_adhd_4,1,0.5243155287581783
adult_adhd_4,1,-0.10955731634111024
adult_adhd_4,1,-0.003997161549044302
adult_adhd_4,1,0.2730666341500553
adult_adhd_4,1,0.8826798209551835
adult_adhd_4,1,0.3348136517769117
adult_adhd_4,1,-0.11792721134463494
adult_adhd_4,1,-0.7002648008293234
adult_adhd_4,1,-0.757466611226531
adult_adhd_4,1,-0.402577925125151
adult_adhd_4,1,0.3860626915239861
adult_adhd_4,1,-0.5551005157027736
adult_adhd_4,1,-0.020725234091158472
adult_adhd_4,1,0.11368995915228117
adult_adhd_4,1,0.34126166702501737
adult_adhd_4,1,0.6305187179391495
adult_adhd_4,1,-0.34816555532318716
adult_adhd_4,1,-1.0412558472301137
adult_adhd_4,1,0.5895168229779105
adult_adhd_4,1,0.13730304818567304
adult_adhd_4,1,-0.2602978992426025
adult_adhd_4,1,-0.25656125787304285
adult_adhd_4,1,0.20999686164958672
adult_adhd_4,1,0.6467541495566406
adult_adhd_4,1,0.9987913464960508
adult_adhd_4,1,0.5356700500839625
adult_adhd_4,1,-0.17157905385558384
adult_adhd_4,1,0.07305247834339576
adult_adhd_4,1,0.04067132074575772
adult_adhd_4,1,-0.3029813527234596
adult_adhd_4,1,-0.5536220071084407
adult_adhd_4,1,-0.013757699057142768
adult_adhd_4,1,-0.335943786274686
adult_adhd_4,1,0.26203893086196584
adult_adhd_4,1,-0.19421061323034552
adult_adhd_4,1,-0.07452151496175388
adult_adhd_4,1,0.16463471625906143
adult_adhd_4,1,0.20615189025996114
adult_adhd_4,1,0.13824990306506688
adult_adhd_4,1,-0.253478348071423
adult_adhd_4,1,0.12160564764860746
adult_adhd_4,1,-0.4362771969722389
adult_adhd_4,1,-0.30208131029645
adult_adhd_4,1,0.31687396932711753
adult_adhd_4,1,0.21330044892994646
adult_adhd_4,1,1.5179270370377913
adult_adhd_4,1,0.8766029167225572
adult_adhd_4,1,0.05507166369745251
adult_adhd_4,1,0.06572993822993042
adult_adhd_4,1,0.03508391339964243
adult_adhd_4,1,-0.6063938925524063
adult_adhd_4,1,-0.008645947898247817
adult_adhd_4,1,0.25125278379515603
adult_adhd_4,1,-0.23219826624221165
adult_adhd_4,1,0.1862232442954089
adult_adhd_4,1,-0.803210890037873
adult_adhd_4,1,0.10208169898692451
adult_adhd_4,1,0.4671701780200729
adult_adhd_4,1,0.20286424273951206
adult_adhd_4,1,-0.5008331219957801
adult_adhd_4,1,0.2070107865810403
adult_adhd_4,1,0.47540021380363007
adult_adhd_4,1,-0.13335529343879085
adult_adhd_4,1,0.04919897037551566
adult_adhd_4,1,-0.3884765950597021
adult_adhd_4,1,0.3867186273637345
adult_adhd_4,1,0.9585219509855399
adult_adhd_4,1,0.40624688083468297
adult_adhd_4,1,0.2652748133079422
adult_adhd_4,1,-0.3346125602333142
adult_adhd_4,1,-0.39961769134152936
adult_adhd_4,1,0.20330218471260117
adult_adhd_4,1,0.43525205056625904
adult_adhd_4,1,0.6973024015252453
adult_adhd_4,1,1.3049711394787393
adult_adhd_4,1,0.044928354630374125
adult_adhd_4,1,0.21669234888010544
adult_adhd_4,1,-0.7773565845840092
adult_adhd_4,1,-0.5300429191784367
adult_adhd_4,1,-0.7231472477490478
adult_adhd_4,1,0.5158467986237129
adult_adhd_4,1,0.9740641557517905
adult_adhd_4,1,-0.11756468709224324
adult_adhd_4,1,-0.03054720118059686
adult_adhd_4,1,-1.1154670163683358
adult_adhd_4,1,-0.6116569134348112
adult_adhd_4,1,-0.06258570519654674
adult_adhd_4,1,1.4320990777538722
adult_adhd_4,1,0.3466852023581489
adult_adhd_4,1,0.38133559336667944
adult_adhd_4,1,-0.02488377101324426
adult_adhd_4,1,-0.4754766980326254
adult_adhd_4,1,-0.21402966334790854
adult_adhd_4,1,-0.13755254796542307
adult_adhd_4,1,-0.5317035704493088
adult_adhd_4,1,-0.8106176507198345
adult_adhd_4,1,-0.4444132471442471
adult_adhd_4,1,-0.3538394337552603
adult_adhd_4,1,-0.5116141535212003
adult_adhd_4,1,-0.5379492745259927
adult_adhd_4,1,-0.7827888050772492
adult_adhd_4,1,-0.8702092745446118
adult_adhd_4,1,0.5366459167136309
adult_adhd_4,1,-0.3674478954983015
adult_adhd_4,1,-0.7823950750328507
adult_adhd_4,1,0.4856695198930395
adult_adhd_4,1,-0.5853897526587216
adult_adhd_4,1,-0.8577742754018515
adult_adhd_4,1,-0.748984942322921
adult_adhd_4,1,-0.24898673801259621
adult_adhd_4,1,0.3023263379148392
adult_adhd_4,1,-0.5568058861772059
adult_adhd_4,1,-0.6017191771622813
adult_adhd_4,1,-0.028163627339178897
adult_adhd_4,1,-0.11321839419997329
adult_adhd_4,1,0.033011011724413654
adult_adhd_4,1,-0.2339795887839066
adult_adhd_4,1,-0.23059040821990165
adult_adhd_4,1,-0.3035527631841334
adult_adhd_4,1,-0.43990497158305686
adult_adhd_4,1,-0.5383270286859568
adult_adhd_4,1,0.4364106326648335
adult_adhd_4,1,0.4406184153964908
adult_adhd_4,1,0.09211978275854146
adult_adhd_4,1,0.561026307115447
adult_adhd_4,1,-0.21381715294617978
adult_adhd_4,1,-0.16509114451589282
adult_adhd_4,1,-0.39238323744863235
adult_adhd_4,1,0.4684578492506458
adult_adhd_4,1,-0.5200933505574213
adult_adhd_4,1,-0.4004984328941664
adult_adhd_4,1,-0.3786483397444481
adult_adhd_4,1,0.3645218032493608
adult_adhd_4,1,-0.7712798239357371
adult_adhd_4,1,-1.265762899346556
adult_adhd_4,1,-0.36072633263185316
adult_adhd_4,1,-0.45974744125584255
adult_adhd_4,1,-1.0504885142380336
adult_adhd_4,1,0.12708622151440005
adult_adhd_4,1,0.23606662684774368
adult_adhd_4,1,-0.13589943187181533
adult_adhd_4,1,-0.5333989004466687
adult_adhd_4,1,0.24713677619032168
adult_adhd_4,1,-0.03248886649410734
adult_adhd_4,1,-1.0362659834522532
adult_adhd_4,1,0.038026558488574926
adult_adhd_4,1,0.25363844576015027
adult_adhd_4,1,-0.10569350511585887
adult_adhd_4,1,-0.6261140254314638
adult_adhd_4,1,0.033652917315423726
adult_adhd_4,1,-0.4813616592655737
adult_adhd_4,1,-0.7987892591092741
adult_adhd_4,1,-0.282160179736313
adult_adhd_4,1,0.2446167422963282
adult_adhd_4,1,-0.4091856539860007
adult_adhd_4,1,-0.12824518987590264
adult_adhd_4,1,-0.7017592580403379
adult_adhd_4,1,-0.17940085711912426
adult_adhd_4,1,0.9646906111550649
adult_adhd_4,1,0.11405276457776567
adult_adhd_4,1,0.9293173260184681
adult_adhd_4,1,0.3884662253376169
adult_adhd_4,1,0.26630375919255356
adult_adhd_4,1,0.791236336117609
adult_adhd_4,1,0.2810245029184594
adult_adhd_4,1,0.0872809018567465
adult_adhd_4,1,0.10694022335527639
adult_adhd_4,1,0.8634160054957697
adult_adhd_4,1,-0.0450271714943006
adult_adhd_4,1,-1.0417241749577375
adult_adhd_4,1,-0.47963785152128124
adult_adhd_4,1,-0.4089304992935817
adult_adhd_4,1,-0.5669821906041034
adult_adhd_4,1,-0.9896867240332367
adult_adhd_4,1,-0.5559979269391747
adult_adhd_4,1,-0.3744129712954053
adult_adhd_4,1,0.9338508080203446
adult_adhd_4,1,0.9090541145535777
adult_adhd_4,1,-0.3392769525305489
adult_adhd_4,1,-0.11388026058626624
adult_adhd_4,1,0.08143745546791256
adult_adhd_4,1,-0.3057733722443271
adult_adhd_4,1,0.179564845075162
adult_adhd_4,1,-0.509162882054412
adult_adhd_4,1,-0.12572214259820527
adult_adhd_4,1,0.4919598645883073
adult_adhd_4,1,-0.23781262750619261
adult_adhd_4,1,0.6049497930413833
adult_adhd_4,1,0.3257907916057522
adult_adhd_4,1,-0.7901102056737889
adult_adhd_4,1,-0.2945036452824471
adult_adhd_4,1,0.22234432618580344
adult_adhd_4,1,-0.3382069772647064
adult_adhd_4,1,0.6311488503734944
adult_adhd_4,1,-0.7045819344165672
adult_adhd_4,1,-0.4050486455218393
adult_adhd_4,1,1.016604227514775
adult_adhd_4,1,-0.021130627553972568
adult_adhd_4,1,-0.33442996595915175
adult_adhd_4,1,0.4045673899612151
adult_adhd_4,1,-0.26240244952588865
adult_adhd_4,1,0.03646969253025976
adult_adhd_4,1,0.2276711372410066
adult_adhd_4,1,0.06726204126717547
adult_adhd_4,1,0.12317808619465084
adult_adhd_4,1,-0.036592272070544406
adult_adhd_4,1,-0.9063329184753467
adult_adhd_4,1,-0.5325813374928233
adult_adhd_4,1,0.6843811282006774
adult_adhd_4,1,0.37757695312640893
adult_adhd_4,1,0.058956735463930966
adult_adhd_4,1,0.3418006468196252
adult_adhd_4,1,-0.271037612838266
adult_adhd_4,1,0.33216202723677946
adult_adhd_4,1,-0.8632498235753187
adult_adhd_4,1,-0.39041748558216705
adult_adhd_4,1,-0.22557654988625267
adult_adhd_4,1,0.8438247634938137
adult_adhd_4,1,-0.9435381965084052
adult_adhd_4,1,-0.206136380083663
adult_adhd_4,1,0.4338529791121958
adult_adhd_4,1,-0.037046988109236255
adult_adhd_4,1,-0.3457941461577153
adult_adhd_4,1,0.03615061555902974
adult_adhd_4,1,0.28575944497257943
adult_adhd_4,1,0.15135666625028818
adult_adhd_4,1,-0.21410247630842108
adult_adhd_4,1,-0.5184038772708254
adult_adhd_4,1,0.3155670370056588
adult_adhd_4,1,-0.3356624389807451
adult_adhd_4,1,-0.362310568869057
adult_adhd_4,1,-0.2915668510858608
adult_adhd_4,1,-0.2341385743619208
adult_adhd_4,1,-0.0335367424498342
adult_adhd_4,1,-0.33021309377364927
adult_adhd_4,1,0.030870165988676847
adult_adhd_4,1,0.3636995882745354
adult_adhd_4,1,0.3169383072610358
adult_adhd_4,1,-0.26641043506761564
adult_adhd_4,1,0.7714454623663244
adult_adhd_4,1,-0.7724386884391236
adult_adhd_4,1,-0.991539934627878
adult_adhd_4,1,0.09381913230921687
adult_adhd_4,1,-0.1881899228754035
adult_adhd_4,1,-1.5676139038386512
adult_adhd_4,1,-1.679840752471994
adult_adhd_4,1,0.3104745173347664
adult_adhd_4,1,0.405751542101637
adult_adhd_4,1,0.24238040488097753
adult_adhd_4,1,-0.6917224852021978
adult_adhd_4,1,-0.025461696471232996
adult_adhd_4,1,0.02501714444030343
adult_adhd_4,1,-0.13146274232309843
adult_adhd_4,1,0.5210718355826539
adult_adhd_4,1,1.0042821858817859
adult_adhd_4,1,-0.04742020797152859
adult_adhd_4,1,-0.734389999011717
adult_adhd_4,1,-0.7951504872191476
adult_adhd_4,1,-1.1345673738551958
adult_adhd_4,1,-0.6050693886057464
adult_adhd_4,1,-0.8693526381595084
adult_adhd_4,1,0.10562551390183747
adult_adhd_4,1,-0.9547392228161139
adult_adhd_4,1,-0.6771273798772514
adult_adhd_4,1,0.13908305036566268
adult_adhd_4,1,-0.19209272903463273
adult_adhd_4,1,0.1492016532083885
adult_adhd_4,1,0.6166956866184005
adult_adhd_4,1,0.5256518577637378
adult_adhd_4,1,0.22088437083424725
adult_adhd_4,1,0.22814370501401457
adult_adhd_4,1,0.3746163407904427
adult_adhd_4,1,0.7116208889655821
adult_adhd_4,1,0.13066237436881165
adult_adhd_4,1,0.32171478342520665
adult_adhd_4,1,0.1948724151514792
adult_adhd_4,1,-0.41433143389735727
adult_adhd_4,1,0.035269356307457846
adult_adhd_4,1,0.8426699229423874
adult_adhd_4,1,0.9138920556945812
adult_adhd_4,1,0.02193763555298576
adult_adhd_4,1,0.6776486429190652
adult_adhd_4,1,-0.1983032834589559
adult_adhd_4,1,0.16814798548413065
adult_adhd_4,1,-0.7288074127539151
adult_adhd_4,1,-0.3731458981831687
adult_adhd_4,1,-0.4502907530643302
adult_adhd_4,1,-0.3094671009349196
adult_adhd_4,1,-0.34131640197261814
adult_adhd_4,1,0.38215510406988973
adult_adhd_4,1,1.0321026922484906
adult_adhd_4,1,0.34179329762786115
adult_adhd_4,1,0.3171607886768709
adult_adhd_4,1,0.505396266489183
adult_adhd_4,1,0.9495015767407448
adult_adhd_4,1,-0.013408306691952275
adult_adhd_4,1,-0.9936894954415266
adult_adhd_4,1,-0.20270138636628846
adult_adhd_4,1,0.23501492345601624
adult_adhd_4,1,0.17974780579969094
adult_adhd_4,1,0.11387410792926653
adult_adhd_4,1,-0.8434117945730181
adult_adhd_4,1,0.42549460756898994
adult_adhd_4,1,-0.028455299645155828
adult_adhd_4,1,0.5622123589492328
adult_adhd_4,1,0.6171257001266134
adult_adhd_4,1,-0.1683027551719131
adult_adhd_4,1,-0.5526930314193063
adult_adhd_4,1,-0.08662984771190621
adult_adhd_4,1,0.2138000515362891
adult_adhd_4,1,0.5113133320352184
adult_adhd_4,1,1.1341265404700596
adult_adhd_4,1,0.6723023793065682
adult_adhd_4,1,-0.041976321470193055
adult_adhd_4,1,0.538357429015993
adult_adhd_4,1,0.09554168356557655
adult_adhd_4,1,0.5918221569089545
adult_adhd_4,1,0.24344763503905673
adult_adhd_4,1,-1.0954284215889953
adult_adhd_4,1,-0.8470900883378064
adult_adhd_4,1,0.2365407342553781
adult_adhd_4,1,-0.18724508812752952
adult_adhd_4,1,-0.543412093897181
adult_adhd_4,1,0.07886661073450005
adult_adhd_4,1,0.14342032999939489
adult_adhd_4,1,-0.17347888159819017
adult_adhd_4,1,-0.2519085470519732
adult_adhd_4,1,-0.2121073857255195
adult_adhd_4,1,-0.19400927370834067
adult_adhd_4,1,0.434502581057597
adult_adhd_4,1,0.7473369081647624
adult_adhd_4,1,0.2848277435290366
adult_adhd_4,1,1.161335396500836
adult_adhd_4,1,-0.6175453454064254
adult_adhd_4,1,-0.3092960418419629
adult_adhd_4,1,-0.4081615958770993
adult_adhd_4,1,-0.8459243979481798
adult_adhd_4,1,-0.4430929899119146
adult_adhd_4,1,-0.2602065479466761
adult_adhd_4,1,0.36970587591862547
adult_adhd_4,1,-0.37146686679523533
adult_adhd_4,1,-1.101790438651022
adult_adhd_4,1,-1.0238462342999441
adult_adhd_4,1,-0.975629377799914
adult_adhd_4,1,0.2292539550172644
adult_adhd_4,1,0.13867843041303737
adult_adhd_4,1,0.19549056776230964
adult_adhd_4,1,-0.8798191940512362
adult_adhd_4,1,0.6626135559869178
adult_adhd_4,1,-0.07643539128279545
adult_adhd_4,1,-0.978704649398629
adult_adhd_4,1,-0.7655194447158443
adult_adhd_4,1,-0.029015896141813345
adult_adhd_4,1,0.49931770527527164
adult_adhd_4,1,-0.18613092040066972
adult_adhd_4,1,0.2656390754756447
adult_adhd_4,1,0.35096733966252647
adult_adhd_4,1,-0.18864919265611305
adult_adhd_4,1,-0.4971797917002799
adult_adhd_4,1,-0.31179553594337983
adult_adhd_4,1,-0.5780751189156378
adult_adhd_4,1,-0.8567993770835146
adult_adhd_4,1,-0.17293743884631044
adult_adhd_4,1,0.5473480120947728
adult_adhd_4,1,-0.22881702175557264
adult_adhd_4,1,0.17296689609482305
adult_adhd_4,1,0.7248343314631668
adult_adhd_4,1,1.1307589058626544
adult_adhd_4,1,1.412459603716346
adult_adhd_4,1,0.525590257902827
adult_adhd_4,1,0.62711027188639
adult_adhd_4,1,0.4229919508459431
adult_adhd_4,1,-0.29198503900408956
adult_adhd_4,1,-0.7718841984226285
adult_adhd_4,1,-0.25526611485233575
adult_adhd_4,1,-0.4642377199451472
adult_adhd_4,1,0.0944534202466066
adult_adhd_4,1,-0.316638346531778
adult_adhd_4,1,-0.024308571927471066
adult_adhd_4,1,0.02372405038870138
adult_adhd_4,1,0.3721380728092748
adult_adhd_4,1,0.1695881540746705
adult_adhd_4,1,-0.47054790288900816
adult_adhd_4,1,-0.7133794313063232
adult_adhd_4,1,-0.42351608687630715
adult_adhd_4,1,-0.6611272534344707
adult_adhd_4,1,-0.3183479431180175
adult_adhd_4,1,0.19217478909594074
adult_adhd_4,1,0.3064063664683495
adult_adhd_4,1,-0.08356548177944348
adult_adhd_4,1,0.14662470311729522
adult_adhd_4,1,0.5563688679638142
adult_adhd_4,1,0.5181405858851856
adult_adhd_4,1,-0.26580546066787336
adult_adhd_4,1,-0.5794102712094101
adult_adhd_4,1,-0.6987453252357406
adult_adhd_4,1,0.10094019315476385
adult_adhd_4,1,0.39147340478913517
adult_adhd_4,1,0.0007086266141068456
adult_adhd_4,1,-1.0579674028892398
adult_adhd_4,1,-0.748479226969465
adult_adhd_4,1,-0.8727384190432151
adult_adhd_4,1,0.006992907711175979
adult_adhd_4,1,0.5158100984302157
adult_adhd_4,1,0.6030958196206281
adult_adhd_4,1,-0.3980326351349398
adult_adhd_4,1,0.11471394252029218
adult_adhd_5,1,-2.496626391908409
adult_adhd_5,1,-2.520103310917156
adult_adhd_5,1,-1.632868191250691
adult_adhd_5,1,-1.4316808356664887
adult_adhd_5,1,-0.9149521445997671
adult_adhd_5,1,-0.3037089740059863
adult_adhd_5,1,-0.6865849903648872
adult_adhd_5,1,-0.716801748147104
adult_adhd_5,1,-1.3696512921536605
adult_adhd_5,1,-0.8314993748780041
adult_adhd_5,1,-0.5622385959459625
adult_adhd_5,1,-0.7206970519144343
adult_adhd_5,1,-1.3857858909847183
adult_adhd_5,1,-0.4755214126308632
adult_adhd_5,1,-0.1298909701265302
adult_adhd_5,1,-0.34444107714455974
adult_adhd_5,1,-0.9714939513320083
adult_adhd_5,1,-0.5189004388147377
adult_adhd_5,1,-0.029428230970093415
adult_adhd_5,1,-0.7060682517202131
adult_adhd_5,1,-0.03415358154829553
adult_adhd_5,1,-0.44240157331734176
adult_adhd_5,1,0.020110812150631575
adult_adhd_5,1,-0.18219206508715616
adult_adhd_5,1,-0.44041810725451114
adult_adhd_5,1,-0.28050765571863445
adult_adhd_5,1,-0.4343445024531748
adult_adhd_5,1,-1.262862930813387
adult_adhd_5,1,-1.7363438934069695
adult_adhd_5,1,-0.32112343650510133
adult_adhd_5,1,-0.20976112020546092
adult_adhd_5,1,-0.41369137793194877
adult_adhd_5,1,-0.5553869595631137
adult_adhd_5,1,0.07291484882301721
adult_adhd_5,1,-0.4129336553539583
adult_adhd_5,1,-0.32488695899644326
adult_adhd_5,1,-0.8032543306491905
adult_adhd_5,1,-0.7148897914088502
adult_adhd_5,1,-1.4777291700026853
adult_adhd_5,1,-1.02875964617653
adult_adhd_5,1,-1.5468553454300817
adult_adhd_5,1,-0.45883790924103207
adult_adhd_5,1,-0.7570798106884932
adult_adhd_5,1,-1.3433431047645725
adult_adhd_5,1,-1.1133313030761278
adult_adhd_5,1,-0.5592775300892593
adult_adhd_5,1,-0.909675585608987
adult_adhd_5,1,-1.320196402809188
adult_adhd_5,1,-0.6355302906378112
adult_adhd_5,1,-0.6151475593237968
adult_adhd_5,1,-0.5622266304533533
adult_adhd_5,1,-0.009327049119789342
adult_adhd_5,1,-0.8110382900741676
adult_adhd_5,1,-0.3403739321915523
adult_adhd_5,1,0.15129190443829418
adult_adhd_5,1,-0.2230309534855585
adult_adhd_5,1,-0.2756790916231452
adult_adhd_5,1,0.005550877188211435
adult_adhd_5,1,-0.3848315057704771
adult_adhd_5,1,-0.26731967567852377
adult_adhd_5,1,-0.43217547547864343
adult_adhd_5,1,-0.26886304429051877
adult_adhd_5,1,-0.6135995947003331
adult_adhd_5,1,-0.8437158867363469
adult_adhd_5,1,-0.6001015394372659
adult_adhd_5,1,-0.724525251702464
adult_adhd_5,1,-0.2539973414570612
adult_adhd_5,1,0.002050829399598088
adult_adhd_5,1,0.013025660635987181
adult_adhd_5,1,-0.43976133784051263
adult_adhd_5,1,-0.4900940283476193
adult_adhd_5,1,-0.9173799845356888
adult_adhd_5,1,-0.491855731278532
adult_adhd_5,1,-0.8753519540096807
adult_adhd_5,1,-0.4547184313076408
adult_adhd_5,1,-0.7100131842764376
adult_adhd_5,1,-0.9671714909855135
adult_adhd_5,1,-0.4638203130778734
adult_adhd_5,1,-0.31075084871836
adult_adhd_5,1,-1.1287834649598554
adult_adhd_5,1,-0.36464627353656753
adult_adhd_5,1,0.10308123229276997
adult_adhd_5,1,-0.15305835270511273
adult_adhd_5,1,-0.6447613565689511
adult_adhd_5,1,-0.24614156809398527
adult_adhd_5,1,-0.43707577970707223
adult_adhd_5,1,-0.16298723505882098
adult_adhd_5,1,0.09004372509972933
adult_adhd_5,1,-0.6843111241345897
adult_adhd_5,1,-0.3784770110637877
adult_adhd_5,1,-0.8463189335557882
adult_adhd_5,1,-0.46621048186077496
adult_adhd_5,1,0.13120830291931726
adult_adhd_5,1,-0.09676341129488222
adult_adhd_5,1,0.05050331553975349
adult_adhd_5,1,0.08780527942285596
adult_adhd_5,1,-0.03545899446031999
adult_adhd_5,1,0.08860872053739452
adult_adhd_5,1,0.0840102050731347
adult_adhd_5,1,-0.651780622399797
adult_adhd_5,1,0.4691017877001228
adult_adhd_5,1,0.021765303203207333
adult_adhd_5,1,0.0972524065608292
adult_adhd_5,1,0.05275500992087032
adult_adhd_5,1,-0.06551236047845724
adult_adhd_5,1,-0.4294347869874343
adult_adhd_5,1,-0.33424888354503224
adult_adhd_5,1,-1.0583553986325098
adult_adhd_5,1,-0.5934917269013463
adult_adhd_5,1,-0.663984203318693
adult_adhd_5,1,0.5827240921296931
adult_adhd_5,1,0.43229061594149487
adult_adhd_5,1,0.04529694058556819
adult_adhd_5,1,-0.17604735624926474
adult_adhd_5,1,-0.20680955798061965
adult_adhd_5,1,0.17565361959146894
adult_adhd_5,1,-0.3633104823080354
adult_adhd_5,1,-0.6977838202654109
adult_adhd_5,1,0.41101282629417935
adult_adhd_5,1,0.8942700312655886
adult_adhd_5,1,-0.1821963020572616
adult_adhd_5,1,-0.5282086807641199
adult_adhd_5,1,-0.4340335037872344
adult_adhd_5,1,-0.13641819492055288
adult_adhd_5,1,-0.5499214400105833
adult_adhd_5,1,-0.4370187050057427
adult_adhd_5,1,-0.1322626052675874
adult_adhd_5,1,-0.4540956740805532
adult_adhd_5,1,-0.8935130021947856
adult_adhd_5,1,-0.13121483330021136
adult_adhd_5,1,-1.2847824935497152
adult_adhd_5,1,-0.7085294032750363
adult_adhd_5,1,-1.3567326285618173
adult_adhd_5,1,-0.727113236678094
adult_adhd_5,1,-0.5030146420277196
adult_adhd_5,1,-0.728148059015047
adult_adhd_5,1,-0.6618521671558043
adult_adhd_5,1,-0.7068108096891285
adult_adhd_5,1,-0.3250803820750735
adult_adhd_5,1,0.2290615689418126
adult_adhd_5,1,-0.006004189479712617
adult_adhd_5,1,-0.1323841750088061
adult_adhd_5,1,-0.1666181416974636
adult_adhd_5,1,0.10996801280574617
adult_adhd_5,1,-0.8483157656456485
adult_adhd_5,1,-0.3311348546341505
adult_adhd_5,1,-0.715589122379442
adult_adhd_5,1,-0.7648271530974714
adult_adhd_5,1,0.1025250953191624
adult_adhd_5,1,-1.3035600957273523
adult_adhd_5,1,-1.27529873813977
adult_adhd_5,1,-0.5903609391916559
adult_adhd_5,1,-0.08037750109010303
adult_adhd_5,1,0.06294798448805103
adult_adhd_5,1,-0.5037068498019431
adult_adhd_5,1,-0.6919679776562092
adult_adhd_5,1,0.14002262537792917
adult_adhd_5,1,-0.10065861650639976
adult_adhd_5,1,0.31610135762479097
adult_adhd_5,1,-0.4852888971605348
adult_adhd_5,1,0.09258583639764514
adult_adhd_5,1,-0.9791523406961614
adult_adhd_5,1,-0.6758726623469665
adult_adhd_5,1,-0.010530275615518468
adult_adhd_5,1,-0.433532414229027
adult_adhd_5,1,-0.11573531737144496
adult_adhd_5,1,-0.32379691490759155
adult_adhd_5,1,-0.5258774717390823
adult_adhd_5,1,0.1346932247931286
adult_adhd_5,1,-0.33679535710935216
adult_adhd_5,1,-0.3147073687280971
adult_adhd_5,1,-0.1394733519768642
adult_adhd_5,1,-0.15891713633792595
adult_adhd_5,1,-0.0660293835246745
adult_adhd_5,1,-0.6391117778442211
adult_adhd_5,1,-0.759182409139829
adult_adhd_5,1,0.1750742085770792
adult_adhd_5,1,-0.8075103739795239
adult_adhd_5,1,-0.4413147915984611
adult_adhd_5,1,0.4214447871506529
adult_adhd_5,1,-0.002228289832786244
adult_adhd_5,1,-0.016919271028921122
adult_adhd_5,1,0.02103828565372865
adult_adhd_5,1,-0.16694419413041253
adult_adhd_5,1,-0.03142593651990557
adult_adhd_5,1,-0.16167078850010466
adult_adhd_5,1,-0.28545617388441247
adult_adhd_5,1,-0.24234833509116474
adult_adhd_5,1,0.2970008422755802
adult_adhd_5,1,0.754416514264456
adult_adhd_5,1,-0.5470458697260593
adult_adhd_5,1,-0.2136987014736408
adult_adhd_5,1,-0.35407750391073944
adult_adhd_5,1,-0.36918753205554455
adult_adhd_5,1,-0.140310203584355
adult_adhd_5,1,-0.28872623938973596
adult_adhd_5,1,-0.06652714621546787
adult_adhd_5,1,-0.5523868931868291
adult_adhd_5,1,-0.5291877683712104
adult_adhd_5,1,-0.1365534909018761
adult_adhd_5,1,-0.022317872528171988
adult_adhd_5,1,-0.7398891841830179
adult_adhd_5,1,0.0668202420459024
adult_adhd_5,1,-0.3618112183881589
adult_adhd_5,1,0.12274013367836964
adult_adhd_5,1,-0.011643004524193666
adult_adhd_5,1,-0.8020748654351854
adult_adhd_5,1,0.07289625475418857
adult_adhd_5,1,0.4065051144814632
adult_adhd_5,1,-0.08342254468134894
adult_adhd_5,1,-0.18617795167481646
adult_adhd_5,1,-0.45184183017244084
adult_adhd_5,1,0.32621890697075007
adult_adhd_5,1,0.1512270387498785
adult_adhd_5,1,-0.218263199551937
adult_adhd_5,1,-0.4256019798681291
adult_adhd_5,1,0.2311020376392122
adult_adhd_5,1,-0.11474582567779548
adult_adhd_5,1,0.3331123853681969
adult_adhd_5,1,0.2268133728675715
adult_adhd_5,1,-0.02340479016153587
adult_adhd_5,1,-0.35218402788818215
adult_adhd_5,1,0.004821331552923615
adult_adhd_5,1,-0.11130470324282218
adult_adhd_5,1,0.10810514183841188
adult_adhd_5,1,-0.759850371793186
adult_adhd_5,1,-1.0062447612202754
adult_adhd_5,1,-0.5723379181000298
adult_adhd_5,1,-0.08207926534988355
adult_adhd_5,1,0.5352469723025474
adult_adhd_5,1,0.32755760963020697
adult_adhd_5,1,0.22157507412969676
adult_adhd_5,1,-0.5795136204427899
adult_adhd_5,1,-0.11523076424452086
adult_adhd_5,1,-0.45610241528075013
adult_adhd_5,1,0.11442123764847842
adult_adhd_5,1,-0.06385222466792753
adult_adhd_5,1,-0.3356502539343439
adult_adhd_5,1,-0.2998418878068202
adult_adhd_5,1,-0.3966675360413098
adult_adhd_5,1,-0.019473379320719263
adult_adhd_5,1,0.3375277190645197
adult_adhd_5,1,-0.7626292775406743
adult_adhd_5,1,-0.1350286200373442
adult_adhd_5,1,-0.20243311256293542
adult_adhd_5,1,-0.21194809152016428
adult_adhd_5,1,-0.33478049250438235
adult_adhd_5,1,-0.12737622929369366
adult_adhd_5,1,0.27188991159354103
adult_adhd_5,1,-0.5299517691649299
adult_adhd_5,1,-0.9253005043328416
adult_adhd_5,1,-0.3525744070485407
adult_adhd_5,1,-0.31708704452036807
adult_adhd_5,1,-0.14558253397145685
adult_adhd_5,1,-1.0193125400149028
adult_adhd_5,1,-0.5954164755671679
adult_adhd_5,1,-0.2901489931578757
adult_adhd_5,1,-0.3057395452016668
adult_adhd_5,1,-0.9744864239592895
adult_adhd_5,1,-0.8686037248764514
adult_adhd_5,1,-0.0905394124273741
adult_adhd_5,1,-0.2564796603506515
adult_adhd_5,1,-0.3342529705877747
adult_adhd_5,1,0.12939982864255314
adult_adhd_5,1,0.469012354677223
adult_adhd_5,1,0.131035251983009
adult_adhd_5,1,0.323006265206487
adult_adhd_5,1,-0.20972907117860942
adult_adhd_5,1,-0.6323148390106076
adult_adhd_5,1,0.10272481130246022
adult_adhd_5,1,0.04013004918776817
adult_adhd_5,1,0.5299373283479
adult_adhd_5,1,0.30060407944660483
adult_adhd_5,1,-0.5819839449949028
adult_adhd_5,1,-0.19191067105532103
adult_adhd_5,1,-1.092792227375087
adult_adhd_5,1,-0.36996934915609214
adult_adhd_5,1,-0.6337226110174851
adult_adhd_5,1,0.013331522762209148
adult_adhd_5,1,0.13064050248596057
adult_adhd_5,1,-0.7208246350635256
adult_adhd_5,1,-0.11891640701271103
adult_adhd_5,1,0.08287342106481618
adult_adhd_5,1,-0.01532038054609499
adult_adhd_5,1,-0.23483983228331332
adult_adhd_5,1,0.3221986488963916
adult_adhd_5,1,-0.33771794683589673
adult_adhd_5,1,-0.628993828719384
adult_adhd_5,1,-0.09020791537989262
adult_adhd_5,1,-0.5149423768634253
adult_adhd_5,1,-0.7163209226965378
adult_adhd_5,1,-0.0546112442029222
adult_adhd_5,1,-1.2590521160533665
adult_adhd_5,1,-0.9740350005040973
adult_adhd_5,1,-0.09682013579924745
adult_adhd_5,1,0.5472833012881916
adult_adhd_5,1,-0.002620338060949211
adult_adhd_5,1,0.5218945742686928
adult_adhd_5,1,0.2716297138124505
adult_adhd_5,1,-1.381503559278415
adult_adhd_5,1,-0.8781381554533428
adult_adhd_5,1,-1.0652149739560723
adult_adhd_5,1,-0.03185639547786225
adult_adhd_5,1,0.6171552475338818
adult_adhd_5,1,0.09653469595392358
adult_adhd_5,1,-0.1894068428466084
adult_adhd_5,1,0.4844993113722925
adult_adhd_5,1,-0.7262588700916316
adult_adhd_5,1,-0.06245529854143186
adult_adhd_5,1,0.8263226138330807
adult_adhd_5,1,0.3621748494602143
adult_adhd_5,1,-0.20449055588539125
adult_adhd_5,1,-0.8269671765889955
adult_adhd_5,1,-0.26862715173094187
adult_adhd_5,1,-0.1681919865115508
adult_adhd_5,1,-0.30860056015748893
adult_adhd_5,1,-0.3421329943093706
adult_adhd_5,1,-0.894828940332569
adult_adhd_5,1,-0.026604299661146767
adult_adhd_5,1,-0.1627392868338501
adult_adhd_5,1,0.013688014737475919
adult_adhd_5,1,-0.1601277648174725
adult_adhd_5,1,-0.10897002012060666
adult_adhd_5,1,-0.12289601895044502
adult_adhd_5,1,-0.039914623936716874
adult_adhd_5,1,-0.29153742191064624
adult_adhd_5,1,-0.2568242632430747
adult_adhd_5,1,-0.3290718011232533
adult_adhd_5,1,-0.6173572644842159
adult_adhd_5,1,-0.07847667162959163
adult_adhd_5,1,0.1463653062705431
adult_adhd_5,1,-0.5643148832819737
adult_adhd_5,1,-0.5906050169073963
adult_adhd_5,1,-0.12799183229749458
adult_adhd_5,1,0.21933837766704664
adult_adhd_5,1,0.21098933021139796
adult_adhd_5,1,0.5281785886750462
adult_adhd_5,1,0.12146311651013927
adult_adhd_5,1,0.17192342385488554
adult_adhd_5,1,-0.415190318355246
adult_adhd_5,1,-0.6578225590711221
adult_adhd_5,1,-1.0002181689843437
adult_adhd_5,1,-0.4714508531763778
adult_adhd_5,1,-0.632697100863241
adult_adhd_5,1,-0.7255848781535178
adult_adhd_5,1,-0.11213270874801476
adult_adhd_5,1,-0.3769620905910237
adult_adhd_5,1,-0.4151240601105396
adult_adhd_5,1,-0.2589354844003021
adult_adhd_5,1,0.057993477266232586
adult_adhd_5,1,0.3129527512723339
adult_adhd_5,1,-0.06827318740013669
adult_adhd_5,1,-0.6306598262540576
adult_adhd_5,1,-0.32906003258785776
adult_adhd_5,1,-0.5165207519645473
adult_adhd_5,1,0.10358120048406425
adult_adhd_5,1,-0.23504122107906325
adult_adhd_5,1,-0.18476233259751842
adult_adhd_5,1,0.044079527190787095
adult_adhd_5,1,-0.36715698305311795
adult_adhd_5,1,-0.5167681089374535
adult_adhd_5,1,-0.43518787163312866
adult_adhd_5,1,-0.39390208360802725
adult_adhd_5,1,0.10493098363956674
adult_adhd_5,1,-0.4005794051223369
adult_adhd_5,1,-0.5146249487337323
adult_adhd_5,1,-0.2322150216827951
adult_adhd_5,1,-0.05028627112088726
adult_adhd_5,1,0.5726276466915584
adult_adhd_5,1,0.09582805628859167
adult_adhd_5,1,0.28808158421062535
adult_adhd_5,1,-0.003497157659715276
adult_adhd_5,1,-1.1380120047839282
adult_adhd_5,1,-0.7002891150284872
adult_adhd_5,1,-0.367313193715577
adult_adhd_5,1,-0.04238609973640175
adult_adhd_5,1,-0.1348400671223197
adult_adhd_5,1,-0.7044955887674947
adult_adhd_5,1,-0.12914746097250687
adult_adhd_5,1,0.4325994454569845
adult_adhd_5,1,-0.2769958247975549
adult_adhd_5,1,-0.7743599621780154
adult_adhd_5,1,-1.1355580878724867
adult_adhd_5,1,-0.32898980789968213
adult_adhd_5,1,-0.5743642132461798
adult_adhd_5,1,-0.2907092363316427
adult_adhd_5,1,-0.040179015162759145
adult_adhd_5,1,0.045804400011475545
adult_adhd_5,1,0.03657982598280372
adult_adhd_5,1,0.08060765255662714
adult_adhd_5,1,0.279923606830181
adult_adhd_5,1,0.14692654041160988
adult_adhd_5,1,-0.5394767550467682
adult_adhd_5,1,-0.4384288062364242
adult_adhd_5,1,-0.547192060185344
adult_adhd_5,1,-0.1494057947230555
adult_adhd_5,1,-0.24851123502460828
adult_adhd_5,1,0.2806961586218849
adult_adhd_5,1,-0.011610430874907783
adult_adhd_5,1,-0.012509344605836768
adult_adhd_5,1,-0.021663603875156666
adult_adhd_5,1,-0.8419453615231326
adult_adhd_5,1,0.06021522684057699
adult_adhd_5,1,0.20356659365728688
adult_adhd_5,1,-0.01970263699983734
adult_adhd_5,1,-0.3287876916221387
adult_adhd_5,1,-0.37138093948663975
adult_adhd_5,1,-0.23971374064841058
adult_adhd_5,1,-0.07648229123837993
adult_adhd_5,1,-0.2575448642451049
adult_adhd_5,1,0.6003208281111042
adult_adhd_5,1,0.6376800257031024
adult_adhd_5,1,0.44500101136582126
adult_adhd_5,1,0.05529720479118936
adult_adhd_5,1,-0.36689452024408176
adult_adhd_5,1,-0.22816563021788197
adult_adhd_5,1,-0.0010672205640206642
adult_adhd_5,1,-0.21862076701859215
adult_adhd_5,1,-1.069260654140757
adult_adhd_5,1,-1.0517477670529711
adult_adhd_5,1,-0.3026419668391974
adult_adhd_5,1,0.027986382856720927
adult_adhd_5,1,-0.44207954169977703
adult_adhd_5,1,-0.27242776674684543
adult_adhd_5,1,-0.6905991024671815
adult_adhd_5,1,-0.6795225423186014
adult_adhd_5,1,-0.4992537826852609
adult_adhd_5,1,-0.2747287033033622
adult_adhd_5,1,-0.21745996236338963
adult_adhd_5,1,0.30857399852345824
adult_adhd_5,1,0.3566050566812652
adult_adhd_5,1,0.15515052099794077
adult_adhd_5,1,-0.05604751152720224
adult_adhd_5,1,-0.6994216299737607
adult_adhd_5,1,-0.15102542638156616
adult_adhd_5,1,-0.4407790867628013
adult_adhd_5,1,0.04237963368516837
adult_adhd_5,1,0.011308108792361084
adult_adhd_5,1,-0.7752680241631181
adult_adhd_5,1,-0.541702171362381
adult_adhd_5,1,0.025182410771634613
adult_adhd_5,1,-0.01931162067607186
adult_adhd_5,1,-0.26153360817004045
adult_adhd_5,1,0.17016557430136733
adult_adhd_5,1,-0.35544841352831325
adult_adhd_5,1,0.2508947538647536
adult_adhd_5,1,0.6656354218049173
adult_adhd_5,1,0.15663567338121273
adult_adhd_5,1,0.6221050504247098
adult_adhd_5,1,0.24877047021822216
adult_adhd_5,1,-0.5951142326674982
adult_adhd_5,1,-0.4533761140907687
adult_adhd_5,1,0.28300140131128526
adult_adhd_5,1,-0.09742002291843291
adult_adhd_5,1,-0.321006481305134
adult_adhd_5,1,-0.20948806847532078
adult_adhd_5,1,0.41180636984048624
adult_adhd_5,1,-0.3066541505616448
adult_adhd_5,1,-0.2750255949639583
adult_adhd_5,1,-0.15538226717595718
adult_adhd_5,1,-0.2349481484866284
adult_adhd_5,1,0.20385667608124755
adult_adhd_5,1,-0.4164288290822048
adult_adhd_5,1,-0.3165137231522829
adult_adhd_5,1,0.10472384379137409
adult_adhd_5,1,0.2628148786769474
adult_adhd_5,1,0.4457060961299374
adult_adhd_5,1,0.0037481208605259844
adult_adhd_5,1,0.28887505372290845
adult_adhd_5,1,0.18648041237238075
adult_adhd_5,1,-0.10397336251667424
adult_adhd_5,1,-0.035897583889785166
adult_adhd_5,1,-0.09981204800600843
adult_adhd_5,1,0.6533395270108878
adult_adhd_5,1,-0.26025088637939253
adult_adhd_5,1,-0.42571214340308294
adult_adhd_5,1,-0.5551579809919372
adult_adhd_5,1,-0.925423747521667
adult_adhd_5,1,-0.20885398220183396
adult_adhd_5,1,0.08324883605595854
adult_adhd_5,1,0.2739384697659256
adult_adhd_5,1,-0.09525358955847799
adult_adhd_5,1,0.14801429423863874
adult_adhd_5,1,0.2698759264801428
adult_adhd_5,1,-0.24668340211984532
adult_adhd_5,1,-0.2910963212539389
adult_adhd_5,1,-0.5788557106092401
adult_adhd_5,1,-0.6687303538299888
adult_adhd_5,1,-0.4033197282499533
adult_adhd_5,1,-0.47563026180516077
adult_adhd_5,1,-0.5979585012949874
adult_adhd_5,1,-0.48112774966260374
adult_adhd_5,1,0.09342733946837231
adult_adhd_5,1,0.26997895736916855
adult_adhd_5,1,-0.5713494444516399
adult_adhd_5,1,-0.4933732516345869
adult_adhd_5,1,0.03446484278924498
adult_adhd_5,1,-0.03371930349759591
adult_adhd_5,1,-0.5916290357832404
adult_adhd_5,1,-0.6905897774046389
adult_adhd_5,1,-0.44605596590744356
adult_adhd_5,1,-0.10775235956830845
adult_adhd_5,1,0.3398435288468856
adult_adhd_5,1,-0.22711217819760812
adult_adhd_5,1,-0.7780688437188074
adult_adhd_5,1,-0.6623543100181694
adult_adhd_5,1,-0.23255354887102522
adult_adhd_5,1,-0.3739639048495581
adult_adhd_5,1,-0.6862568251783604
adult_adhd_5,1,-0.29519155347506965
adult_adhd_5,1,0.18179456208953146
adult_adhd_5,1,0.30175882605545035
adult_adhd_5,1,-0.10024336267439962
adult_adhd_5,1,0.3866697296495528
adult_adhd_5,1,0.6256850394930283
adult_adhd_5,1,-0.30124003989884407
adult_adhd_5,1,-0.34344719519830125
adult_adhd_5,1,-0.22164279964100056
adult_adhd_5,1,-0.28715199233106625
adult_adhd_5,1,0.18362463250325298
adult_adhd_5,1,-0.02653354020909484
adult_adhd_5,1,0.5393421702781384
adult_adhd_5,1,0.45620526793509086
adult_adhd_5,1,-0.012058757237744099
adult_adhd_5,1,0.18814581224036306
adult_adhd_5,1,-0.12610603070154527
adult_adhd_5,1,-0.47984090717948147
adult_adhd_5,1,0.7730601572056389
adult_adhd_5,1,0.4883556546844169
adult_adhd_5,1,0.3889289802707655
adult_adhd_5,1,0.9128842411808825
adult_adhd_5,1,-0.08299551010443454
adult_adhd_5,1,-0.886904667150917
adult_adhd_5,1,-0.24937848406361898
adult_adhd_5,1,-0.2889559608112785
adult_adhd_5,1,0.08553590703285704
adult_adhd_5,1,-0.4126013626376527
adult_adhd_5,1,-0.7189614131052314
adult_adhd_5,1,-0.7014028732613474
adult_adhd_5,1,-0.5284851247088097
adult_adhd_5,1,-0.044462269865966596
adult_adhd_5,1,0.34362865477320714
adult_adhd_5,1,-0.5133820680343016
adult_adhd_5,1,-0.49690519348043194
adult_adhd_5,1,0.47412463961083795
adult_adhd_5,1,-0.19337948331078839
adult_adhd_5,1,-0.18104043717521492
adult_adhd_5,1,0.06130308320054887
adult_adhd_5,1,0.19186346899545556
adult_adhd_5,1,0.2713001052493912
adult_adhd_5,1,-0.5249187700365455
adult_adhd_5,1,0.2881980430971335
adult_adhd_5,1,0.23903675503312324
adult_adhd_5,1,0.6450673236950012
adult_adhd_5,1,0.7379681702620539
adult_adhd_5,1,-0.1545988657906409
adult_adhd_5,1,0.08999531033521366
adult_adhd_5,1,0.2716732283837896
adult_adhd_5,1,-0.09206157346984903
adult_adhd_5,1,0.07057975436998251
adult_adhd_5,1,-0.2242105643316931
adult_adhd_5,1,-0.16888472340456398
adult_adhd_5,1,-0.24626644962672586
adult_adhd_5,1,-0.9641835967584339
adult_adhd_5,1,-0.4525148476005362
adult_adhd_5,1,-0.10502760118563295
adult_adhd_5,1,-0.29185569918724086
adult_adhd_5,1,-0.0886264373023872
adult_adhd_5,1,0.17092245858205599
adult_adhd_5,1,-0.2813580674358577
adult_adhd_5,1,-0.40424299979838485
adult_adhd_5,1,0.07699060939588084
adult_adhd_5,1,-0.2973225709626418
adult_adhd_5,1,-0.7812383876253984
adult_adhd_5,1,-0.6859068876688802
adult_adhd_5,1,0.38379280390993176
adult_adhd_5,1,-0.02127284081848204
adult_adhd_5,1,-0.5373329358282065
adult_adhd_5,1,-0.5824157099471566
adult_adhd_5,1,-0.052572275464389494
adult_adhd_5,1,-0.5956653948050755
adult_adhd_5,1,-0.11125172576414935
adult_adhd_5,1,-1.1848739302689988
adult_adhd_5,1,-0.488814843988603
adult_adhd_5,1,0.17799613703106107
adult_adhd_5,1,-0.0731598297581443
adult_adhd_5,1,0.24346808136444373
adult_adhd_5,1,-0.1288020321045801
adult_adhd_5,1,-0.08553004675744039
adult_adhd_5,1,0.11428775132156996
adult_adhd_5,1,0.13855001914317108
adult_adhd_5,1,-0.03323308418160389
adult_adhd_5,1,-0.5413615198756937
adult_adhd_5,1,0.028157062941415935
adult_adhd_5,1,-0.36710425205791386
adult_adhd_5,1,-0.20407153647827184
adult_adhd_5,1,0.24203460808911456
adult_adhd_5,1,0.7431505655686356
adult_adhd_5,1,-0.164786712542523
adult_adhd_5,1,-0.4725808403880055
adult_adhd_5,1,0.2911884468119209
adult_adhd_5,1,-0.18769945492449028
adult_adhd_5,1,-0.014248848871725082
adult_adhd_5,1,-0.1091764070592122
adult_adhd_5,1,-0.8834409554845356
adult_adhd_5,1,-0.663171287637628
adult_adhd_5,1,-0.44013928990865725
adult_adhd_5,1,0.22652066616800334
adult_adhd_5,1,-0.01492831596505919
adult_adhd_5,1,-0.04855513825318427
adult_adhd_5,1,-0.9565745109538967
adult_adhd_5,1,-0.047537340641472435
adult_adhd_5,1,-0.05761781421767145
adult_adhd_5,1,-0.2941616235576737
adult_adhd_6,1,-0.6947410399798385
adult_adhd_6,1,-1.3557285341112895
adult_adhd_6,1,-1.4492075587141815
adult_adhd_6,1,-0.8047703050550522
adult_adhd_6,1,-1.160251766502241
adult_adhd_6,1,-0.878933111270975
adult_adhd_6,1,-0.5623248966501534
adult_adhd_6,1,-1.0465841884026088
adult_adhd_6,1,-1.021420176962597
adult_adhd_6,1,-0.9127237090526056
adult_adhd_6,1,-0.7401047996870637
adult_adhd_6,1,-0.552332185410556
adult_adhd_6,1,-0.44101529447651877
adult_adhd_6,1,0.002957979971636694
adult_adhd_6,1,-0.30171215208920354
adult_adhd_6,1,-1.742922799790556
adult_adhd_6,1,-2.169045599104496
adult_adhd_6,1,-0.7610763746669201
adult_adhd_6,1,-1.0477081992209145
adult_adhd_6,1,-0.4702617505645671
adult_adhd_6,1,-0.5309055010553377
adult_adhd_6,1,-0.7142624150347546
adult_adhd_6,1,-1.4816292317087512
adult_adhd_6,1,-1.1061408614726442
adult_adhd_6,1,-0.18116874829768462
adult_adhd_6,1,-0.1032770810372349
adult_adhd_6,1,-0.2569986614443057
adult_adhd_6,1,-0.6980408396183243
adult_adhd_6,1,-0.26449518124645743
adult_adhd_6,1,-0.7185792356418726
adult_adhd_6,1,-0.5681236927686107
adult_adhd_6,1,-0.5227791107004672
adult_adhd_6,1,-0.3447887324542961
adult_adhd_6,1,-0.8729065821821397
adult_adhd_6,1,-1.1257751547274562
adult_adhd_6,1,-1.197731411968467
adult_adhd_6,1,-1.3950604810304137
adult_adhd_6,1,-1.1936546962538785
adult_adhd_6,1,-0.9137189625183203
adult_adhd_6,1,-1.2573655662081902
adult_adhd_6,1,0.22063618140543814
adult_adhd_6,1,-1.5133255746454402
adult_adhd_6,1,-1.3069686532330889
adult_adhd_6,1,-0.9060309590364389
adult_adhd_6,1,-1.4461929710824624
adult_adhd_6,1,-2.07691627420516
adult_adhd_6,1,-2.577721947528469
adult_adhd_6,1,-1.1235713172807267
adult_adhd_6,1,-0.8473723129033542
adult_adhd_6,1,-0.5843587996379801
adult_adhd_6,1,-1.6694166618158817
adult_adhd_6,1,-0.5302823972141403
adult_adhd_6,1,-0.4210376718514127
adult_adhd_6,1,-0.7205282666296767
adult_adhd_6,1,-0.737455090050075
adult_adhd_6,1,-0.7969788548531848
adult_adhd_6,1,-1.4146848497177746
adult_adhd_6,1,-1.349493177659106
adult_adhd_6,1,-1.2048810759121733
adult_adhd_6,1,0.7433909612753294
adult_adhd_6,1,0.4436888431406564
adult_adhd_6,1,-0.9772625924074289
adult_adhd_6,1,-0.8790818989035823
adult_adhd_6,1,-0.01994691844472376
adult_adhd_6,1,0.7365664403356013
adult_adhd_6,1,-1.1192576448302063
adult_adhd_6,1,-1.7463194085035951
adult_adhd_6,1,-0.9781842878137009
adult_adhd_6,1,-0.8549374257134662
adult_adhd_6,1,-0.19954666900656717
adult_adhd_6,1,-0.5218310687638489
adult_adhd_6,1,-0.5445154816410563
adult_adhd_6,1,-0.3057249289129754
adult_adhd_6,1,0.0026930785672584015
adult_adhd_6,1,-0.7376383060883226
adult_adhd_6,1,-1.2595905321349483
adult_adhd_6,1,-0.3138211684177431
adult_adhd_6,1,-0.6844459802191775
adult_adhd_6,1,-1.1084933837768767
adult_adhd_6,1,-1.8671892151159013
adult_adhd_6,1,-1.587772530480549
adult_adhd_6,1,-1.4928896644658591
adult_adhd_6,1,-0.2741527663323441
adult_adhd_6,1,-0.6713888622718581
adult_adhd_6,1,-1.040515982563102
adult_adhd_6,1,-0.8609406892718349
adult_adhd_6,1,-0.41919831664171026
adult_adhd_6,1,-1.3564976176909416
adult_adhd_6,1,-1.5193058785791402
adult_adhd_6,1,-0.8332792019358507
adult_adhd_6,1,-0.7575686595454
adult_adhd_6,1,-0.7042443868477218
adult_adhd_6,1,-0.5339411651152081
adult_adhd_6,1,-0.7567959178360958
adult_adhd_6,1,-1.611259680625854
adult_adhd_6,1,-1.1968008923210838
adult_adhd_6,1,-0.9048725107819212
adult_adhd_6,1,-0.9416232411354549
adult_adhd_6,1,-0.7147706727864497
adult_adhd_6,1,-0.8003489746635543
adult_adhd_6,1,-1.6092254007080724
adult_adhd_6,1,-1.6645953065551389
adult_adhd_6,1,-0.8781881301152942
adult_adhd_6,1,-0.7692613944060972
adult_adhd_6,1,-0.58660473572175
adult_adhd_6,1,-0.0678513150193937
adult_adhd_6,1,-0.33463299514521017
adult_adhd_6,1,-0.915539419373056
adult_adhd_6,1,-1.6507756331233958
adult_adhd_6,1,-1.2002940993884015
adult_adhd_6,1,-0.6946452046368726
adult_adhd_6,1,-1.081125853036271
adult_adhd_6,1,-1.8326203403809935
adult_adhd_6,1,-1.554901054554238
adult_adhd_6,1,-1.264357626726297
adult_adhd_6,1,-0.7479488437781548
adult_adhd_6,1,-1.7634661222169492
adult_adhd_6,1,-2.142404385304059
adult_adhd_6,1,-0.7187032332527891
adult_adhd_6,1,-0.9395852266800014
adult_adhd_6,1,-1.2966756768773697
adult_adhd_6,1,-1.3358761830571435
adult_adhd_6,1,-1.6391785467821336
adult_adhd_6,1,-1.70096269336566
adult_adhd_6,1,-0.591162333620819
adult_adhd_6,1,-0.8373640328121276
adult_adhd_6,1,-1.3565299656216192
adult_adhd_6,1,-0.9931252624886507
adult_adhd_6,1,-1.4234560795143123
adult_adhd_6,1,-1.4466443838204652
adult_adhd_6,1,-1.651296846020259
adult_adhd_6,1,-1.5655881601847788
adult_adhd_6,1,-1.2841733343140334
adult_adhd_6,1,-1.4886065444298726
adult_adhd_6,1,-2.1471441129267927
adult_adhd_6,1,-1.2940251267855891
adult_adhd_6,1,-1.353617604731249
adult_adhd_6,1,-0.9989024667723293
adult_adhd_6,1,0.1648344396736637
adult_adhd_6,1,-0.9057939534631484
adult_adhd_6,1,-1.8580828173243509
adult_adhd_6,1,-1.343814317293083
adult_adhd_6,1,-0.21109682355477757
adult_adhd_6,1,-0.557054275110889
adult_adhd_6,1,-0.369285411119164
adult_adhd_6,1,-0.5715963841237882
adult_adhd_6,1,-0.36812090139898757
adult_adhd_6,1,-0.5950352031854295
adult_adhd_6,1,-2.0048929605973784
adult_adhd_6,1,-1.4905469991071554
adult_adhd_6,1,-0.7672093531666023
adult_adhd_6,1,-1.0102614521411404
adult_adhd_6,1,-1.0824303562245734
adult_adhd_6,1,-0.9638804045154327
adult_adhd_6,1,-1.127845566759321
adult_adhd_6,1,-1.2027610129699284
adult_adhd_6,1,-1.8470024348717047
adult_adhd_6,1,-1.2993901364734861
adult_adhd_6,1,-0.8828860674786697
adult_adhd_6,1,-0.5204452443589086
adult_adhd_6,1,-0.8953837436595208
adult_adhd_6,1,-1.4627966618276016
adult_adhd_6,1,-1.3919256490741452
adult_adhd_6,1,-0.9405935821978798
adult_adhd_6,1,-1.184951073884744
adult_adhd_6,1,-1.6437553988582958
adult_adhd_6,1,-1.5207486007911366
adult_adhd_6,1,-2.048087642082726
adult_adhd_6,1,-1.3790449162932745
adult_adhd_6,1,-0.4928251285035382
adult_adhd_6,1,-1.5280632638912768
adult_adhd_6,1,-1.466873150755032
adult_adhd_6,1,-0.5488848529773386
adult_adhd_6,1,-1.0745116543529072
adult_adhd_6,1,-1.1390713830719843
adult_adhd_6,1,-1.3408836958961161
adult_adhd_6,1,-1.0328050365885182
adult_adhd_6,1,-1.3105189637941521
adult_adhd_6,1,-1.5602457445331743
adult_adhd_6,1,-2.0126733274070117
adult_adhd_6,1,-0.9472799750688482
adult_adhd_6,1,-0.8406042295976642
adult_adhd_6,1,-0.9116956289329029
adult_adhd_6,1,-1.1294702779836787
adult_adhd_6,1,-0.6732029909146381
adult_adhd_6,1,-1.3315030902513652
adult_adhd_6,1,-1.069696052332063
adult_adhd_6,1,-1.143490122934188
adult_adhd_6,1,-0.8157630786362094
adult_adhd_6,1,-1.28566200608034
adult_adhd_6,1,0.294902700856175
adult_adhd_6,1,-0.9188544065315426
adult_adhd_6,1,-1.497120209761194
adult_adhd_6,1,-0.9704564304795976
adult_adhd_6,1,-1.1476684586845645
adult_adhd_6,1,-1.551471982313636
adult_adhd_6,1,-0.975002210979992
adult_adhd_6,1,-0.2347576501082175
adult_adhd_6,1,-0.7620222422282831
adult_adhd_6,1,0.01117919502318241
adult_adhd_6,1,-0.6016488373329877
adult_adhd_6,1,-1.5435559334574078
adult_adhd_6,1,-0.0016689535591342328
adult_adhd_6,1,0.1602443998712398
adult_adhd_6,1,-0.3092040598150517
adult_adhd_6,1,-0.5598434615188327
adult_adhd_6,1,-0.15054134424773605
adult_adhd_6,1,0.14484529261586462
adult_adhd_6,1,0.00829275038935249
adult_adhd_6,1,-0.8683953268952379
adult_adhd_6,1,-0.0656427428982215
adult_adhd_6,1,-0.10057665809696906
adult_adhd_6,1,-0.4269124307278841
adult_adhd_6,1,-0.9504010887629749
adult_adhd_6,1,-1.1394633894508996
adult_adhd_6,1,-0.2664384559144589
adult_adhd_6,1,-0.1180704911861871
adult_adhd_6,1,-0.9112785994078173
adult_adhd_6,1,-0.43845484278594415
adult_adhd_6,1,-0.5592421365354298
adult_adhd_6,1,-0.3802209688405743
adult_adhd_6,1,-1.456401128645747
adult_adhd_6,1,-1.1246636148061149
adult_adhd_6,1,-0.2470361870413548
adult_adhd_6,1,-0.4641979074328061
adult_adhd_6,1,-0.5971113225156962
adult_adhd_6,1,-1.3646405097858678
adult_adhd_6,1,-1.8171324292364583
adult_adhd_6,1,-1.4158668966075068
adult_adhd_6,1,-0.8398823919088997
adult_adhd_6,1,-0.9088577040098528
adult_adhd_6,1,-1.1150197223295946
adult_adhd_6,1,-0.20610972551548104
adult_adhd_6,1,-0.48589595665244
adult_adhd_6,1,-0.9820812070307995
adult_adhd_6,1,-1.3954901938123507
adult_adhd_6,1,-1.2745714966625061
adult_adhd_6,1,-1.7803875715912199
adult_adhd_6,1,-1.4272150099029663
adult_adhd_6,1,-1.6056028779930682
adult_adhd_6,1,-1.3243423182403729
adult_adhd_6,1,-1.265760197057165
adult_adhd_6,1,-1.8063900368919423
adult_adhd_6,1,-1.3958870758344464
adult_adhd_6,1,-1.3981234989172928
adult_adhd_6,1,-1.657699262104618
adult_adhd_6,1,-1.2980670878053306
adult_adhd_6,1,-1.4602859897925984
adult_adhd_6,1,-0.8791061933890062
adult_adhd_6,1,-0.5151945568290585
adult_adhd_6,1,-0.4968924875994388
adult_adhd_6,1,-1.026998157648808
adult_adhd_6,1,-1.2567431578459063
adult_adhd_6,1,-1.521938301587498
adult_adhd_6,1,-0.5303192412556189
adult_adhd_6,1,-0.935704502862201
adult_adhd_6,1,-0.4606336702662789
adult_adhd_6,1,-0.09861054483655965
adult_adhd_6,1,-0.7087795651736214
adult_adhd_6,1,-0.7269459772274937
adult_adhd_6,1,-0.47729985453096535
adult_adhd_6,1,-1.2388195592695688
adult_adhd_6,1,-0.3059655613723068
adult_adhd_6,1,-1.1883670859312714
adult_adhd_6,1,-2.0693347140851945
adult_adhd_6,1,-2.4894493740027754
adult_adhd_6,1,-1.2520050537356622
adult_adhd_6,1,-0.024309572386481813
adult_adhd_6,1,0.11609408525997553
adult_adhd_6,1,-0.33482144399276137
adult_adhd_6,1,-0.8690914825918788
adult_adhd_6,1,-1.094353214155754
adult_adhd_6,1,-0.5597927536743307
adult_adhd_6,1,-0.42645198355341385
adult_adhd_6,1,-1.5068957343729878
adult_adhd_6,1,-1.1867859618305991
adult_adhd_6,1,-1.4531166606598047
adult_adhd_6,1,-1.0216026343152502
adult_adhd_6,1,-1.0597445340783058
adult_adhd_6,1,-1.6367012653612822
adult_adhd_6,1,0.011926404982914286
adult_adhd_6,1,-0.03388539320814168
adult_adhd_6,1,-1.0970027549599308
adult_adhd_6,1,-1.8537972410035208
adult_adhd_6,1,-1.4730596738705213
adult_adhd_6,1,-0.3301111917531191
adult_adhd_6,1,-0.7652252377753345
adult_adhd_6,1,-0.7141126116327928
adult_adhd_6,1,-0.653044444960173
adult_adhd_6,1,-0.6322505432632405
adult_adhd_6,1,-0.32251909836218606
adult_adhd_6,1,-1.529672961500843
adult_adhd_6,1,-1.5337397005896687
adult_adhd_6,1,-0.28617761544068576
adult_adhd_6,1,-0.5995852171035291
adult_adhd_6,1,-1.2753404253828435
adult_adhd_6,1,-0.6128732008957004
adult_adhd_6,1,-1.2603514650677576
adult_adhd_6,1,-1.2192718042647548
adult_adhd_6,1,-1.627224091911621
adult_adhd_6,1,-0.6834595449700486
adult_adhd_6,1,-1.2843866687983074
adult_adhd_6,1,-1.863361827876822
adult_adhd_6,1,-1.2684525215800204
adult_adhd_6,1,-0.9604881312202956
adult_adhd_6,1,-1.1160552529146748
adult_adhd_6,1,-1.3669321479750987
adult_adhd_6,1,-1.167799783697912
adult_adhd_6,1,-0.8233064177567998
adult_adhd_6,1,-0.5685893071618521
adult_adhd_6,1,-0.36539839283460995
adult_adhd_6,1,-0.4218494402418983
adult_adhd_6,1,-0.3530706962338791
adult_adhd_6,1,-0.9093260088524827
adult_adhd_6,1,-1.4398189766141969
adult_adhd_6,1,-1.389419341233757
adult_adhd_6,1,-0.5435717745498078
adult_adhd_6,1,-1.4888946519658846
adult_adhd_6,1,-0.49331408312991376
adult_adhd_6,1,-0.41543172386820426
adult_adhd_6,1,-1.3775334267655372
adult_adhd_6,1,-2.4266020249127727
adult_adhd_6,1,-0.3121145263589912
adult_adhd_6,1,-0.16694866787834242
adult_adhd_6,1,-0.12197774183255775
adult_adhd_6,1,-0.16976210812810236
adult_adhd_6,1,-0.26483925656717744
adult_adhd_6,1,-0.2645908523056514
adult_adhd_6,1,0.25738763324299063
adult_adhd_6,1,-0.8899697749581298
adult_adhd_6,1,-1.1627646046639488
adult_adhd_6,1,-1.2300527272774433
adult_adhd_6,1,-1.3994013175034068
adult_adhd_6,1,-1.2680058179252849
adult_adhd_6,1,-0.6316526955104357
adult_adhd_6,1,-0.49198384504718085
adult_adhd_6,1,-1.2386177257434179
adult_adhd_6,1,-1.3097083327359398
adult_adhd_6,1,-0.07490735288789399
adult_adhd_6,1,-1.1194494306825082
adult_adhd_6,1,-1.0908270192295988
adult_adhd_6,1,0.06717479238925658
adult_adhd_6,1,-0.43991974438735004
adult_adhd_6,1,-0.3185574791839144
adult_adhd_6,1,-0.25571270928515577
adult_adhd_6,1,-0.0026453203057100957
adult_adhd_6,1,-0.04242075228395006
adult_adhd_6,1,-0.6062381500761597
adult_adhd_6,1,-1.2993906233192583
adult_adhd_6,1,-2.4290051432879936
adult_adhd_6,1,-1.6756475585968937
adult_adhd_6,1,-1.375354810939743
adult_adhd_6,1,-1.2647602750398104
adult_adhd_6,1,-1.6221449987808474
adult_adhd_6,1,-0.6952795987373531
adult_adhd_6,1,-1.0989741500442958
adult_adhd_6,1,-0.7956776146420358
adult_adhd_6,1,0.41263866162975227
adult_adhd_6,1,-1.6033618849280926
adult_adhd_6,1,-1.6520757754753008
adult_adhd_6,1,-1.472020680525537
adult_adhd_6,1,-2.2029181244302545
adult_adhd_6,1,-2.0072223471677675
adult_adhd_6,1,-1.2993535774851344
adult_adhd_6,1,-1.5161384164650262
adult_adhd_6,1,-2.1147940821492712
adult_adhd_6,1,-1.7867666650657266
adult_adhd_6,1,-1.7352347338179896
adult_adhd_6,1,-1.2056863594624456
adult_adhd_6,1,-0.8873817654667956
adult_adhd_6,1,-1.0982687250816383
adult_adhd_6,1,-1.915338896263186
adult_adhd_6,1,-1.842276303584705
adult_adhd_6,1,-0.7037157861410613
adult_adhd_6,1,-1.3205830654469781
adult_adhd_6,1,-1.3697219775707796
adult_adhd_6,1,-1.0421665168505716
adult_adhd_6,1,-0.8204806645291164
adult_adhd_6,1,-1.2085741258322753
adult_adhd_6,1,-0.6085665537422366
adult_adhd_6,1,-1.3358432079004574
adult_adhd_6,1,-2.1196211781827183
adult_adhd_6,1,-1.422428344363452
adult_adhd_6,1,-0.1919607489252461
adult_adhd_6,1,-1.7961899441022786
adult_adhd_6,1,-1.1254215280518518
adult_adhd_6,1,-1.5932361141317268
adult_adhd_6,1,-0.745563451007431
adult_adhd_6,1,-1.0098042833899785
adult_adhd_6,1,-1.055801192445267
adult_adhd_6,1,-1.351406656294602
adult_adhd_6,1,-1.25533083288899
adult_adhd_6,1,-1.2577186980700703
adult_adhd_6,1,-1.1922738086329634
adult_adhd_6,1,-1.1199295941114649
adult_adhd_6,1,-1.2555118749819423
adult_adhd_6,1,-0.6293307174162485
adult_adhd_6,1,-0.3969298212406026
adult_adhd_6,1,-1.24458925097698
adult_adhd_6,1,-0.49927031074129624
adult_adhd_6,1,0.38446037039023573
adult_adhd_6,1,-0.6307213991441184
adult_adhd_6,1,-0.8291713767843024
adult_adhd_6,1,-0.7844542423268285
adult_adhd_6,1,-1.0522035998578412
adult_adhd_6,1,-1.1182194691206555
adult_adhd_6,1,-0.4878150058397809
adult_adhd_6,1,-1.362543592414235
adult_adhd_6,1,-1.11569787201294
adult_adhd_6,1,-0.9396476265782642
adult_adhd_6,1,-1.2798825856374036
adult_adhd_6,1,-1.5242433675496145
adult_adhd_6,1,-1.2853632304635951
adult_adhd_6,1,-1.6038814681204703
adult_adhd_6,1,-1.2412180312570804
adult_adhd_6,1,-1.1832967852608278
adult_adhd_6,1,-1.1540187660586012
adult_adhd_6,1,-0.4331862839855537
adult_adhd_6,1,-0.5283144788658313
adult_adhd_6,1,-1.2399058241608074
adult_adhd_6,1,-0.7693360827234342
adult_adhd_6,1,-1.0072190340916136
adult_adhd_6,1,-1.163219067063522
adult_adhd_6,1,-1.4091127316413354
adult_adhd_6,1,-0.5275105474373575
adult_adhd_6,1,-0.8964334532801023
adult_adhd_6,1,-1.2833347093045138
adult_adhd_6,1,-1.1023975438045475
adult_adhd_6,1,-0.7571887780883774
adult_adhd_6,1,-1.1882698518518535
adult_adhd_6,1,-1.569347286620968
adult_adhd_6,1,-1.8013874551510467
adult_adhd_6,1,-1.2062852464906442
adult_adhd_6,1,-1.665287282339321
adult_adhd_6,1,-1.0351203845527706
adult_adhd_6,1,-1.2162307159561343
adult_adhd_6,1,-0.7569068497835695
adult_adhd_6,1,-0.6396504860970936
adult_adhd_6,1,-0.6296797409630618
adult_adhd_6,1,-0.19185633132424842
adult_adhd_6,1,0.35354051463840286
adult_adhd_6,1,0.3501980078874124
adult_adhd_6,1,-0.7468730477133078
adult_adhd_6,1,-1.0841964197116867
adult_adhd_6,1,-1.3195500801100177
adult_adhd_6,1,-1.0921383800575568
adult_adhd_6,1,-0.9365445170117773
adult_adhd_6,1,-1.2314556268264694
adult_adhd_6,1,-0.913712068299341
adult_adhd_6,1,-0.4429922882075944
adult_adhd_6,1,-0.7916838922825636
adult_adhd_6,1,-0.45647417166178916
adult_adhd_6,1,-0.5341832676583874
adult_adhd_6,1,-1.1768789449857016
adult_adhd_6,1,-1.3716165055473386
adult_adhd_6,1,-0.19713034268416588
adult_adhd_6,1,-1.2974323048723293
adult_adhd_6,1,-1.4180864011651657
adult_adhd_6,1,-1.4605953196932435
adult_adhd_6,1,-0.27568501040866156
adult_adhd_6,1,-0.37569277640174803
adult_adhd_6,1,0.01221193661047524
adult_adhd_6,1,-0.5748941898537864
adult_adhd_6,1,-1.2374930727857079
adult_adhd_6,1,0.0749062177465066
adult_adhd_6,1,-1.0319610566787438
adult_adhd_6,1,0.09508245620665176
adult_adhd_6,1,-0.7324713475289067
adult_adhd_6,1,-0.8963866357094114
adult_adhd_6,1,-0.4357584250285885
adult_adhd_6,1,-0.33525622865305305
adult_adhd_6,1,0.22355296281757306
adult_adhd_6,1,-0.12267707764256466
adult_adhd_6,1,-0.03703285720856266
adult_adhd_6,1,-0.3324459967383734
adult_adhd_6,1,0.16894929150188717
adult_adhd_6,1,-0.6758220402623557
adult_adhd_6,1,-1.5626978990224498
adult_adhd_6,1,-1.7181260573313772
adult_adhd_6,1,-0.7545293231383859
adult_adhd_6,1,-0.4233354693199195
adult_adhd_6,1,-0.06397362738844672
adult_adhd_6,1,-1.0298267245060204
adult_adhd_6,1,-1.4665132024245842
adult_adhd_6,1,-0.31999632574928627
adult_adhd_6,1,-0.45604729663585875
adult_adhd_6,1,-0.8307025211447384
adult_adhd_6,1,-0.6423305492276284
adult_adhd_6,1,-0.2129847125753254
adult_adhd_6,1,-1.3691438421316864
adult_adhd_6,1,-1.2246783854788883
adult_adhd_6,1,-1.3055322362587019
adult_adhd_6,1,-1.0495466668397384
adult_adhd_6,1,-1.0821476405623458
adult_adhd_6,1,-0.2384082932320676
adult_adhd_6,1,-0.8828312372429278
adult_adhd_6,1,-0.6481281647748912
adult_adhd_6,1,-0.7106338995132412
adult_adhd_6,1,-1.2727135068971132
adult_adhd_6,1,-1.3595890052550734
adult_adhd_6,1,-0.6942249397926891
adult_adhd_6,1,0.03681246556438387
adult_adhd_6,1,-0.15420079182672933
adult_adhd_6,1,-0.08949894502330294
adult_adhd_6,1,-0.6552766470202872
adult_adhd_6,1,-0.46226400915968824
adult_adhd_6,1,-0.4591383452984451
adult_adhd_6,1,-0.8943270168168213
adult_adhd_6,1,-1.4371446872249152
adult_adhd_6,1,0.008592847411919548
adult_adhd_6,1,0.06353015620153277
adult_adhd_6,1,-0.31791681966467544
adult_adhd_6,1,0.24200568588537816
adult_adhd_6,1,-0.4698296170663768
adult_adhd_6,1,-0.9407682325345464
adult_adhd_6,1,0.08025736127998026
adult_adhd_6,1,0.6656975320105448
adult_adhd_6,1,-0.6340869527707732
adult_adhd_6,1,-0.6645575015563133
adult_adhd_6,1,-0.24523913956888235
adult_adhd_6,1,0.022545276184249154
adult_adhd_6,1,-1.3715542615659913
adult_adhd_6,1,-1.9308654289997094
adult_adhd_6,1,-1.0004635885004625
adult_adhd_6,1,-0.650656328455839
adult_adhd_6,1,-0.1422876413784663
adult_adhd_6,1,-0.8987737687396556
adult_adhd_6,1,-0.6676613849891798
adult_adhd_6,1,-0.6028516099869802
adult_adhd_6,1,-0.8428280619601835
adult_adhd_6,1,-1.16050662661111
adult_adhd_6,1,-0.7458046290709358
adult_adhd_6,1,-0.7895633535096914
adult_adhd_6,1,-1.339535339974808
adult_adhd_6,1,-0.9995956129901445
adult_adhd_6,1,-0.79133544826638
adult_adhd_6,1,-0.6558914445436351
adult_adhd_6,1,-0.6134857581824743
adult_adhd_6,1,-0.8935180190150053
adult_adhd_6,1,0.4271992555714742
adult_adhd_6,1,0.32187472922689253
adult_adhd_6,1,-0.4880580283494086
adult_adhd_6,1,-0.7793930443097493
adult_adhd_6,1,-0.03766838019133525
adult_adhd_6,1,-1.6114192532738731
adult_adhd_6,1,-1.6750642786512584
adult_adhd_6,1,-0.7229630129106729
adult_adhd_6,1,-1.7420929157702445
adult_adhd_6,1,-1.7574427903343195
adult_adhd_6,1,-1.5314803466700826
adult_adhd_6,1,-1.2984921496402815
adult_adhd_6,1,-1.0667663453924647
adult_adhd_6,1,-1.3267223492756912
adult_adhd_6,1,-0.9001584143220341
adult_adhd_6,1,-2.151151269728523
adult_adhd_6,1,-2.0147685852406845
adult_adhd_6,1,-1.4418210254772
adult_adhd_6,1,-1.3035129217625072
adult_adhd_6,1,-1.1211936917631675
adult_adhd_6,1,-0.6542566256489527
adult_adhd_6,1,-0.807019735316539
adult_adhd_6,1,-1.3226262697178557
adult_adhd_6,1,-1.257983821455428
adult_adhd_6,1,-1.5156886362524955
adult_adhd_6,1,-1.6410967622768733
adult_adhd_6,1,-1.2858907642580193
adult_adhd_6,1,-1.9312883815823927
adult_adhd_6,1,-1.225618038842668
adult_adhd_6,1,-1.9858816155626995
adult_adhd_6,1,-2.428315799633609
adult_adhd_6,1,-1.8882763842801635
adult_adhd_6,1,-1.408782165030238
adult_adhd_6,1,-0.8290597951733062
adult_adhd_6,1,-0.3516828727230633
adult_adhd_6,1,-0.4322520074533215
adult_adhd_6,1,-1.1818906930965931
adult_adhd_6,1,-1.2985888064045388
adult_adhd_6,1,-1.5232625735615462
adult_adhd_6,1,-1.3763821674440289
adult_adhd_6,1,0.010025613787037903
adult_adhd_6,1,-0.6806651658613608
adult_adhd_6,1,-1.7099248948373806
adult_adhd_6,1,-1.47169213141845
adult_adhd_6,1,-0.45066684092589904
adult_adhd_6,1,0.07387167054716146
adult_adhd_6,1,-0.8806282199270451
adult_adhd_6,1,-0.8583101527126015
adult_adhd_6,1,-1.2746575117932473
adult_adhd_6,1,-0.31361125896744546
adult_adhd_6,1,-0.7865835932601936
adult_adhd_6,1,-0.38257417715675934
adult_adhd_6,1,-0.629586037463821
adult_adhd_6,1,-0.05962715626077943
adult_adhd_6,1,0.31072203491289485
adult_adhd_6,1,0.5654743436834598
adult_adhd_6,1,-0.1845498193944554
adult_adhd_6,1,0.4498208695542144
adult_adhd_6,1,0.032912987658369454
adult_adhd_6,1,-0.4151201437281252
adult_adhd_6,1,-0.9061890019597482
adult_adhd_6,1,-1.1998627226850194
adult_adhd_6,1,-0.8030368395877144
adult_adhd_6,1,-1.230864994314473
adult_adhd_6,1,-1.1394078263804261
adult_adhd_6,1,-1.4109153036617066
adult_adhd_6,1,-2.314492178449732
adult_adhd_6,1,-2.170866640473171
adult_adhd_6,1,-2.097954902100688
adult_adhd_6,1,-1.2743202091562118
adult_adhd_6,1,-0.8166612862574504
adult_adhd_6,1,-0.9018564610630778
adult_adhd_6,1,-1.0642770522009002
adult_adhd_6,1,-1.199845682909047
adult_adhd_6,1,-0.9325166485790647
adult_adhd_6,1,-0.6125716832720877
adult_adhd_6,1,-0.5509799454057481
adult_adhd_6,1,-0.4757124130163656
adult_adhd_6,1,-0.8945422065325385
adult_adhd_6,1,0.11072699675765393
adult_adhd_6,1,-1.0292225843475578
adult_adhd_6,1,-1.1268202428497678
adult_adhd_6,1,-1.9566618093573616
adult_adhd_6,1,-1.2357550247908655
adult_adhd_6,1,-0.6138457255885518
adult_adhd_7,1,-0.44594164560542493
adult_adhd_7,1,-0.26466425385490433
adult_adhd_7,1,-0.4247855634680654
adult_adhd_7,1,-1.5599672010429655
adult_adhd_7,1,-1.6481256216982114
adult_adhd_7,1,-1.1780215489025863
adult_adhd_7,1,-0.9745016406591515
adult_adhd_7,1,-1.4265678982835004
adult_adhd_7,1,-0.8624395145517635
adult_adhd_7,1,-1.31530014780175
adult_adhd_7,1,-1.7724016816655477
adult_adhd_7,1,-2.169892201188742
adult_adhd_7,1,-1.9609659297912496
adult_adhd_7,1,-2.4671277068370556
adult_adhd_7,1,-1.457727382826456
adult_adhd_7,1,-0.4199886593647685
adult_adhd_7,1,-1.0227236920332037
adult_adhd_7,1,-1.4672139423306843
adult_adhd_7,1,-1.877800151565944
adult_adhd_7,1,-0.49262384040501084
adult_adhd_7,1,-0.4775476859081612
adult_adhd_7,1,-1.4570862808949587
adult_adhd_7,1,-1.4778008823893476
adult_adhd_7,1,-1.6250845354832535
adult_adhd_7,1,-1.2174321932605956
adult_adhd_7,1,-1.8198637813057732
adult_adhd_7,1,-2.104917639442663
adult_adhd_7,1,-1.5156900565821694
adult_adhd_7,1,-0.8522887554678581
adult_adhd_7,1,-1.0575615701821266
adult_adhd_7,1,-0.8118940398074778
adult_adhd_7,1,-1.4494399041966275
adult_adhd_7,1,-2.426121332113378
adult_adhd_7,1,-2.215589856965692
adult_adhd_7,1,-1.4021193626511574
adult_adhd_7,1,-1.46515810048178
adult_adhd_7,1,-0.9316608937890049
adult_adhd_7,1,-0.777062092478077
adult_adhd_7,1,-1.283434422361001
adult_adhd_7,1,-1.5314531947591832
adult_adhd_7,1,-2.3919844969119213
adult_adhd_7,1,-1.7314453208786889
adult_adhd_7,1,-0.8196131355905808
adult_adhd_7,1,-1.552607651525273
adult_adhd_7,1,-1.7413922711726135
adult_adhd_7,1,-1.291111701042655
adult_adhd_7,1,-1.10065166557815
adult_adhd_7,1,-1.2240318055822579
adult_adhd_7,1,-1.9602731662558415
adult_adhd_7,1,-2.0070922705494523
adult_adhd_7,1,-1.552811752581582
adult_adhd_7,1,-1.325777057759017
adult_adhd_7,1,-1.5684933068120288
adult_adhd_7,1,-1.5017153491122657
adult_adhd_7,1,-1.331105892761802
adult_adhd_7,1,-1.2036337013490255
adult_adhd_7,1,-1.938369369643312
adult_adhd_7,1,-1.6060837614001806
adult_adhd_7,1,-0.3807400031424589
adult_adhd_7,1,-0.600015442732904
adult_adhd_7,1,-1.281659324340434
adult_adhd_7,1,-0.8741488704260484
adult_adhd_7,1,-0.9771835031107162
adult_adhd_7,1,-0.6557314942030884
adult_adhd_7,1,-1.5816965780752792
adult_adhd_7,1,-2.004471685275136
adult_adhd_7,1,-2.0344839054097457
adult_adhd_7,1,-1.1802807165011333
adult_adhd_7,1,-1.3981103551607932
adult_adhd_7,1,-1.2740056851039179
adult_adhd_7,1,-1.4502307717198186
adult_adhd_7,1,-1.3134686685897137
adult_adhd_7,1,-1.2658662114810184
adult_adhd_7,1,-1.5644194635224307
adult_adhd_7,1,-1.2463678519215171
adult_adhd_7,1,-1.660414961195815
adult_adhd_7,1,-2.44940623145182
adult_adhd_7,1,-1.309415102602434
adult_adhd_7,1,-1.2699554903682286
adult_adhd_7,1,-1.005906511908906
adult_adhd_7,1,-0.9060531560593307
adult_adhd_7,1,-1.4568726635237126
adult_adhd_7,1,-1.5752599563800347
adult_adhd_7,1,-1.0824787210821247
adult_adhd_7,1,-1.2588464043952112
adult_adhd_7,1,-1.9239616824485393
adult_adhd_7,1,-1.8784108553489762
adult_adhd_7,1,-1.92133475286267
adult_adhd_7,1,-1.7947749740924497
adult_adhd_7,1,-1.5992098147956435
adult_adhd_7,1,-1.3051107676583102
adult_adhd_7,1,-0.7326603745498773
adult_adhd_7,1,-0.840082448244503
adult_adhd_7,1,-1.1375591136838041
adult_adhd_7,1,-1.5511444637680363
adult_adhd_7,1,-1.877197602896532
adult_adhd_7,1,-1.5836869711798822
adult_adhd_7,1,-1.201709869273122
adult_adhd_7,1,-1.3788013448285583
adult_adhd_7,1,-0.49471011580521596
adult_adhd_7,1,-0.7494657662733423
adult_adhd_7,1,-1.1846611199088435
adult_adhd_7,1,-1.115197521262406
adult_adhd_7,1,-1.3670755924579363
adult_adhd_7,1,-1.352504693010161
adult_adhd_7,1,-0.7925197545813075
adult_adhd_7,1,-1.1088403236967213
adult_adhd_7,1,-1.4326531476907218
adult_adhd_7,1,-1.557936921167716
adult_adhd_7,1,-1.3302825464745545
adult_adhd_7,1,-1.712370031435872
adult_adhd_7,1,-0.37816913555656073
adult_adhd_7,1,-0.9515869790523718
adult_adhd_7,1,-0.6469097080354248
adult_adhd_7,1,-1.1544105622643457
adult_adhd_7,1,-1.4591881592032552
adult_adhd_7,1,-1.0413806555901512
adult_adhd_7,1,-1.2234829014712179
adult_adhd_7,1,-1.017458845117162
adult_adhd_7,1,-1.548720890124017
adult_adhd_7,1,-1.2985007447995378
adult_adhd_7,1,-1.323160968555483
adult_adhd_7,1,-1.1444635617624597
adult_adhd_7,1,-0.9450254671173178
adult_adhd_7,1,-0.7806431303042135
adult_adhd_7,1,-1.1183811089495475
adult_adhd_7,1,-1.6142742477214838
adult_adhd_7,1,-2.3318769429068245
adult_adhd_7,1,-2.093503686502934
adult_adhd_7,1,-1.733778721549951
adult_adhd_7,1,-0.9641254186970206
adult_adhd_7,1,-0.5547303372955755
adult_adhd_7,1,-1.125319368154503
adult_adhd_7,1,-0.8003275261379937
adult_adhd_7,1,-1.9965899573598413
adult_adhd_7,1,-1.8162940764429787
adult_adhd_7,1,-0.7838829939848607
adult_adhd_7,1,-0.8144946879363818
adult_adhd_7,1,-1.5588145574202676
adult_adhd_7,1,-1.2305027259622903
adult_adhd_7,1,-0.7540080235400953
adult_adhd_7,1,-1.4478490320371638
adult_adhd_7,1,-1.1290571811998205
adult_adhd_7,1,-1.4512337554151693
adult_adhd_7,1,-0.7349267289573204
adult_adhd_7,1,-1.2094896422939962
adult_adhd_7,1,-1.0310800939126192
adult_adhd_7,1,-1.5592904066394633
adult_adhd_7,1,-1.6885130105850275
adult_adhd_7,1,-1.7749229213424014
adult_adhd_7,1,-1.4432421104300182
adult_adhd_7,1,-0.83419602677916
adult_adhd_7,1,-0.8324321727833527
adult_adhd_7,1,-1.1037525345144648
adult_adhd_7,1,-1.0677937059532128
adult_adhd_7,1,-0.7246807185453615
adult_adhd_7,1,-1.449866343432919
adult_adhd_7,1,-1.6216879965252506
adult_adhd_7,1,-1.1421623374490384
adult_adhd_7,1,-1.2995632090794835
adult_adhd_7,1,-1.4848565796025994
adult_adhd_7,1,-1.9288713720705728
adult_adhd_7,1,-1.8772748204931882
adult_adhd_7,1,-1.2012763439774963
adult_adhd_7,1,-1.8748751017868273
adult_adhd_7,1,-1.947271193433642
adult_adhd_7,1,-1.5720849846869944
adult_adhd_7,1,-1.1123330418526707
adult_adhd_7,1,-1.3878913064522131
adult_adhd_7,1,-0.5909105708664811
adult_adhd_7,1,-0.9485201346364541
adult_adhd_7,1,-1.2075320890803631
adult_adhd_7,1,-0.7133250382794988
adult_adhd_7,1,-1.0768169477209026
adult_adhd_7,1,-0.8978290863929249
adult_adhd_7,1,-0.7275373514133098
adult_adhd_7,1,-1.4151021269491366
adult_adhd_7,1,-1.2389033322172955
adult_adhd_7,1,-0.971108343357871
adult_adhd_7,1,-0.9404154561899037
adult_adhd_7,1,-1.302833686301232
adult_adhd_7,1,-1.2799035657720372
adult_adhd_7,1,-1.9197510490294474
adult_adhd_7,1,-1.0926549705559863
adult_adhd_7,1,-0.9625777249966684
adult_adhd_7,1,-1.6815932011248433
adult_adhd_7,1,-1.6001497725058669
adult_adhd_7,1,-1.3787436158601016
adult_adhd_7,1,-0.6366666113113618
adult_adhd_7,1,-0.503108495036323
adult_adhd_7,1,-0.4507361128401811
adult_adhd_7,1,-1.0824531134354456
adult_adhd_7,1,-1.0704403947409404
adult_adhd_7,1,-0.6837950367428517
adult_adhd_7,1,-1.3475697487600575
adult_adhd_7,1,-0.7301834274265787
adult_adhd_7,1,-0.2492536840779355
adult_adhd_7,1,-0.7365877997368789
adult_adhd_7,1,-1.3391245207801625
adult_adhd_7,1,-1.7971941249908068
adult_adhd_7,1,-0.8916831919754106
adult_adhd_7,1,-0.9008308871236296
adult_adhd_7,1,-0.7297918891436613
adult_adhd_7,1,-1.0408595183957843
adult_adhd_7,1,-1.0416938769727864
adult_adhd_7,1,-0.5961022952451914
adult_adhd_7,1,-0.798476711064897
adult_adhd_7,1,-1.3446786899677532
adult_adhd_7,1,-1.051060131383705
adult_adhd_7,1,-0.768807227679578
adult_adhd_7,1,-1.623554961625044
adult_adhd_7,1,-1.011809868830166
adult_adhd_7,1,-0.4679579970278248
adult_adhd_7,1,-1.5036423362354645
adult_adhd_7,1,-1.2805938283118752
adult_adhd_7,1,-0.5960048419416356
adult_adhd_7,1,-0.7872479219668417
adult_adhd_7,1,-0.9203654339929103
adult_adhd_7,1,-0.8125648625854257
adult_adhd_7,1,-1.1403445385291744
adult_adhd_7,1,-0.8400630627242961
adult_adhd_7,1,-0.9134334908147056
adult_adhd_7,1,-0.9194869530341022
adult_adhd_7,1,-0.9382741035968428
adult_adhd_7,1,-0.6338837968776957
adult_adhd_7,1,-1.0968438294112537
adult_adhd_7,1,-1.4339259933824313
adult_adhd_7,1,-1.4970109792152284
adult_adhd_7,1,-1.3831191886403964
adult_adhd_7,1,-2.042619267132457
adult_adhd_7,1,-1.5098289758875616
adult_adhd_7,1,-1.060445892631717
adult_adhd_7,1,-0.6977221038835156
adult_adhd_7,1,-1.139525410179779
adult_adhd_7,1,-1.6042217631892077
adult_adhd_7,1,-1.050573600680559
adult_adhd_7,1,-1.458845999979029
adult_adhd_7,1,-0.7972955494103674
adult_adhd_7,1,-0.6685668976450393
adult_adhd_7,1,-0.9711007358454767
adult_adhd_7,1,-0.32645304808158204
adult_adhd_7,1,-1.0483181169248983
adult_adhd_7,1,-0.4533379051185159
adult_adhd_7,1,-0.925682262825604
adult_adhd_7,1,-1.1999743172193562
adult_adhd_7,1,-1.5638903964406685
adult_adhd_7,1,-1.6237060696847498
adult_adhd_7,1,-1.0649820292663232
adult_adhd_7,1,-0.3758130953246138
adult_adhd_7,1,-1.3153834148598644
adult_adhd_7,1,-1.429297869413857
adult_adhd_7,1,-0.9251889959686971
adult_adhd_7,1,-0.7946936410305695
adult_adhd_7,1,-1.3559316172436717
adult_adhd_7,1,-1.4924659786544805
adult_adhd_7,1,-0.9985221244612655
adult_adhd_7,1,-1.2974725999554857
adult_adhd_7,1,-1.7645595441815622
adult_adhd_7,1,-1.7726351922010148
adult_adhd_7,1,-1.4688593059421478
adult_adhd_7,1,-0.6932719737980392
adult_adhd_7,1,-0.7999070560950646
adult_adhd_7,1,-1.2889698622111894
adult_adhd_7,1,-1.6589418798409223
adult_adhd_7,1,-1.647535513976289
adult_adhd_7,1,-1.6162214358606963
adult_adhd_7,1,-1.7012990140325779
adult_adhd_7,1,-1.441964891638455
adult_adhd_7,1,-1.2568136717700358
adult_adhd_7,1,-1.2861610734702311
adult_adhd_7,1,-1.100664070074362
adult_adhd_7,1,-1.9503683758368098
adult_adhd_7,1,-1.4598001565493002
adult_adhd_7,1,-1.499828843054544
adult_adhd_7,1,-1.0985438743007725
adult_adhd_7,1,-1.3444893009664352
adult_adhd_7,1,-0.7385631888702456
adult_adhd_7,1,-1.1826018855662213
adult_adhd_7,1,-1.4421537427398556
adult_adhd_7,1,-1.8588097991137436
adult_adhd_7,1,-0.8759270158210589
adult_adhd_7,1,-0.1857302964502691
adult_adhd_7,1,-0.5755663651930932
adult_adhd_7,1,-0.18557592747442966
adult_adhd_7,1,-0.14485770468028206
adult_adhd_7,1,-0.9159151565553362
adult_adhd_7,1,-1.7894859782466552
adult_adhd_7,1,-1.403005252225574
adult_adhd_7,1,-1.9706682648165081
adult_adhd_7,1,-0.5364656480968558
adult_adhd_7,1,-1.5520704373860545
adult_adhd_7,1,-0.9441994790355167
adult_adhd_7,1,-0.7848739593052166
adult_adhd_7,1,-0.33180808242668014
adult_adhd_7,1,-0.11163307489287835
adult_adhd_7,1,-1.4308764573020754
adult_adhd_7,1,-0.7663487094279139
adult_adhd_7,1,-0.5941816209191367
adult_adhd_7,1,-0.5604636131185504
adult_adhd_7,1,-0.6747692010253153
adult_adhd_7,1,-0.740789612325269
adult_adhd_7,1,-0.8632729203172936
adult_adhd_7,1,-1.0005811557409645
adult_adhd_7,1,-1.3484630334660834
adult_adhd_7,1,-0.7221777353470292
adult_adhd_7,1,-0.8026778405170302
adult_adhd_7,1,-1.4354926703307913
adult_adhd_7,1,-1.3286827338765694
adult_adhd_7,1,-1.027505206635333
adult_adhd_7,1,-1.265012410872469
adult_adhd_7,1,-1.2541696494240777
adult_adhd_7,1,-1.4143253843055623
adult_adhd_7,1,-0.8759765777484149
adult_adhd_7,1,-0.4460282102547194
adult_adhd_7,1,-0.8322680850113592
adult_adhd_7,1,-0.826432721363841
adult_adhd_7,1,-0.5127984587794486
adult_adhd_7,1,-0.5422029383363313
adult_adhd_7,1,-0.7563218274085161
adult_adhd_7,1,-0.3524475931382661
adult_adhd_7,1,-0.6594772065360844
adult_adhd_7,1,-0.7462380989877037
adult_adhd_7,1,-0.6886195992443594
adult_adhd_7,1,-0.8986527158154528
adult_adhd_7,1,-1.0407185776670542
adult_adhd_7,1,-1.7838803663472156
adult_adhd_7,1,-1.0813564066688834
adult_adhd_7,1,-1.2321638446098335
adult_adhd_7,1,-1.1617896966870989
adult_adhd_7,1,-0.3271447875480925
adult_adhd_7,1,-0.1543421556681083
adult_adhd_7,1,-0.8248206475135461
adult_adhd_7,1,-0.821237995243055
adult_adhd_7,1,-0.7082418558696938
adult_adhd_7,1,-0.3237898405152694
adult_adhd_7,1,-0.6979883174941132
adult_adhd_7,1,-0.8941050749484399
adult_adhd_7,1,-0.5665988933847957
adult_adhd_7,1,-1.0460717621106363
adult_adhd_7,1,-1.5385021093539253
adult_adhd_7,1,-1.407859444918158
adult_adhd_7,1,-1.2282019543633833
adult_adhd_7,1,-0.6050373979174893
adult_adhd_7,1,-0.7380049866952983
adult_adhd_7,1,-1.3521434651380102
adult_adhd_7,1,-1.306573083410142
adult_adhd_7,1,-1.1148245026865538
adult_adhd_7,1,-0.47012266759937293
adult_adhd_7,1,-0.9049790866063042
adult_adhd_7,1,-1.2518961324672198
adult_adhd_7,1,-2.0071749378176693
adult_adhd_7,1,-1.1927521392679972
adult_adhd_7,1,-1.0288631528194485
adult_adhd_7,1,-0.8096708014737167
adult_adhd_7,1,-0.1788024665562972
adult_adhd_7,1,-1.048832069384638
adult_adhd_7,1,-1.0587475892931857
adult_adhd_7,1,-1.3209369588692947
adult_adhd_7,1,-1.196968691136239
adult_adhd_7,1,-0.9969141538156857
adult_adhd_7,1,-0.8336898152443867
adult_adhd_7,1,-0.6993266023673906
adult_adhd_7,1,-0.7016827490376308
adult_adhd_7,1,-0.7918031744256367
adult_adhd_7,1,-0.6100425519419787
adult_adhd_7,1,-0.4070794569453423
adult_adhd_7,1,-0.8603698964705105
adult_adhd_7,1,-1.0683454266030146
adult_adhd_7,1,-0.9873683578440872
adult_adhd_7,1,-0.9555663856960698
adult_adhd_7,1,-0.7897808351533792
adult_adhd_7,1,-0.9513923925695663
adult_adhd_7,1,-0.3489642945993182
adult_adhd_7,1,-0.7352132669258501
adult_adhd_7,1,-0.7184079795898141
adult_adhd_7,1,-0.21040149956279555
adult_adhd_7,1,-0.9580915988028659
adult_adhd_7,1,-1.5354150499681833
adult_adhd_7,1,-0.40135838304552063
adult_adhd_7,1,-0.2748900368594692
adult_adhd_7,1,-0.5219056460126635
adult_adhd_7,1,-1.0718119061596165
adult_adhd_7,1,-1.397514316586539
adult_adhd_7,1,-1.1211892134578685
adult_adhd_7,1,-0.7475886165663023
adult_adhd_7,1,-0.94906277968427
adult_adhd_7,1,-0.701102874252621
adult_adhd_7,1,-0.4651796325630805
adult_adhd_7,1,-0.6450193862369863
adult_adhd_7,1,-0.8289119860916622
adult_adhd_7,1,-0.9501394414723822
adult_adhd_7,1,-0.8635092469593902
adult_adhd_7,1,-0.85836636644495
adult_adhd_7,1,-0.6798303540112957
adult_adhd_7,1,-0.9626598702065808
adult_adhd_7,1,-0.9809864469091102
adult_adhd_7,1,-0.7843779776680758
adult_adhd_7,1,-0.21239861756922665
adult_adhd_7,1,-0.9980294706519367
adult_adhd_7,1,-1.2487270066194678
adult_adhd_7,1,-1.7066963292679387
adult_adhd_7,1,-0.6879087354518231
adult_adhd_7,1,-1.2702234940409762
adult_adhd_7,1,-1.30521126266797
adult_adhd_7,1,-0.44556455520757143
adult_adhd_7,1,-0.7804720667547022
adult_adhd_7,1,-0.5734768870894612
adult_adhd_7,1,-0.8398310863288246
adult_adhd_7,1,-1.310311566082604
adult_adhd_7,1,-0.329728598662279
adult_adhd_7,1,-1.1101204000058198
adult_adhd_7,1,-0.8563773913725953
adult_adhd_7,1,-0.2992091224989578
adult_adhd_7,1,0.03927981587326022
adult_adhd_7,1,-0.5478009067838622
adult_adhd_7,1,-0.7170670977507555
adult_adhd_7,1,-0.7080199529048458
adult_adhd_7,1,-0.634574590507546
adult_adhd_7,1,-0.5184698713950041
adult_adhd_7,1,-0.5219003045870173
adult_adhd_7,1,-1.3375258403293548
adult_adhd_7,1,-1.280207506745143
adult_adhd_7,1,-1.4231017990639216
adult_adhd_7,1,-1.1956095458197553
adult_adhd_7,1,-1.1518197577923566
adult_adhd_7,1,-1.0410498956982037
adult_adhd_7,1,-1.230560897820288
adult_adhd_7,1,-0.4767043410758175
adult_adhd_7,1,-0.7884886078220513
adult_adhd_7,1,-0.326120455863108
adult_adhd_7,1,0.35666806522669925
adult_adhd_7,1,-0.1260118134241174
adult_adhd_7,1,-0.31735836342310486
adult_adhd_7,1,-0.5392790210115498
adult_adhd_7,1,-1.495237359899145
adult_adhd_7,1,-0.7119064050557381
adult_adhd_7,1,-0.7245810321593232
adult_adhd_7,1,-1.0851548160695788
adult_adhd_7,1,-1.0877756114042785
adult_adhd_7,1,-0.6558772581150761
adult_adhd_7,1,-1.3109444804135504
adult_adhd_7,1,-1.3349630400875547
adult_adhd_7,1,-1.2410705953905787
adult_adhd_7,1,-1.1269385925818525
adult_adhd_7,1,-0.8398963846583402
adult_adhd_7,1,-0.574677570538411
adult_adhd_7,1,-0.7581096405209701
adult_adhd_7,1,-0.7853223159223964
adult_adhd_7,1,-0.2311821591435347
adult_adhd_7,1,-0.7739198846728271
adult_adhd_7,1,-0.5382971506321809
adult_adhd_7,1,-0.6160686963991998
adult_adhd_7,1,-0.9562087063016084
adult_adhd_7,1,-0.8400644703743624
adult_adhd_7,1,-0.5576638465809526
adult_adhd_7,1,-1.8722636136671933
adult_adhd_7,1,-1.0585236941244416
adult_adhd_7,1,-0.37562000857036615
adult_adhd_7,1,-0.38458773161185833
adult_adhd_7,1,-0.8698938610263557
adult_adhd_7,1,-1.0562696107517469
adult_adhd_7,1,-1.187754247671823
adult_adhd_7,1,-0.4143176260295166
adult_adhd_7,1,-0.30492935576029
adult_adhd_7,1,-0.6910623180788401
adult_adhd_7,1,-0.5276364252526861
adult_adhd_7,1,-0.5298687980671882
adult_adhd_7,1,-0.22459386292353659
adult_adhd_7,1,-0.49478788467277146
adult_adhd_7,1,-0.47049887888802455
adult_adhd_7,1,0.042241401941762825
adult_adhd_7,1,0.24018738231551148
adult_adhd_7,1,-0.3951202760596083
adult_adhd_7,1,-0.7091272191269641
adult_adhd_7,1,-0.2626291674099982
adult_adhd_7,1,-0.5390821916436058
adult_adhd_7,1,-0.6502223855733597
adult_adhd_7,1,-1.2280269073172603
adult_adhd_7,1,-1.1257822124597432
adult_adhd_7,1,-0.8760199053688987
adult_adhd_7,1,-0.8128518673798334
adult_adhd_7,1,-1.062219117798811
adult_adhd_7,1,-0.3905444704597193
adult_adhd_7,1,-1.1156777679429193
adult_adhd_7,1,-0.3432970034146944
adult_adhd_7,1,-0.12998062687786974
adult_adhd_7,1,-0.7700215961542652
adult_adhd_7,1,0.1290754743786434
adult_adhd_7,1,-0.039156821872384916
adult_adhd_7,1,-0.08259360353055314
adult_adhd_7,1,0.24485988725251281
adult_adhd_7,1,-1.238309195562588
adult_adhd_7,1,-0.9457283509970508
adult_adhd_7,1,0.1404632946622427
adult_adhd_7,1,-0.5347673754776364
adult_adhd_7,1,-0.6153996097117708
adult_adhd_7,1,-0.7192524031973216
adult_adhd_7,1,-0.24281178159186148
adult_adhd_7,1,-0.9057961472195347
adult_adhd_7,1,-1.1116366286992783
adult_adhd_7,1,-1.1573179324928615
adult_adhd_7,1,-1.2226027543084728
adult_adhd_7,1,-0.809331077686028
adult_adhd_7,1,0.2905031606726266
adult_adhd_7,1,-0.21208011259902718
adult_adhd_7,1,-0.6523803214872198
adult_adhd_7,1,-0.2468878973773835
adult_adhd_7,1,-0.13696547485774727
adult_adhd_7,1,-0.15079535031865401
adult_adhd_7,1,-0.23862217717682457
adult_adhd_7,1,0.12934388335906596
adult_adhd_7,1,-0.1823265843224439
adult_adhd_7,1,-0.8586234520975585
adult_adhd_7,1,-0.3403309401591289
adult_adhd_7,1,-0.4745579405322634
adult_adhd_7,1,-0.7970594748758718
adult_adhd_7,1,-0.49860547164617663
adult_adhd_7,1,-0.1513755594144243
adult_adhd_7,1,0.334925670759772
adult_adhd_7,1,-0.540355514451273
adult_adhd_7,1,-1.0182357813409042
adult_adhd_7,1,-0.9756633152319235
adult_adhd_7,1,-1.506192117208692
adult_adhd_7,1,-0.8019378528918647
adult_adhd_7,1,-0.7383939030509991
adult_adhd_7,1,-1.6357973099844183
adult_adhd_7,1,-1.2213233948742133
adult_adhd_7,1,-0.929738100454596
adult_adhd_7,1,-1.1670448983612403
adult_adhd_7,1,-0.04035695393450824
adult_adhd_7,1,-0.2573249139321162
adult_adhd_7,1,-0.9577775229973592
adult_adhd_7,1,-1.104470258332559
adult_adhd_7,1,-0.6952939032987867
adult_adhd_7,1,-0.1554790421595377
adult_adhd_7,1,-0.5905949070650965
adult_adhd_7,1,-1.268878117962895
adult_adhd_7,1,-0.7303001119621148
adult_adhd_7,1,-1.2508316437612788
adult_adhd_7,1,-0.6077422721054461
adult_adhd_7,1,-0.6377429398965989
adult_adhd_7,1,-0.757540072222254
adult_adhd_7,1,-1.0433288320949723
adult_adhd_7,1,-1.0407649443474543
adult_adhd_7,1,-1.1596445998412213
adult_adhd_7,1,-1.1329349598847953
adult_adhd_7,1,-1.1409822034824741
adult_adhd_7,1,-0.90832569916363
adult_adhd_7,1,-1.0922987137815765
adult_adhd_7,1,-0.5231445138286576
adult_adhd_7,1,-0.5926677320820731
adult_adhd_7,1,-0.7797508571260091
adult_adhd_7,1,-1.0308883939771176
adult_adhd_7,1,-1.1163866089633427
adult_adhd_7,1,-0.761125711312958
adult_adhd_7,1,-0.5008580093578167
adult_adhd_7,1,-0.6341050341225131
adult_adhd_7,1,-1.3445100010728561
adult_adhd_7,1,-0.9835789713236175
adult_adhd_7,1,-0.9800805811765935
adult_adhd_7,1,-0.4922774507573425
adult_adhd_7,1,-0.7799109737764839
adult_adhd_7,1,-1.0826625750213448
adult_adhd_7,1,-1.0558315198220645
adult_adhd_7,1,-0.8076027222928069
adult_adhd_7,1,-0.9930625308711883
adult_adhd_7,1,-0.9601239490010215
adult_adhd_7,1,-0.375028615809604
adult_adhd_7,1,-0.6744834152027636
adult_adhd_7,1,-0.8613661369266578
adult_adhd_7,1,-0.7643312484068575
adult_adhd_7,1,-0.7785181415121939
adult_adhd_7,1,-0.26829503257250475
adult_adhd_7,1,-0.2820043672302973
adult_adhd_7,1,-0.4114199486030431
adult_adhd_7,1,-0.4377657679415917
adult_adhd_7,1,-0.929114498779206
adult_adhd_7,1,-0.9192646780483055
adult_adhd_7,1,-1.1176085699620093
adult_adhd_7,1,-1.4074252388946173
adult_adhd_7,1,-0.2104876212893977
adult_adhd_7,1,0.3870915059185377
adult_adhd_7,1,-0.40413398081447915
adult_adhd_7,1,-0.5871162274948237
adult_adhd_7,1,-0.805856754282641
adult_adhd_7,1,-0.6727923682262461
adult_adhd_7,1,-0.6025013698843259
adult_adhd_7,1,-0.21978447387315284
adult_adhd_7,1,-1.5160422118694301
adult_adhd_7,1,-1.6352139205182588
adult_adhd_7,1,-1.531972809173873
adult_adhd_7,1,-1.180534614242593
adult_adhd_7,1,-1.355491082629238
adult_adhd_7,1,-0.862381407906374
adult_adhd_7,1,-1.315971220546055
adult_adhd_7,1,-0.7025282942483647
adult_adhd_7,1,-1.2009353820697615
adult_adhd_7,1,-1.400374432159123
adult_adhd_7,1,-0.07463451713607752
adult_adhd_7,1,0.05793776641842694
adult_adhd_7,1,-0.267767222509231
adult_adhd_7,1,0.08715419159035162
adult_adhd_7,1,-0.9023589968948239
adult_adhd_7,1,-1.615599052259308
adult_adhd_7,1,-0.970800875290989
adult_adhd_7,1,-0.5382894215545159
adult_adhd_7,1,-0.6764333808020723
adult_adhd_7,1,0.27767565072747813
adult_adhd_7,1,0.06914455226699587
adult_adhd_7,1,-0.5801002941886589
adult_adhd_7,1,-0.41687088370134295
adult_adhd_7,1,0.09360461264239425
adult_adhd_7,1,-1.0979065439322073
adult_adhd_7,1,-0.8890112470196606
adult_adhd_7,1,0.11632601200372025
adult_adhd_7,1,-0.2876018879334431
adult_adhd_8,1,-1.0156636076573893
adult_adhd_8,1,-0.9026152452057591
adult_adhd_8,1,-0.701404139991172
adult_adhd_8,1,-1.63717924248864
adult_adhd_8,1,-1.2018249861781847
adult_adhd_8,1,-1.096854804839655
adult_adhd_8,1,-1.3632128876352962
adult_adhd_8,1,-1.0511737666165506
adult_adhd_8,1,-1.6466652133230433
adult_adhd_8,1,-1.325365419061086
adult_adhd_8,1,-1.270728392131132
adult_adhd_8,1,-1.5591667547008474
adult_adhd_8,1,-2.1133728409137595
adult_adhd_8,1,-1.8302901590783311
adult_adhd_8,1,-1.1751249341378767
adult_adhd_8,1,-1.599272578980952
adult_adhd_8,1,-1.7006202464453808
adult_adhd_8,1,-1.5832892299185497
adult_adhd_8,1,-1.834485542214419
adult_adhd_8,1,-1.1453859961668909
adult_adhd_8,1,-0.8571957210838977
adult_adhd_8,1,-1.6549242555982953
adult_adhd_8,1,-0.6645694304120985
adult_adhd_8,1,-0.8004501574737327
adult_adhd_8,1,-1.3368845399320808
adult_adhd_8,1,-1.3689511481294154
adult_adhd_8,1,-2.0936211780533083
adult_adhd_8,1,-2.132005198492687
adult_adhd_8,1,-2.448966087261645
adult_adhd_8,1,-1.6134823599713983
adult_adhd_8,1,-1.6610017117773515
adult_adhd_8,1,-1.6566922512882556
adult_adhd_8,1,-2.031695327205753
adult_adhd_8,1,-1.4330753687264908
adult_adhd_8,1,-2.0954210404690934
adult_adhd_8,1,-2.2657749026715006
adult_adhd_8,1,-1.8253911541451866
adult_adhd_8,1,-1.9446467372734135
adult_adhd_8,1,-2.0210696647050326
adult_adhd_8,1,-1.495541289130693
adult_adhd_8,1,-2.157226704161373
adult_adhd_8,1,-1.9773031285282165
adult_adhd_8,1,-1.3638559954129534
adult_adhd_8,1,-0.7114160654229077
adult_adhd_8,1,-1.664641343291509
adult_adhd_8,1,-1.4538360874579515
adult_adhd_8,1,-1.3711169311420122
adult_adhd_8,1,-1.5160449067238324
adult_adhd_8,1,-1.310632287812688
adult_adhd_8,1,-1.3218226492587615
adult_adhd_8,1,-0.9802751408423983
adult_adhd_8,1,-1.1914942640892923
adult_adhd_8,1,-1.8152962319697616
adult_adhd_8,1,-1.6398020952683332
adult_adhd_8,1,-1.2967570510436959
adult_adhd_8,1,-0.9972489027257357
adult_adhd_8,1,-1.2322869221895565
adult_adhd_8,1,-1.2695589726489258
adult_adhd_8,1,-0.3561998288338669
adult_adhd_8,1,-0.6281759589929535
adult_adhd_8,1,-1.7000634564818577
adult_adhd_8,1,-1.1545830863927855
adult_adhd_8,1,-1.1958918488831944
adult_adhd_8,1,-1.3538253800501638
adult_adhd_8,1,-2.255944856073094
adult_adhd_8,1,-2.4168311768321495
adult_adhd_8,1,-1.924162790112522
adult_adhd_8,1,-1.6709556035063535
adult_adhd_8,1,-1.283965663035636
adult_adhd_8,1,-1.3230307903028047
adult_adhd_8,1,-1.4911362344701518
adult_adhd_8,1,-0.7502994145412741
adult_adhd_8,1,-1.3687017743456313
adult_adhd_8,1,-1.5434883825094463
adult_adhd_8,1,-1.8376986761862089
adult_adhd_8,1,-1.500226278503833
adult_adhd_8,1,-1.9825387658742857
adult_adhd_8,1,-2.2094148817512655
adult_adhd_8,1,-2.3557868812722282
adult_adhd_8,1,-1.9421227148012095
adult_adhd_8,1,-1.1245890291311147
adult_adhd_8,1,-1.640239346503365
adult_adhd_8,1,-2.007383598291963
adult_adhd_8,1,-1.3353842565463894
adult_adhd_8,1,-2.5650842094327904
adult_adhd_8,1,-2.5189006536366696
adult_adhd_8,1,-2.3272410266901975
adult_adhd_8,1,-1.7565501759975044
adult_adhd_8,1,-1.268280280799094
adult_adhd_8,1,-1.7978815074416032
adult_adhd_8,1,-1.9266291286702208
adult_adhd_8,1,-1.519982094855202
adult_adhd_8,1,-1.6315547593158626
adult_adhd_8,1,-1.1769957557134898
adult_adhd_8,1,-1.6467160092847974
adult_adhd_8,1,-1.9163334834098427
adult_adhd_8,1,-1.5735704599149747
adult_adhd_8,1,-2.414315107157435
adult_adhd_8,1,-1.5379679710066818
adult_adhd_8,1,-1.4482101231783777
adult_adhd_8,1,-1.048323270045401
adult_adhd_8,1,-1.1402236060116722
adult_adhd_8,1,-1.4959397310012816
adult_adhd_8,1,-1.8228683787109734
adult_adhd_8,1,-1.506409513119007
adult_adhd_8,1,-1.7892307139246273
adult_adhd_8,1,-1.68895145584507
adult_adhd_8,1,-0.666660828676508
adult_adhd_8,1,-0.40396350627145405
adult_adhd_8,1,-1.1228755587876948
adult_adhd_8,1,-1.240732039072558
adult_adhd_8,1,-1.6873969721037079
adult_adhd_8,1,-1.4896817082474922
adult_adhd_8,1,-1.53450302141693
adult_adhd_8,1,-1.7239603159389856
adult_adhd_8,1,-0.9226311123205567
adult_adhd_8,1,-1.1068365203241561
adult_adhd_8,1,-1.1396200630607698
adult_adhd_8,1,-1.5607104110001138
adult_adhd_8,1,-2.1272056610304513
adult_adhd_8,1,-2.3847491439160393
adult_adhd_8,1,-2.287012276286035
adult_adhd_8,1,-1.7176919197360134
adult_adhd_8,1,-1.5653395147324365
adult_adhd_8,1,-1.6388014315464319
adult_adhd_8,1,-1.3709503084802703
adult_adhd_8,1,-1.7835356221197776
adult_adhd_8,1,-1.5750611130440628
adult_adhd_8,1,-1.832363592304465
adult_adhd_8,1,-2.045505019332424
adult_adhd_8,1,-1.9235732088564905
adult_adhd_8,1,-1.139642884759847
adult_adhd_8,1,-1.66608311372255
adult_adhd_8,1,-1.5928336985942297
adult_adhd_8,1,-2.212345914174588
adult_adhd_8,1,-1.8349020921821286
adult_adhd_8,1,-1.9615580913812027
adult_adhd_8,1,-1.8145334241701176
adult_adhd_8,1,-1.157409181829745
adult_adhd_8,1,-2.6396751413887882
adult_adhd_8,1,-2.511532788461801
adult_adhd_8,1,-1.22704634675888
adult_adhd_8,1,-1.0767155252367644
adult_adhd_8,1,-1.3922469457558773
adult_adhd_8,1,-1.026716535439022
adult_adhd_8,1,-1.455739265354015
adult_adhd_8,1,-1.7432817746906006
adult_adhd_8,1,-2.0764273044517303
adult_adhd_8,1,-1.5165473742118207
adult_adhd_8,1,-1.085777246968453
adult_adhd_8,1,-1.5615613352511106
adult_adhd_8,1,-1.6236571465658707
adult_adhd_8,1,-1.8349059241563106
adult_adhd_8,1,-1.594378491063789
adult_adhd_8,1,-2.3309452135682838
adult_adhd_8,1,-2.286000555262449
adult_adhd_8,1,-1.7802279094923028
adult_adhd_8,1,-2.772549506635829
adult_adhd_8,1,-3.0641425008460605
adult_adhd_8,1,-1.2495237000341137
adult_adhd_8,1,-1.4589488726545268
adult_adhd_8,1,-1.590583533914205
adult_adhd_8,1,-0.9572125235216776
adult_adhd_8,1,-1.1310701493020652
adult_adhd_8,1,-1.2236058515890966
adult_adhd_8,1,-1.5609614418782267
adult_adhd_8,1,-2.2643677936879714
adult_adhd_8,1,-1.9336588302345326
adult_adhd_8,1,-1.1997788234782645
adult_adhd_8,1,-0.8227247517007416
adult_adhd_8,1,-1.3615756329975248
adult_adhd_8,1,-1.876131587985622
adult_adhd_8,1,-0.9598372936124536
adult_adhd_8,1,-2.1667001148377634
adult_adhd_8,1,-2.3547705551211426
adult_adhd_8,1,-2.255061183693966
adult_adhd_8,1,-2.0385002181898284
adult_adhd_8,1,-1.3252695503949714
adult_adhd_8,1,-2.4452556427230894
adult_adhd_8,1,-2.050016242288745
adult_adhd_8,1,-1.71786889772872
adult_adhd_8,1,-2.453978919681656
adult_adhd_8,1,-1.495215220110607
adult_adhd_8,1,-1.5911420550367597
adult_adhd_8,1,-1.7237384098701178
adult_adhd_8,1,-1.8130503223521903
adult_adhd_8,1,-1.192222983538262
adult_adhd_8,1,-1.5505392353462781
adult_adhd_8,1,-1.6156733742926015
adult_adhd_8,1,-1.661178897817737
adult_adhd_8,1,-1.5597853525628231
adult_adhd_8,1,-1.863452707367752
adult_adhd_8,1,-1.1010620595585037
adult_adhd_8,1,-1.0396345374354308
adult_adhd_8,1,-1.5460850779043502
adult_adhd_8,1,-1.4003157545007126
adult_adhd_8,1,-1.1652284452826316
adult_adhd_8,1,-1.9927537244002953
adult_adhd_8,1,-1.4330350755651313
adult_adhd_8,1,-1.5918632273578557
adult_adhd_8,1,-1.4544063523678132
adult_adhd_8,1,-1.8948178036090506
adult_adhd_8,1,-1.2333627263121776
adult_adhd_8,1,-1.0337233829674677
adult_adhd_8,1,-1.4213908407507256
adult_adhd_8,1,-2.077571235598366
adult_adhd_8,1,-2.3226737140485265
adult_adhd_8,1,-2.4848594972797926
adult_adhd_8,1,-1.8404502221375996
adult_adhd_8,1,-2.1111645773525654
adult_adhd_8,1,-1.9571909865146688
adult_adhd_8,1,-2.0202404247830845
adult_adhd_8,1,-1.276820192060419
adult_adhd_8,1,-1.365059900106131
adult_adhd_8,1,-1.1884719100184262
adult_adhd_8,1,-1.7172881752612064
adult_adhd_8,1,-2.1237856407814126
adult_adhd_8,1,-1.6313423773073095
adult_adhd_8,1,-1.6265374894256945
adult_adhd_8,1,-1.2606610263913929
adult_adhd_8,1,-0.8700283271594266
adult_adhd_8,1,-1.5618780218449633
adult_adhd_8,1,-1.9486750214625865
adult_adhd_8,1,-1.8007892315135705
adult_adhd_8,1,-1.4679537511605485
adult_adhd_8,1,-2.077350935123904
adult_adhd_8,1,-3.076480349485026
adult_adhd_8,1,-2.445623405226354
adult_adhd_8,1,-2.250855624166286
adult_adhd_8,1,-1.6340389426644144
adult_adhd_8,1,-1.128149807480253
adult_adhd_8,1,-1.2611352420319166
adult_adhd_8,1,-1.258365309252902
adult_adhd_8,1,-0.9856847005828143
adult_adhd_8,1,-1.8628628737369368
adult_adhd_8,1,-2.1279851206801745
adult_adhd_8,1,-1.4073946949728517
adult_adhd_8,1,-1.4003652110705183
adult_adhd_8,1,-1.643194194741779
adult_adhd_8,1,-1.1561119270174478
adult_adhd_8,1,-1.1995637279454727
adult_adhd_8,1,-1.3991051095714027
adult_adhd_8,1,-1.2782297763151993
adult_adhd_8,1,-1.450293641995045
adult_adhd_8,1,-1.7419644135268384
adult_adhd_8,1,-1.2695766666460422
adult_adhd_8,1,-1.1401771360976594
adult_adhd_8,1,-1.01681665069485
adult_adhd_8,1,-1.8131216381149473
adult_adhd_8,1,-1.9643015960396535
adult_adhd_8,1,-1.6576761071573083
adult_adhd_8,1,-1.1056419352184905
adult_adhd_8,1,-0.5976662522067294
adult_adhd_8,1,-1.2329312004626352
adult_adhd_8,1,-1.4561117091631748
adult_adhd_8,1,-1.4514804321186872
adult_adhd_8,1,-1.4794675779055368
adult_adhd_8,1,-1.485929145738071
adult_adhd_8,1,-1.9594645595658386
adult_adhd_8,1,-1.4613034981750666
adult_adhd_8,1,-1.8407574535140547
adult_adhd_8,1,-1.6657597370416806
adult_adhd_8,1,-1.6002509337785775
adult_adhd_8,1,-1.118873487074477
adult_adhd_8,1,-1.599067902956142
adult_adhd_8,1,-2.2324230288404863
adult_adhd_8,1,-1.9843378199129291
adult_adhd_8,1,-1.5218859038360635
adult_adhd_8,1,-1.5277372908433158
adult_adhd_8,1,-2.7797034800714493
adult_adhd_8,1,-2.8237272532560236
adult_adhd_8,1,-1.835396043312548
adult_adhd_8,1,-0.7725509060055654
adult_adhd_8,1,-0.42835747173487915
adult_adhd_8,1,-1.2378566494712695
adult_adhd_8,1,-1.5440520950274204
adult_adhd_8,1,-1.749954701733607
adult_adhd_8,1,-2.169767015958384
adult_adhd_8,1,-1.6119439253320107
adult_adhd_8,1,-1.387765266817805
adult_adhd_8,1,-1.2841601635756503
adult_adhd_8,1,-1.191224689510061
adult_adhd_8,1,-1.1191540050231041
adult_adhd_8,1,-1.715009415439372
adult_adhd_8,1,-1.3355051652356273
adult_adhd_8,1,-2.127862012491899
adult_adhd_8,1,-2.1177468783308235
adult_adhd_8,1,-1.5363775849343106
adult_adhd_8,1,-1.4730277207304687
adult_adhd_8,1,-1.986339969772421
adult_adhd_8,1,-1.9658331596638012
adult_adhd_8,1,-1.9881626623505522
adult_adhd_8,1,-1.429987556963631
adult_adhd_8,1,-2.0226732706933968
adult_adhd_8,1,-1.9316386684955114
adult_adhd_8,1,-1.38138545607621
adult_adhd_8,1,-1.5425282010110113
adult_adhd_8,1,-1.3774823048748792
adult_adhd_8,1,-1.4079047377399827
adult_adhd_8,1,-1.8159140184351275
adult_adhd_8,1,-1.4816193818209662
adult_adhd_8,1,-0.9141526639215164
adult_adhd_8,1,-1.457458103378908
adult_adhd_8,1,-0.8393030710306942
adult_adhd_8,1,-1.1899464149706525
adult_adhd_8,1,-1.2777722284515178
adult_adhd_8,1,-1.4594831712434218
adult_adhd_8,1,-1.7309604475648785
adult_adhd_8,1,-1.2438676274577034
adult_adhd_8,1,-1.4242582415480767
adult_adhd_8,1,-1.1596968457664936
adult_adhd_8,1,-2.0888197687333987
adult_adhd_8,1,-2.0558360403006932
adult_adhd_8,1,-1.4527806224110975
adult_adhd_8,1,-0.6374507840094433
adult_adhd_8,1,-0.7577251299891764
adult_adhd_8,1,-2.2250979978144985
adult_adhd_8,1,-1.9136296729858988
adult_adhd_8,1,-2.1453296942783497
adult_adhd_8,1,-2.0210197305207482
adult_adhd_8,1,-1.0759721428589382
adult_adhd_8,1,-1.5940876176370047
adult_adhd_8,1,-1.9490119977875562
adult_adhd_8,1,-1.2592332093191714
adult_adhd_8,1,-1.7004971108278868
adult_adhd_8,1,-1.797354822280695
adult_adhd_8,1,-2.119113222540047
adult_adhd_8,1,-1.8440854537644293
adult_adhd_8,1,-1.2928998843466593
adult_adhd_8,1,-0.7214662165613474
adult_adhd_8,1,-1.4377511217745322
adult_adhd_8,1,-1.5829680873831968
adult_adhd_8,1,-1.0163196367487313
adult_adhd_8,1,-1.4591149974616422
adult_adhd_8,1,-1.9122979813894956
adult_adhd_8,1,-2.2380448860422697
adult_adhd_8,1,-1.7311280691104427
adult_adhd_8,1,-1.5382073687327757
adult_adhd_8,1,-1.3660451391673671
adult_adhd_8,1,-1.7268175443493088
adult_adhd_8,1,-1.7069707235259242
adult_adhd_8,1,-1.3129336518840176
adult_adhd_8,1,-0.7135243155357743
adult_adhd_8,1,-0.7344757397081682
adult_adhd_8,1,-0.7603753980040356
adult_adhd_8,1,-0.9954440612187722
adult_adhd_8,1,-1.362048707865009
adult_adhd_8,1,-1.0127472292105804
adult_adhd_8,1,-1.3828043967870252
adult_adhd_8,1,-1.8508436868644402
adult_adhd_8,1,-1.8532621281554316
adult_adhd_8,1,-1.3253327643448451
adult_adhd_8,1,-1.663586945391788
adult_adhd_8,1,-1.625556701010483
adult_adhd_8,1,-1.7895379812488819
adult_adhd_8,1,-1.012450472984216
adult_adhd_8,1,-1.1483257893380183
adult_adhd_8,1,-1.3371305600970156
adult_adhd_8,1,-1.6904457634270327
adult_adhd_8,1,-1.3876091149579644
adult_adhd_8,1,-1.17018996547655
adult_adhd_8,1,-1.8032415581221057
adult_adhd_8,1,-1.1856607753694073
adult_adhd_8,1,-1.5315505783520065
adult_adhd_8,1,-1.3149977494693204
adult_adhd_8,1,-1.4124154325807696
adult_adhd_8,1,-0.815780537998059
adult_adhd_8,1,-0.9576684761006556
adult_adhd_8,1,-1.8310885544945608
adult_adhd_8,1,-1.044274576902613
adult_adhd_8,1,-1.1584516711124437
adult_adhd_8,1,-1.460364671854388
adult_adhd_8,1,-1.2028753329486523
adult_adhd_8,1,-1.957642037445427
adult_adhd_8,1,-1.0701519466695344
adult_adhd_8,1,-1.7652431286847317
adult_adhd_8,1,-0.8979573015799466
adult_adhd_8,1,-0.8061332487351754
adult_adhd_8,1,-2.076382323392266
adult_adhd_8,1,-1.3834757210454347
adult_adhd_8,1,-1.5864250683153358
adult_adhd_8,1,-2.20769404081185
adult_adhd_8,1,-2.222616559245046
adult_adhd_8,1,-1.3438638057504488
adult_adhd_8,1,-1.8183130353612094
adult_adhd_8,1,-1.4049812921290252
adult_adhd_8,1,-1.4433466063001257
adult_adhd_8,1,-1.7244641795060431
adult_adhd_8,1,-1.984957023087306
adult_adhd_8,1,-1.6458319624045563
adult_adhd_8,1,-0.8791308819837059
adult_adhd_8,1,-1.1053220547345877
adult_adhd_8,1,-1.6534474044231895
adult_adhd_8,1,-1.8622629386494989
adult_adhd_8,1,-1.8237867996272183
adult_adhd_8,1,-1.3389376017905255
adult_adhd_8,1,-0.6980950929113358
adult_adhd_8,1,-1.3661521879429985
adult_adhd_8,1,-1.2278706877972847
adult_adhd_8,1,-1.2695071406694876
adult_adhd_8,1,-1.6099845065427627
adult_adhd_8,1,-1.783269937165549
adult_adhd_8,1,-1.8121920069926118
adult_adhd_8,1,-0.6065566022425405
adult_adhd_8,1,-1.6313408408725696
adult_adhd_8,1,-1.8710495720460862
adult_adhd_8,1,-1.5954183391926535
adult_adhd_8,1,-1.3715963424066167
adult_adhd_8,1,-1.066200517909722
adult_adhd_8,1,-1.4461581030372668
adult_adhd_8,1,-1.6427791433223904
adult_adhd_8,1,-1.1060761325191053
adult_adhd_8,1,-0.9479425201757489
adult_adhd_8,1,-1.540425280284587
adult_adhd_8,1,-1.399292905486344
adult_adhd_8,1,-2.02233477374417
adult_adhd_8,1,-2.00305038571919
adult_adhd_8,1,-1.1746221224049638
adult_adhd_8,1,-1.142400133908756
adult_adhd_8,1,-2.029497247390643
adult_adhd_8,1,-1.7314778879212964
adult_adhd_8,1,-1.4617942781591906
adult_adhd_8,1,-0.7124337356149163
adult_adhd_8,1,-0.15301968331396312
adult_adhd_8,1,-0.25449030153442853
adult_adhd_8,1,-0.9090123194952374
adult_adhd_8,1,-1.8330701042903348
adult_adhd_8,1,-1.7673690577832972
adult_adhd_8,1,-1.1690865751647972
adult_adhd_8,1,-0.7233432006842827
adult_adhd_8,1,-1.7956630063443377
adult_adhd_8,1,-0.989008980809026
adult_adhd_8,1,-1.411736368961345
adult_adhd_8,1,-1.1476013674585928
adult_adhd_8,1,-1.418097219651134
adult_adhd_8,1,-1.8175608735663413
adult_adhd_8,1,-1.277115688354904
adult_adhd_8,1,-1.3623614113240095
adult_adhd_8,1,-1.4802290495465487
adult_adhd_8,1,-0.8606233499665751
adult_adhd_8,1,-1.3589078190894384
adult_adhd_8,1,-2.2307220147948352
adult_adhd_8,1,-1.9912604276041992
adult_adhd_8,1,-1.5446168534503117
adult_adhd_8,1,-1.3162834836887067
adult_adhd_8,1,-1.0679701525613816
adult_adhd_8,1,-0.7541205466874058
adult_adhd_8,1,-0.7079645118752719
adult_adhd_8,1,-0.790658978723869
adult_adhd_8,1,-1.9412804530119336
adult_adhd_8,1,-1.8391999967728427
adult_adhd_8,1,-1.2535406569215297
adult_adhd_8,1,-1.3793275676276187
adult_adhd_8,1,-0.7126322396372314
adult_adhd_8,1,-0.7546619736883614
adult_adhd_8,1,-1.432133754279076
adult_adhd_8,1,-1.0097067296635918
adult_adhd_8,1,-1.1841402031903594
adult_adhd_8,1,-2.1995262592278024
adult_adhd_8,1,-0.8888491918394225
adult_adhd_8,1,-0.9850589563978674
adult_adhd_8,1,-1.4540681928102623
adult_adhd_8,1,-2.0310141565075623
adult_adhd_8,1,-1.8230669084756896
adult_adhd_8,1,-1.757821091593387
adult_adhd_8,1,-2.127660362914259
adult_adhd_8,1,-2.0795234010599604
adult_adhd_8,1,-1.4631004673182648
adult_adhd_8,1,-1.5393505356342572
adult_adhd_8,1,-0.7904109583911109
adult_adhd_8,1,-1.7840192287529342
adult_adhd_8,1,-0.6279229816202169
adult_adhd_8,1,-1.3825802791392618
adult_adhd_8,1,-1.0810760850780445
adult_adhd_8,1,-1.13814106450157
adult_adhd_8,1,-1.0075190037475794
adult_adhd_8,1,-1.9892845024325494
adult_adhd_8,1,-2.0345428775025107
adult_adhd_8,1,-1.9960339656407915
adult_adhd_8,1,-1.917636347319851
adult_adhd_8,1,-1.7860352281120293
adult_adhd_8,1,-1.2476655780290855
adult_adhd_8,1,-1.6348310184982142
adult_adhd_8,1,-2.578305511068882
adult_adhd_8,1,-1.8895295399478194
adult_adhd_8,1,-1.810019758000038
adult_adhd_8,1,-1.3767292556173252
adult_adhd_8,1,-0.9570411169393366
adult_adhd_8,1,-1.4643295299343748
adult_adhd_8,1,-2.2660901266446727
adult_adhd_8,1,-2.0538112835573163
adult_adhd_8,1,-1.680933701786134
adult_adhd_8,1,-1.280442938905972
adult_adhd_8,1,-1.2432214133293815
adult_adhd_8,1,-1.9781388541454556
adult_adhd_8,1,-1.6235430131420445
adult_adhd_8,1,-1.9728037311389413
adult_adhd_8,1,-1.441647684599927
adult_adhd_8,1,-1.3286634502000645
adult_adhd_8,1,-1.8811636326349421
adult_adhd_8,1,-1.5886548993095544
adult_adhd_8,1,-1.0459962215507161
adult_adhd_8,1,-1.9026887024299595
adult_adhd_8,1,-2.002584978865776
adult_adhd_8,1,-0.4789648728069066
adult_adhd_8,1,-0.49186422680408703
adult_adhd_8,1,-2.119644228841501
adult_adhd_8,1,-0.8230024810484279
adult_adhd_8,1,-0.9882101155027126
adult_adhd_8,1,-1.899080819485933
adult_adhd_8,1,-1.3790649527322918
adult_adhd_8,1,-2.133402267630474
adult_adhd_8,1,-2.2607866072095706
adult_adhd_8,1,-1.552472797863786
adult_adhd_8,1,-0.1724106109071374
adult_adhd_8,1,-0.3319486544574296
adult_adhd_8,1,-1.3140155928052617
adult_adhd_8,1,-0.996643322505894
adult_adhd_8,1,-1.429965501047723
adult_adhd_8,1,-1.1453573417262013
adult_adhd_8,1,-1.2288115460137177
adult_adhd_8,1,-1.5936425020874871
adult_adhd_8,1,-1.311554465195703
adult_adhd_8,1,-1.5238992467522983
adult_adhd_8,1,-2.055191644284639
adult_adhd_8,1,-1.911457625155427
adult_adhd_8,1,-1.6953914515433688
adult_adhd_8,1,-1.3843704911603205
adult_adhd_8,1,-2.1079799255945626
adult_adhd_8,1,-2.053078077451406
adult_adhd_8,1,-1.227173006045501
adult_adhd_8,1,-1.2557495246127997
adult_adhd_8,1,-0.35755523499319153
adult_adhd_8,1,-0.4961560110426223
adult_adhd_8,1,-0.464179418593594
adult_adhd_8,1,-1.4793462174051224
adult_adhd_8,1,-1.6095311634930738
adult_adhd_8,1,-1.4407277745683853
adult_adhd_8,1,-1.5999339189067996
adult_adhd_8,1,-1.7697455691012833
adult_adhd_8,1,-1.437090507819164
adult_adhd_8,1,-1.8197096985105197
adult_adhd_8,1,-1.398874926196699
adult_adhd_8,1,-0.708564033063788
adult_adhd_8,1,-1.0503999600089262
adult_adhd_8,1,-1.0010253743381603
adult_adhd_8,1,-0.37982659605797087
adult_adhd_8,1,-2.0206542671147747
adult_adhd_8,1,-1.5128720623410805
adult_adhd_8,1,-2.719400395535304
adult_adhd_8,1,-2.244857010076182
adult_adhd_8,1,-1.2057574360833678
adult_adhd_8,1,-1.5548535305774922
adult_adhd_8,1,-1.5274890259150142
adult_adhd_8,1,-1.0168623890101154
adult_adhd_8,1,-1.320615275259589
adult_adhd_8,1,-2.309473463217733
adult_adhd_8,1,-2.3564254121827575
adult_adhd_8,1,-2.1421342738844005
adult_adhd_8,1,-1.841579087166624
adult_adhd_8,1,-0.9342695122071073
adult_adhd_8,1,-1.4222440060943042
adult_adhd_8,1,-1.628475038849385
adult_adhd_8,1,-2.3933081411686485
adult_adhd_8,1,-2.2649230807844836
adult_adhd_8,1,-1.5105594779358462
adult_adhd_8,1,-1.4873420140992182
adult_adhd_8,1,-1.260086324109536
adult_adhd_8,1,-1.5706491923657921
adult_adhd_8,1,-1.3685607256291283
adult_adhd_8,1,-0.9273315194856483
adult_adhd_8,1,-1.7346096139284382
adult_adhd_8,1,-1.3142790850456803
adult_adhd_8,1,-1.2972930174628194
adult_adhd_8,1,-0.7896360888924211
adult_adhd_8,1,-0.9152184030498697
adult_adhd_8,1,-1.1596940839894159
adult_adhd_8,1,-1.514787722949694
adult_adhd_8,1,-0.6602889344369282
adult_adhd_8,1,-1.9402877837375239
adult_adhd_8,1,-1.7698831859162856
adult_adhd_8,1,-2.3521374872971808
adult_adhd_8,1,-1.7077608064646093
adult_adhd_8,1,-1.7664242044924503
adult_adhd_8,1,-1.9545444909597265
adult_adhd_8,1,-1.849394426591569
adult_adhd_8,1,-0.9350634748372947
adult_adhd_8,1,-1.0690193864860595
adult_adhd_8,1,-1.3078072900270432
adult_adhd_8,1,-1.894376194523114
adult_adhd_8,1,-1.3837488732789236
adult_adhd_8,1,-1.896070798389594
adult_adhd_8,1,-1.8429105559189187
adult_adhd_8,1,-1.6266174232719557
adult_adhd_8,1,-1.310991293128346
adult_adhd_8,1,-1.7031037492908592
adult_adhd_8,1,-1.3800080601705371
adult_adhd_8,1,-1.849561225239555
adult_adhd_8,1,-1.2848146793862658
adult_adhd_8,1,-0.9755494963968431
adult_adhd_8,1,-1.5861280292386701
adult_adhd_8,1,-1.00613872788561
adult_adhd_8,1,-1.406812887937562
adult_adhd_8,1,-1.8242443354351807
adult_adhd_8,1,-1.9879489129773358
adult_adhd_8,1,-1.9512930226063512
adult_adhd_8,1,-1.8754026949418239
adult_adhd_8,1,-1.9566661130746335
adult_adhd_8,1,-2.262306606998926
adult_adhd_8,1,-2.0813891077691853
adult_adhd_8,1,-1.1325349279636243
adult_adhd_8,1,-1.308768583221037
adult_adhd_8,1,-1.7254272739785814
adult_adhd_8,1,-0.6717743960775725
adult_control_1,0,-0.06510199139145714
adult_control_1,0,-0.11807304203879845
adult_control_1,0,-0.612394261363295
adult_control_1,0,-0.2959194208882775
adult_control_1,0,-0.434800959504534
adult_control_1,0,-0.8102050797835311
adult_control_1,0,-0.9426794155053945
adult_control_1,0,-1.08104328733334
adult_control_1,0,-0.5028529897548947
adult_control_1,0,-0.7270951938870648
adult_control_1,0,-1.2057398487272661
adult_control_1,0,-0.9522849164833368
adult_control_1,0,-0.1127367487099126
adult_control_1,0,-0.33000418802156595
adult_control_1,0,-0.8973581942930754
adult_control_1,0,-0.15207413370410086
adult_control_1,0,-1.042060132955407
adult_control_1,0,-0.5048009303430171
adult_control_1,0,-0.5699761247793859
adult_control_1,0,-0.9723239201681521
adult_control_1,0,-0.7514827737960122
adult_control_1,0,-0.605650257777011
adult_control_1,0,-0.38652958124058967
adult_control_1,0,-0.8895929682363358
adult_control_1,0,-1.9181104827564495
adult_control_1,0,-1.6310418959851725
adult_control_1,0,-0.8440403165248033
adult_control_1,0,-0.43757398695026495
adult_control_1,0,0.07972868382611517
adult_control_1,0,-0.96833430508289
adult_control_1,0,-1.1633012252311894
adult_control_1,0,-1.600510782367167
adult_control_1,0,-1.138954477557049
adult_control_1,0,-0.5955511682636899
adult_control_1,0,-0.35142566060381053
adult_control_1,0,-1.0202458900915055
adult_control_1,0,-1.1150033783902007
adult_control_1,0,-0.9901329027266991
adult_control_1,0,-0.9096554579525006
adult_control_1,0,0.20483039301836756
adult_control_1,0,-0.4020966864571166
adult_control_1,0,-1.2584396887563454
adult_control_1,0,-1.122282794619764
adult_control_1,0,-1.374615100453787
adult_control_1,0,-1.0534631179081901
adult_control_1,0,-1.0933078160699816
adult_control_1,0,-1.5671983836873529
adult_control_1,0,-1.0663057412071222
adult_control_1,0,-0.2124402980090018
adult_control_1,0,-0.5600964648384811
adult_control_1,0,-0.7914625937811678
adult_control_1,0,-1.6322487866402353
adult_control_1,0,-1.001835124713073
adult_control_1,0,-1.0162764798232682
adult_control_1,0,-1.0458576814761242
adult_control_1,0,-1.041556387555599
adult_control_1,0,-1.0039104710786932
adult_control_1,0,-1.2311444962777678
adult_control_1,0,-0.31193594756430476
adult_control_1,0,-0.43241592321044864
adult_control_1,0,-0.3467883089877105
adult_control_1,0,-0.5763902938025723
adult_control_1,0,-1.1207992556343744
adult_control_1,0,-1.7541265481105346
adult_control_1,0,-0.9130122432515021
adult_control_1,0,0.2614404768251358
adult_control_1,0,-0.18791102965099996
adult_control_1,0,-0.7447321243317918
adult_control_1,0,-1.589575988073245
adult_control_1,0,-0.8518036372188943
adult_control_1,0,-0.3064347118980678
adult_control_1,0,-1.3517320776991322
adult_control_1,0,-0.2883770010176624
adult_control_1,0,-0.9738025673785858
adult_control_1,0,-1.2201934179923057
adult_control_1,0,-1.216117970974198
adult_control_1,0,-1.0390607379281258
adult_control_1,0,-0.06957350340453852
adult_control_1,0,-0.42380147841975846
adult_control_1,0,-0.49011000275342853
adult_control_1,0,-0.23360605748019783
adult_control_1,0,-0.5989593160344299
adult_control_1,0,-0.4489670684606718
adult_control_1,0,-0.6563836206066788
adult_control_1,0,-0.7461308389393401
adult_control_1,0,-0.3986391515405606
adult_control_1,0,-1.3305651245493877
adult_control_1,0,-1.4653145622942234
adult_control_1,0,-1.5802550141208096
adult_control_1,0,-1.045672124900603
adult_control_1,0,-0.7083005632447453
adult_control_1,0,-1.0900872305745049
adult_control_1,0,-1.1727998015389152
adult_control_1,0,-0.0721781085472614
adult_control_1,0,-0.24948286394860233
adult_control_1,0,-1.2001207243948562
adult_control_1,0,-1.3483195848126726
adult_control_1,0,-1.4065691821111748
adult_control_1,0,-1.056779359012725
adult_control_1,0,-0.2764649149752464
adult_control_1,0,-1.0934829496653635
adult_control_1,0,-1.3736972288036768
adult_control_1,0,-0.3580537602073014
adult_control_1,0,-0.9339560969322459
adult_control_1,0,-1.1537002863102894
adult_control_1,0,-2.348249848469623
adult_control_1,0,-1.9121611959655347
adult_control_1,0,-1.744649098998516
adult_control_1,0,-1.1554221434490457
adult_control_1,0,-1.2172029964956623
adult_control_1,0,-0.6532718331584818
adult_control_1,0,-0.4944970583951148
adult_control_1,0,-1.1308428907218446
adult_control_1,0,-0.8929383374745482
adult_control_1,0,-2.0720689920494366
adult_control_1,0,-1.1590795454778786
adult_control_1,0,0.24703822780982962
adult_control_1,0,-0.5480530690024831
adult_control_1,0,-1.428492000588033
adult_control_1,0,-1.408206341202701
adult_control_1,0,-0.5588097811889651
adult_control_1,0,-1.0971483189476716
adult_control_1,0,-0.03070830911396829
adult_control_1,0,-0.5374813032823201
adult_control_1,0,-0.45702202903964284
adult_control_1,0,-0.38913232346801896
adult_control_1,0,-0.8740197515234173
adult_control_1,0,-1.6736209105557909
adult_control_1,0,-0.5988924223671613
adult_control_1,0,-0.23785143706362968
adult_control_1,0,-0.8251332519625881
adult_control_1,0,-0.5455592150042737
adult_control_1,0,-1.0664241710446642
adult_control_1,0,-1.3032345886500205
adult_control_1,0,-1.1158760424111267
adult_control_1,0,-1.3098028538293405
adult_control_1,0,-1.3692109072724907
adult_control_1,0,-0.719980510538344
adult_control_1,0,-1.008985539059804
adult_control_1,0,-1.6012832499308995
adult_control_1,0,-2.0464175414903405
adult_control_1,0,-1.3538340247565572
adult_control_1,0,-0.8403411041732299
adult_control_1,0,-0.0767534970713272
adult_control_1,0,-0.5351619156071229
adult_control_1,0,-1.0975821047029881
adult_control_1,0,-0.9430022003350892
adult_control_1,0,-1.1350679055442434
adult_control_1,0,-0.836072790052924
adult_control_1,0,-0.04468107123017031
adult_control_1,0,-0.8136511989817853
adult_control_1,0,-1.3813501905180217
adult_control_1,0,-1.751210890877167
adult_control_1,0,-1.3920432067549435
adult_control_1,0,-0.6943646699057514
adult_control_1,0,-1.0158963237110323
adult_control_1,0,-0.6325471132467934
adult_control_1,0,-0.02653424763750003
adult_control_1,0,-0.961854998685517
adult_control_1,0,-0.5419108243043852
adult_control_1,0,-0.05364958229883889
adult_control_1,0,-0.7315544557875228
adult_control_1,0,-0.9269706717231329
adult_control_1,0,-1.0140531733734206
adult_control_1,0,-0.891758358726284
adult_control_1,0,-1.4234077247442554
adult_control_1,0,0.12169201092910162
adult_control_1,0,-0.07694958007778432
adult_control_1,0,-0.36833050781446797
adult_control_1,0,-1.1261579272294866
adult_control_1,0,-1.5746061200580965
adult_control_1,0,-1.4801475359164482
adult_control_1,0,-0.5904199791412589
adult_control_1,0,-0.7357221332321057
adult_control_1,0,-1.2651275173100833
adult_control_1,0,-0.5562551894516935
adult_control_1,0,-0.29096268092824784
adult_control_1,0,-0.9334191379608549
adult_control_1,0,-1.7591361907616752
adult_control_1,0,-0.342736200727887
adult_control_1,0,-0.7167592543671412
adult_control_1,0,-0.36956782974086255
adult_control_1,0,-0.5244198607793623
adult_control_1,0,-0.80609168099045
adult_control_1,0,-0.49193470579111886
adult_control_1,0,-0.887313558733421
adult_control_1,0,-0.5696342262530022
adult_control_1,0,-1.897508889942999
adult_control_1,0,-1.5652778091974957
adult_control_1,0,-0.9816932393203274
adult_control_1,0,-1.0351880690871123
adult_control_1,0,-0.9259043392194534
adult_control_1,0,-1.0303718455152073
adult_control_1,0,-0.6142815140467642
adult_control_1,0,0.14991777597386066
adult_control_1,0,-0.5139752857698124
adult_control_1,0,-0.10450517551685837
adult_control_1,0,-0.3625391163454367
adult_control_1,0,-0.5585134512623314
adult_control_1,0,-0.30630380301317695
adult_control_1,0,-0.7759957614139424
adult_control_1,0,-0.853354936070326
adult_control_1,0,-1.1570725224702354
adult_control_1,0,-1.4682417023318561
adult_control_1,0,-1.4287504816203977
adult_control_1,0,-1.2145104463963148
adult_control_1,0,-1.1099444142665509
adult_control_1,0,-0.7906177565251661
adult_control_1,0,-0.7313968586972183
adult_control_1,0,-0.6304396676802869
adult_control_1,0,-1.282135872413706
adult_control_1,0,-1.236965491894626
adult_control_1,0,-1.6081277284840585
adult_control_1,0,-1.2535331143860975
adult_control_1,0,-1.2727144359201148
adult_control_1,0,-1.1321951637402643
adult_control_1,0,-0.9503349925435604
adult_control_1,0,0.12215023873850858
adult_control_1,0,-0.3639525758012815
adult_control_1,0,-0.5787929515354867
adult_control_1,0,-0.07502609323689616
adult_control_1,0,0.14623285764110924
adult_control_1,0,-0.2089477219894257
adult_control_1,0,-0.649360161325608
adult_control_1,0,-1.070615814846032
adult_control_1,0,-1.4102395550818074
adult_control_1,0,-0.380058387221497
adult_control_1,0,-1.2545818915877893
adult_control_1,0,-1.385046032389567
adult_control_1,0,-0.6465123527570066
adult_control_1,0,-0.2598822620539759
adult_control_1,0,-1.4122391595442862
adult_control_1,0,-1.5537163527550266
adult_control_1,0,-0.5536707596916027
adult_control_1,0,-0.740468217195322
adult_control_1,0,-1.2593312119497235
adult_control_1,0,-1.8390774145452737
adult_control_1,0,-1.19289316756293
adult_control_1,0,-0.7141632354918127
adult_control_1,0,-1.0811328944092677
adult_control_1,0,-1.0299535533790785
adult_control_1,0,-0.493733067608903
adult_control_1,0,-0.7144276323401141
adult_control_1,0,0.14049980333411635
adult_control_1,0,-0.3711081594316469
adult_control_1,0,-1.4708583577340448
adult_control_1,0,-0.6203020678155918
adult_control_1,0,-0.7633942444382574
adult_control_1,0,-0.9812755625096939
adult_control_1,0,-0.5656877212913173
adult_control_1,0,-0.9907621853479126
adult_control_1,0,-0.35705705239074426
adult_control_1,0,-0.2766513106812146
adult_control_1,0,-0.741136801285338
adult_control_1,0,-0.793611955720844
adult_control_1,0,-1.0824588370998707
adult_control_1,0,-1.1841327564773216
adult_control_1,0,-1.0870643881291397
adult_control_1,0,-0.6374053767296951
adult_control_1,0,-0.9287119923504251
adult_control_1,0,-0.8108991265242368
adult_control_1,0,-1.2553856430336632
adult_control_1,0,-1.035871816536139
adult_control_1,0,-0.700657764142968
adult_control_1,0,-1.3313755973872494
adult_control_1,0,-1.1436907632495648
adult_control_1,0,-0.685376194606491
adult_control_1,0,-0.8717747517439024
adult_control_1,0,-0.8309550388909338
adult_control_1,0,-0.5456718955042671
adult_control_1,0,-1.1153531143749227
adult_control_1,0,-1.0085399509153476
adult_control_1,0,-0.4729901904299102
adult_control_1,0,-0.8434766816603098
adult_control_1,0,-0.8722065230121915
adult_control_1,0,1.2986322136505788
adult_control_1,0,0.7573419104961442
adult_control_1,0,0.2250265196089903
adult_control_1,0,-0.5185939944946182
adult_control_1,0,-0.47086450101445576
adult_control_1,0,-0.17619080019023362
adult_control_1,0,-0.04884370838028875
adult_control_1,0,-0.19806742559796522
adult_control_1,0,-0.784941565755075
adult_control_1,0,-1.1564770064589562
adult_control_1,0,-0.5548812423152424
adult_control_1,0,-0.25895986004713156
adult_control_1,0,-1.2822088708690107
adult_control_1,0,-1.19067703823193
adult_control_1,0,-1.0449719482192417
adult_control_1,0,-1.2353793003954068
adult_control_1,0,-0.9531418088371079
adult_control_1,0,-0.2958744768257978
adult_control_1,0,-0.8648815876533534
adult_control_1,0,-0.48735011520317373
adult_control_1,0,-0.27852969789601356
adult_control_1,0,0.07778977776387794
adult_control_1,0,-0.9326030569040785
adult_control_1,0,-0.7921106972993107
adult_control_1,0,-0.9291477820777535
adult_control_1,0,-1.0552533267868842
adult_control_1,0,-0.3991680299643606
adult_control_1,0,-0.4382367449218266
adult_control_1,0,-0.31487869794910484
adult_control_1,0,-0.778563467224738
adult_control_1,0,-0.7099658636393679
adult_control_1,0,-0.6408190684798151
adult_control_1,0,-1.048934352781297
adult_control_1,0,-1.500311620250498
adult_control_1,0,-1.22688977451211
adult_control_1,0,-0.9956486752038777
adult_control_1,0,-0.8462085908350824
adult_control_1,0,-1.7689674526996875
adult_control_1,0,-0.5375492224806421
adult_control_1,0,-0.010796888325600128
adult_control_1,0,-1.0203630099636993
adult_control_1,0,-1.3891652013633728
adult_control_1,0,-0.7401090728871574
adult_control_1,0,-0.9759820946977132
adult_control_1,0,-0.697007833963985
adult_control_1,0,-0.5732628229805682
adult_control_1,0,-0.9666840933342974
adult_control_1,0,-1.093883112116476
adult_control_1,0,-1.3168050484197593
adult_control_1,0,-0.2460927801275611
adult_control_1,0,0.014895160922337426
adult_control_1,0,-1.233981071867413
adult_control_1,0,-1.5155156150334512
adult_control_1,0,-0.9648302258844973
adult_control_1,0,-1.6038666150354042
adult_control_1,0,-0.643620606699239
adult_control_1,0,-0.389704345845716
adult_control_1,0,-0.08588878264740299
adult_control_1,0,0.12935841586019511
adult_control_1,0,-0.2637026134148125
adult_control_1,0,-0.9508416055250065
adult_control_1,0,-1.52111006582044
adult_control_1,0,-1.399289175019244
adult_control_1,0,-0.9415797062070522
adult_control_1,0,-0.6900520101508255
adult_control_1,0,-1.232380099162011
adult_control_1,0,-1.2148589331492499
adult_control_1,0,-0.6679085393537604
adult_control_1,0,-0.37653251919904773
adult_control_1,0,-0.5815754924006055
adult_control_1,0,-1.0862798614711084
adult_control_1,0,-0.47162663469843336
adult_control_1,0,-0.7489823196707025
adult_control_1,0,-0.24282791774558757
adult_control_1,0,0.34132416665252097
adult_control_1,0,-0.8082023497123395
adult_control_1,0,-0.7138818265140204
adult_control_1,0,-0.8779960856535011
adult_control_1,0,-0.8703515049791121
adult_control_1,0,-1.1586046670452705
adult_control_1,0,-1.2455676284845376
adult_control_1,0,-1.1547673266848673
adult_control_1,0,-1.427110893332869
adult_control_1,0,-1.7560389293228473
adult_control_1,0,-1.4077902631578803
adult_control_1,0,-0.8171946444396506
adult_control_1,0,-0.6177748265698043
adult_control_1,0,-0.6058432590118662
adult_control_1,0,-0.8585315491155766
adult_control_1,0,-0.3247760404779626
adult_control_1,0,-0.0972429633205997
adult_control_1,0,-0.5945964807427652
adult_control_1,0,-0.91861351850208
adult_control_1,0,-0.6943630940629529
adult_control_1,0,-0.5287195239950367
adult_control_1,0,0.005673963756681923
adult_control_1,0,-0.4160366277680362
adult_control_1,0,-0.3933988601254569
adult_control_1,0,-1.2638485102109187
adult_control_1,0,-0.8206237894632217
adult_control_1,0,-0.26238450236070576
adult_control_1,0,-0.9920741114867403
adult_control_1,0,-1.334922916608043
adult_control_1,0,-1.329198469810792
adult_control_1,0,0.051096239274722156
adult_control_1,0,-0.11426813042757758
adult_control_1,0,-0.3322200030050383
adult_control_1,0,-0.569225382255932
adult_control_1,0,-0.49458442472982245
adult_control_1,0,-0.5097252248323695
adult_control_1,0,-0.41221453661868057
adult_control_1,0,-0.69853606320782
adult_control_1,0,0.29597500291268475
adult_control_1,0,-0.9472301274780429
adult_control_1,0,-1.4078067259623697
adult_control_1,0,-0.7486461636385572
adult_control_1,0,0.15345449911598816
adult_control_1,0,-0.2216717592071257
adult_control_1,0,-0.3100156620486433
adult_control_1,0,-0.11531063713786374
adult_control_1,0,-0.4463050309901514
adult_control_1,0,-0.7558613891849925
adult_control_1,0,-1.079700640335897
adult_control_1,0,-1.0147487055334405
adult_control_1,0,-1.6833198592575542
adult_control_1,0,-0.8656835701858329
adult_control_1,0,-0.22593905280763096
adult_control_1,0,-1.1244603916600031
adult_control_1,0,-0.8856285134378749
adult_control_1,0,-1.1818397351907648
adult_control_1,0,-0.38047602406857617
adult_control_1,0,-0.6428450706997987
adult_control_1,0,-1.421033409531455
adult_control_1,0,-0.34913987362684284
adult_control_1,0,-0.4246338918084035
adult_control_1,0,-0.5412767621233557
adult_control_1,0,-0.46010833401366724
adult_control_1,0,-0.5373262283484642
adult_control_1,0,-0.8853946674856309
adult_control_1,0,-0.7891704310860373
adult_control_1,0,-0.4378204296107854
adult_control_1,0,-0.043935975069538634
adult_control_1,0,-0.9380621812886546
adult_control_1,0,-1.0756925994611328
adult_control_1,0,-1.0167460810104796
adult_control_1,0,-0.8882888276709323
adult_control_1,0,-1.0952446069859874
adult_control_1,0,-0.907456331777312
adult_control_1,0,0.25792056312581846
adult_control_1,0,-0.40244590348224596
adult_control_1,0,-1.2408262362152387
adult_control_1,0,-1.49396191437719
adult_control_1,0,-1.310371834453543
adult_control_1,0,-1.1538909790744483
adult_control_1,0,-1.0704443231088012
adult_control_1,0,-1.400568275821553
adult_control_1,0,-0.5286560105709789
adult_control_1,0,-0.5615561411871383
adult_control_1,0,-1.5297669730216303
adult_control_1,0,-0.47231021688977914
adult_control_1,0,-0.3964126696227378
adult_control_1,0,-0.45049813580002407
adult_control_1,0,-0.5012171315530772
adult_control_1,0,-1.5394096010447762
adult_control_1,0,-0.792711971512205
adult_control_1,0,-0.9585837058953833
adult_control_1,0,-1.1248618746196737
adult_control_1,0,-0.6467406079694297
adult_control_1,0,-0.849077803900013
adult_control_1,0,-1.4275198729728178
adult_control_1,0,-1.8971675292856338
adult_control_1,0,-1.542552760917228
adult_control_1,0,-0.7308880740599609
adult_control_1,0,-0.1681717681843881
adult_control_1,0,-1.3453698120631792
adult_control_1,0,-1.4872959484213726
adult_control_1,0,-1.1340084118057092
adult_control_1,0,-1.4287462789788687
adult_control_1,0,-2.31963557994123
adult_control_1,0,-1.473933721418724
adult_control_1,0,-0.803015131334999
adult_control_1,0,-0.8600529059832541
adult_control_1,0,-0.8226221560240176
adult_control_1,0,-1.2478893225512269
adult_control_1,0,-1.5597144821713493
adult_control_1,0,-0.8657906899379778
adult_control_1,0,-0.5529611619389895
adult_control_1,0,-0.6959004487862751
adult_control_1,0,-0.7602137617554247
adult_control_1,0,-0.7855738327694602
adult_control_1,0,-0.39497767842195397
adult_control_1,0,-1.4413868541980253
adult_control_1,0,-0.8682859728440103
adult_control_1,0,-1.1244800502357148
adult_control_1,0,-1.309128275648911
adult_control_1,0,-0.8764040298020798
adult_control_1,0,-1.090983688479545
adult_control_1,0,-1.392363148826488
adult_control_1,0,-1.0334742258384022
adult_control_1,0,-0.9799942724897276
adult_control_1,0,-0.7936116787303961
adult_control_1,0,0.02225362910900728
adult_control_1,0,-0.36203550255424666
adult_control_1,0,-0.5999708973237289
adult_control_1,0,-0.6022731362377963
adult_control_1,0,-1.0015896495344472
adult_control_1,0,-0.5247677071935882
adult_control_1,0,-0.2821325658530943
adult_control_1,0,-0.3610052880593356
adult_control_1,0,-0.5177492253547776
adult_control_1,0,-0.3327911781200358
adult_control_1,0,-0.08871188524575394
adult_control_1,0,-0.6540462059380302
adult_control_1,0,-1.0607949134255148
adult_control_1,0,-0.48972529353269845
adult_control_1,0,0.03416745921630469
adult_control_1,0,-0.07228379298588142
adult_control_1,0,-0.47126678202380334
adult_control_1,0,-0.1806214879420084
adult_control_1,0,-0.2241313198886278
adult_control_1,0,-1.3495811696777478
adult_control_1,0,-1.0816671649938652
adult_control_1,0,-0.8372479175656057
adult_control_1,0,-0.9761960149311605
adult_control_1,0,-0.46177635556259433
adult_control_1,0,0.027317676695029915
adult_control_1,0,-0.12103496488942547
adult_control_1,0,-0.25303359942426107
adult_control_1,0,0.04172768406462222
adult_control_1,0,-0.6749803925060361
adult_control_1,0,-0.35237951702265036
adult_control_1,0,0.008001666463676484
adult_control_1,0,-0.24190093336248034
adult_control_1,0,-0.44645405267004523
adult_control_1,0,-0.4923427773436496
adult_control_1,0,-0.41174729741255234
adult_control_1,0,-1.0132774850287225
adult_control_1,0,-1.4817570723961953
adult_control_1,0,-1.4409000627082262
adult_control_1,0,-1.074984072800759
adult_control_1,0,-0.7355411852377437
adult_control_1,0,-0.35570506330543583
adult_control_1,0,-0.009977388419579646
adult_control_1,0,-0.694724274081782
adult_control_1,0,-0.10957489468173823
adult_control_1,0,-0.1956395338447158
adult_control_1,0,-1.0625149434364154
adult_control_1,0,-1.413711227407271
adult_control_1,0,-0.2810970947541128
adult_control_1,0,-0.5543935168695951
adult_control_1,0,-0.5683077616775275
adult_control_1,0,-0.22552758726647051
adult_control_1,0,0.009481342259940108
adult_control_1,0,0.29785384720064834
adult_control_1,0,-0.27522626301928843
adult_control_1,0,-1.095520797661821
adult_control_1,0,-1.1590750168641977
adult_control_1,0,-1.3646862387567418
adult_control_1,0,-1.790129042043457
adult_control_1,0,-1.3843769366515533
adult_control_1,0,-0.6584196031279735
adult_control_1,0,-0.722143526356032
adult_control_1,0,-1.2053240871579702
adult_control_1,0,-0.5779388046192694
adult_control_1,0,-1.125291590483597
adult_control_1,0,-0.3370037771199511
adult_control_1,0,-0.34523932854986483
adult_control_1,0,0.15039574451904478
adult_control_1,0,-0.3169239065661781
adult_control_1,0,-0.8029989275719597
adult_control_1,0,-0.5745558966052252
adult_control_1,0,-1.0715945144904215
adult_control_1,0,-0.6477103544709392
adult_control_1,0,-0.986009473149898
adult_control_1,0,-0.4371535250165487
adult_control_1,0,-0.8533051208618739
adult_control_1,0,-1.048864516925713
adult_control_1,0,-0.9712367113381187
adult_control_1,0,-1.689543314559707
adult_control_1,0,-1.2767649663597087
adult_control_1,0,-1.1548542579840073
adult_control_1,0,-1.4824143477164728
adult_control_1,0,-1.3924535476511113
adult_control_1,0,-1.51989920936854
adult_control_1,0,-1.2166285997501594
adult_control_1,0,-1.2589972175688375
adult_control_1,0,-1.6599443012186996
adult_control_1,0,-0.5734362356111807
adult_control_1,0,-0.0637944950829227
adult_control_1,0,-1.09738689773456
adult_control_1,0,-0.6938811625372149
adult_control_1,0,-0.4976096823395507
adult_control_1,0,-1.2681671463589517
adult_control_1,0,-1.374880824679848
adult_control_1,0,-1.2342944799946074
adult_control_1,0,-1.3351723186416509
adult_control_1,0,-0.8332034968627527
adult_control_1,0,-0.5556206905856816
adult_control_1,0,-1.3126862602199743
adult_control_1,0,-0.5214092575130239
adult_control_1,0,-0.9285001340105511
adult_control_1,0,-0.6543941515229051
adult_control_1,0,-1.068286909704626
adult_control_1,0,-0.39307280572974024
adult_control_1,0,-0.5951515914023394
adult_control_1,0,-0.7036680917383434
adult_control_1,0,-0.21974362490698499
adult_control_1,0,-0.5479658435354476
adult_control_1,0,-0.6072616901983404
adult_control_1,0,-0.679614744438119
adult_control_1,0,-0.6592190326606592
adult_control_1,0,-1.238401329059426
adult_control_1,0,-1.143941944891647
adult_control_1,0,-1.3851148217518912
adult_control_1,0,-1.1158321855471613
adult_control_1,0,-0.16445994128811617
adult_control_1,0,-0.5131980329866431
adult_control_1,0,-1.0423863996763392
adult_control_1,0,-0.5008328973305426
adult_control_1,0,-1.210561855587165
adult_control_1,0,-0.7772317707070603
adult_control_1,0,-0.16746551532552081
adult_control_1,0,-0.6464930253651991
adult_control_1,0,-1.0004761999888663
adult_control_1,0,-0.780031448552449
adult_control_1,0,-1.1049427678407389
adult_control_1,0,-1.5822726339892093
adult_control_1,0,-1.372137043679393
adult_control_1,0,-0.9887075088535936
adult_control_1,0,-1.1342204767025987
adult_control_1,0,-0.39351434833527577
adult_control_1,0,-0.6292070669447608
adult_control_1,0,-0.4372734316698387
adult_control_1,0,-0.7200110929664251
adult_control_1,0,-0.6501872695864818
adult_control_1,0,-0.8316724119067097
adult_control_1,0,-0.35410265102911154
adult_control_1,0,-0.19437239282597343
adult_control_1,0,-0.2601584230583759
adult_control_1,0,-0.08875797063623328
adult_control_1,0,-0.21797930603572394
adult_control_1,0,-0.2748583946481199
adult_control_1,0,-0.8351583359708962
adult_control_1,0,-1.1858431731521235
adult_control_1,0,-1.0845654817520938
adult_control_1,0,-0.9212521554231928
adult_control_1,0,-0.5832452437101753
adult_control_1,0,0.0041219657822605185
adult_control_1,0,-0.4306085499422897
adult_control_1,0,0.40288269439178903
adult_control_1,0,-0.33606875785678214
adult_control_1,0,-0.971716129643548
adult_control_1,0,-0.622557738553643
adult_control_1,0,-0.7840679493793589
adult_control_1,0,-0.6167088632861358
adult_control_1,0,-0.03195862061920742
adult_control_1,0,0.2246829687218513
adult_control_1,0,-0.28087933594381365
adult_control_1,0,-0.5038113239646748
adult_control_1,0,0.07661043109697471
adult_control_1,0,0.030959313913935117
adult_control_1,0,-1.1573437917230924
adult_control_1,0,-0.9795504165142418
adult_control_1,0,-1.001842217880958
adult_control_1,0,-0.43337625701794946
adult_control_1,0,-1.1025062596123902
adult_control_1,0,-1.4930385179165944
adult_control_1,0,-1.2856277588217966
adult_control_1,0,-1.3224300185254525
adult_control_1,0,-1.3878200531849014
adult_control_1,0,-1.7335169632514262
adult_control_1,0,-0.5942592255508105
adult_control_1,0,-0.28478164942612316
adult_control_1,0,-0.2011272301005448
adult_control_1,0,-0.5137191172630747
adult_control_1,0,-0.4097931790479493
adult_control_1,0,-0.801632213987613
adult_control_1,0,-1.0222842126046157
adult_control_1,0,-0.30402551174609405
adult_control_1,0,0.06878936295159796
adult_control_1,0,-1.1345398162524774
adult_control_1,0,0.02990349742299845
adult_control_2,0,-1.6245353982537591
adult_control_2,0,-2.2455295610898958
adult_control_2,0,-1.8178513829550902
adult_control_2,0,-1.3606076202524333
adult_control_2,0,-2.0150527121263844
adult_control_2,0,-1.771159942279402
adult_control_2,0,-1.7445529786003418
adult_control_2,0,-1.2745041186937018
adult_control_2,0,-1.3772001738894781
adult_control_2,0,-1.14907934797258
adult_control_2,0,-1.006665318962245
adult_control_2,0,-1.4321136851747505
adult_control_2,0,-1.333158105171366
adult_control_2,0,-2.120442415445017
adult_control_2,0,-1.3513942488013262
adult_control_2,0,-1.0291751448561897
adult_control_2,0,-1.496292250299915
adult_control_2,0,-1.0533886222594475
adult_control_2,0,-1.2987053557962205
adult_control_2,0,-1.7900276062855327
adult_control_2,0,-0.7533800704333479
adult_control_2,0,-1.362717384448918
adult_control_2,0,-1.542653981577991
adult_control_2,0,-1.4511325308944816
adult_control_2,0,-1.3009600321037569
adult_control_2,0,-1.2628675785902068
adult_control_2,0,-2.0621641240170105
adult_control_2,0,-1.9979264606593454
adult_control_2,0,-1.292297360958976
adult_control_2,0,-0.8296027685639497
adult_control_2,0,-1.321839468059503
adult_control_2,0,-1.5109201078137016
adult_control_2,0,-1.0430158106249077
adult_control_2,0,-0.4213865931026234
adult_control_2,0,0.0765927557017135
adult_control_2,0,-1.163049090271028
adult_control_2,0,-1.0198231261125859
adult_control_2,0,-0.8925836154516381
adult_control_2,0,-1.1588946229144503
adult_control_2,0,-0.9939832024264382
adult_control_2,0,-1.0799754392291896
adult_control_2,0,-1.0976648067240582
adult_control_2,0,-1.2447659333917498
adult_control_2,0,-0.3374868660832381
adult_control_2,0,-1.7081508792863351
adult_control_2,0,-1.053938469876897
adult_control_2,0,-1.4266776405857664
adult_control_2,0,-1.0955746936727628
adult_control_2,0,-1.4808733466195312
adult_control_2,0,-0.7164831091439864
adult_control_2,0,-0.20921079850446214
adult_control_2,0,-1.614699819446649
adult_control_2,0,-1.9655580236080326
adult_control_2,0,-0.5740553465308816
adult_control_2,0,-0.41699644825352056
adult_control_2,0,-1.49958120403728
adult_control_2,0,-2.093111656229108
adult_control_2,0,-1.3637648264580808
adult_control_2,0,-0.9865346454539073
adult_control_2,0,-1.4503066996496723
adult_control_2,0,-2.025754263997203
adult_control_2,0,-1.4638768180735804
adult_control_2,0,-0.7920651179893746
adult_control_2,0,-1.2970051922020316
adult_control_2,0,-0.7728073555360674
adult_control_2,0,-2.0066639881977837
adult_control_2,0,-1.6472857876248175
adult_control_2,0,-1.1861832947467486
adult_control_2,0,-1.1383313701064712
adult_control_2,0,-0.7567560211578271
adult_control_2,0,-0.945276840124828
adult_control_2,0,-0.9455407181980336
adult_control_2,0,-1.4429774601241188
adult_control_2,0,-1.6286431601354971
adult_control_2,0,-0.808169534963976
adult_control_2,0,-1.3908189951354202
adult_control_2,0,-1.3494331254476104
adult_control_2,0,-1.5516656543110803
adult_control_2,0,-1.744607086950095
adult_control_2,0,-1.7082562755291923
adult_control_2,0,-1.3029042722548416
adult_control_2,0,-1.2407280328584065
adult_control_2,0,-1.405705228779564
adult_control_2,0,-0.8418459487292139
adult_control_2,0,-0.6041851131692896
adult_control_2,0,-1.2945066168291013
adult_control_2,0,-1.3056032673229527
adult_control_2,0,-1.579995065120114
adult_control_2,0,-1.319436296603901
adult_control_2,0,-1.155640627994237
adult_control_2,0,-1.2728561049585618
adult_control_2,0,-1.5340316755633174
adult_control_2,0,-0.8259905030032074
adult_control_2,0,-0.18348423816100815
adult_control_2,0,-0.41004774791641585
adult_control_2,0,-1.6080074395205655
adult_control_2,0,-1.169230306718001
adult_control_2,0,-1.5961132309475765
adult_control_2,0,-1.9428059256937003
adult_control_2,0,-0.36485346535458374
adult_control_2,0,-1.6415840603479865
adult_control_2,0,-1.5975465518454364
adult_control_2,0,-1.4671326959343434
adult_control_2,0,-0.9988187813217103
adult_control_2,0,-1.589396153441157
adult_control_2,0,-1.118150429724058
adult_control_2,0,-0.6591694100184652
adult_control_2,0,-0.4145968268442245
adult_control_2,0,-1.5094433898270938
adult_control_2,0,-1.1164068108339906
adult_control_2,0,-1.6125736964203652
adult_control_2,0,-1.7148946850660716
adult_control_2,0,-1.5621480484281962
adult_control_2,0,-1.752184808134687
adult_control_2,0,-0.9930518734008861
adult_control_2,0,-0.39188280103342243
adult_control_2,0,-0.24535493336485362
adult_control_2,0,-1.1323023281155504
adult_control_2,0,-1.003185291265074
adult_control_2,0,-1.5876520886741505
adult_control_2,0,-0.9713306134560263
adult_control_2,0,-0.5504368016800879
adult_control_2,0,-0.5013940033632197
adult_control_2,0,-1.058733270402211
adult_control_2,0,-1.1845483123072178
adult_control_2,0,-1.030580270229804
adult_control_2,0,-0.9126658347889699
adult_control_2,0,-1.3888961972213725
adult_control_2,0,-1.2294378045242058
adult_control_2,0,-1.3445841454490997
adult_control_2,0,-1.8712653730162074
adult_control_2,0,-1.0558225373202985
adult_control_2,0,-1.040278470888441
adult_control_2,0,-1.1705012604255756
adult_control_2,0,-1.0737982325485915
adult_control_2,0,-0.6321493921818638
adult_control_2,0,-1.3215582175346157
adult_control_2,0,-1.413672462459854
adult_control_2,0,-1.524011276818701
adult_control_2,0,-2.3861631579499756
adult_control_2,0,-1.7597759029254245
adult_control_2,0,-1.2363307893640845
adult_control_2,0,-0.8525178996493178
adult_control_2,0,-1.8071950915844885
adult_control_2,0,-1.4257705176347168
adult_control_2,0,-1.5722528818710768
adult_control_2,0,-1.3211158625206156
adult_control_2,0,-1.7619677248570609
adult_control_2,0,-2.0724773727560577
adult_control_2,0,-1.4574914449164122
adult_control_2,0,-0.8335993825673763
adult_control_2,0,-0.7412532121664815
adult_control_2,0,-0.6861476354513142
adult_control_2,0,-1.1220736857047777
adult_control_2,0,-0.6796049722938052
adult_control_2,0,-1.2547953530925344
adult_control_2,0,-1.557740707371038
adult_control_2,0,-1.1168854057773072
adult_control_2,0,-0.806855671836716
adult_control_2,0,0.2996070707087021
adult_control_2,0,-1.4445813986632192
adult_control_2,0,-1.7771901210881529
adult_control_2,0,-1.305917985458069
adult_control_2,0,-1.6200756240618155
adult_control_2,0,-0.7129831792781339
adult_control_2,0,-0.14906777918657702
adult_control_2,0,-1.2846602282060973
adult_control_2,0,-1.2460501672909414
adult_control_2,0,-1.1990058580991647
adult_control_2,0,-1.2101047779929321
adult_control_2,0,-1.7017562622280948
adult_control_2,0,-1.8616301894548384
adult_control_2,0,-1.0456844309626852
adult_control_2,0,-0.7255343065821344
adult_control_2,0,-1.0068184555761217
adult_control_2,0,-0.6043232314588963
adult_control_2,0,-0.7334493133456496
adult_control_2,0,-0.8345540515365614
adult_control_2,0,-0.2098223681643722
adult_control_2,0,-0.837778317003503
adult_control_2,0,-0.6805861346180001
adult_control_2,0,-1.1912637335492984
adult_control_2,0,-1.189136040905265
adult_control_2,0,-1.2303800908470413
adult_control_2,0,-1.0438425142580297
adult_control_2,0,-1.2114170785635348
adult_control_2,0,-1.2463905128643504
adult_control_2,0,-1.2570859536694137
adult_control_2,0,-1.8160982701740842
adult_control_2,0,-1.0074302160624855
adult_control_2,0,-1.680918350160701
adult_control_2,0,-2.161531516932287
adult_control_2,0,-1.766847227437939
adult_control_2,0,-0.5686300719637981
adult_control_2,0,-1.1929676501722377
adult_control_2,0,-2.176121459257656
adult_control_2,0,-1.6592544458831862
adult_control_2,0,-1.2293776518217858
adult_control_2,0,-0.6471991596742538
adult_control_2,0,-0.01983940807198028
adult_control_2,0,-0.6965621282623474
adult_control_2,0,-2.041919365139072
adult_control_2,0,-1.1491445196698806
adult_control_2,0,-0.5285093631129184
adult_control_2,0,-0.6935701214427769
adult_control_2,0,-0.7100703286660867
adult_control_2,0,-1.238269186295351
adult_control_2,0,-0.19483893891267715
adult_control_2,0,-0.3569307602225854
adult_control_2,0,-0.010657971427305755
adult_control_2,0,-0.9278905069471709
adult_control_2,0,-1.0289922807135112
adult_control_2,0,-1.177785181003331
adult_control_2,0,-1.2739538543718667
adult_control_2,0,-0.8015656378761639
adult_control_2,0,-0.885965130516181
adult_control_2,0,-0.8228161018565182
adult_control_2,0,-0.5242207472380062
adult_control_2,0,-1.494324913765396
adult_control_2,0,-0.7752410637268702
adult_control_2,0,-1.659284049164853
adult_control_2,0,-0.820291610170158
adult_control_2,0,-0.38622705555080106
adult_control_2,0,-0.5069078654275713
adult_control_2,0,-1.0965056841221572
adult_control_2,0,-1.296463300612999
adult_control_2,0,-1.0414990379425162
adult_control_2,0,-0.9142726166515688
adult_control_2,0,-0.4443145267938763
adult_control_2,0,-0.6037018339408949
adult_control_2,0,-0.2873547390694119
adult_control_2,0,-1.3482514409227373
adult_control_2,0,-1.5284091085825247
adult_control_2,0,-1.2908190781572482
adult_control_2,0,-1.0684080521260189
adult_control_2,0,-1.3600270987832812
adult_control_2,0,-0.5623801779030394
adult_control_2,0,-1.028468833094753
adult_control_2,0,-0.8365355673564271
adult_control_2,0,-1.1627345841973176
adult_control_2,0,-1.1666256577448708
adult_control_2,0,-1.3376095434850592
adult_control_2,0,-1.8679806230847702
adult_control_2,0,-1.8529583472635915
adult_control_2,0,-1.7915707444610853
adult_control_2,0,-1.2450115504662596
adult_control_2,0,-0.9885146210058439
adult_control_2,0,-1.0017552739967441
adult_control_2,0,-1.4677985036623609
adult_control_2,0,-1.7488221972314109
adult_control_2,0,-1.8169286501232413
adult_control_2,0,-1.2620155607744028
adult_control_2,0,-1.083550031143579
adult_control_2,0,-0.7720130056742612
adult_control_2,0,-0.2795758081525531
adult_control_2,0,-0.9428342712605463
adult_control_2,0,-0.08719683021197691
adult_control_2,0,0.008799070277106226
adult_control_2,0,-0.42634500651972596
adult_control_2,0,-0.013393909805050085
adult_control_2,0,0.03289004297923324
adult_control_2,0,-1.283790791550143
adult_control_2,0,-1.3503266115190615
adult_control_2,0,-2.2837326910656364
adult_control_2,0,-1.3963954406487677
adult_control_2,0,-0.9571378858782865
adult_control_2,0,-0.7957850485098649
adult_control_2,0,-1.4561513667989696
adult_control_2,0,-1.7599687955619112
adult_control_2,0,-1.5828530667870448
adult_control_2,0,-0.5785475206880347
adult_control_2,0,-0.6048595203259354
adult_control_2,0,-0.8526023388844707
adult_control_2,0,-1.4055884191163086
adult_control_2,0,-1.2212521990147245
adult_control_2,0,-1.3927345880245707
adult_control_2,0,-2.160807163227823
adult_control_2,0,-1.2764280342871923
adult_control_2,0,-1.0361509832274955
adult_control_2,0,-1.9240948865246712
adult_control_2,0,-1.3396931118750581
adult_control_2,0,-0.8915726883570064
adult_control_2,0,-1.699681349128885
adult_control_2,0,-1.3465156737985646
adult_control_2,0,-0.3098938448262957
adult_control_2,0,-0.578994196849897
adult_control_2,0,-1.2666474422753864
adult_control_2,0,-0.30107538162890035
adult_control_2,0,-0.6608617607423887
adult_control_2,0,-0.9072113217079293
adult_control_2,0,-0.7566062719765186
adult_control_2,0,-2.384533503408858
adult_control_2,0,-2.069290400771372
adult_control_2,0,-0.05015842932376104
adult_control_2,0,-0.16569040628549106
adult_control_2,0,-0.5916884210412262
adult_control_2,0,-1.005714139317953
adult_control_2,0,-1.4476380647383387
adult_control_2,0,-1.4387727451368422
adult_control_2,0,-0.3818570254499808
adult_control_2,0,-0.8010434132723429
adult_control_2,0,-0.13407926686896712
adult_control_2,0,-1.4271844457737215
adult_control_2,0,-1.365666714067967
adult_control_2,0,0.12693155270414289
adult_control_2,0,0.14068384132150955
adult_control_2,0,-0.323831214508706
adult_control_2,0,-0.9380416068256249
adult_control_2,0,-0.6604144929090093
adult_control_2,0,-0.38802863231408835
adult_control_2,0,-0.6072526292786272
adult_control_2,0,-1.4213167601806371
adult_control_2,0,-1.2725481557726872
adult_control_2,0,-0.9763435065469891
adult_control_2,0,-0.8320697105121558
adult_control_2,0,-0.7679562733405606
adult_control_2,0,-1.5916537638926727
adult_control_2,0,-1.462951722784048
adult_control_2,0,-0.2547322594280982
adult_control_2,0,-1.5393984416270383
adult_control_2,0,-1.8039098715457165
adult_control_2,0,-1.6848051599730143
adult_control_2,0,-1.3156775596638646
adult_control_2,0,-1.0873242409683046
adult_control_2,0,-1.2646791480975308
adult_control_2,0,-0.6554313967788844
adult_control_2,0,-1.2984015645896814
adult_control_2,0,-0.980415975607292
adult_control_2,0,-0.7880463977951261
adult_control_2,0,-0.4272691140527972
adult_control_2,0,-0.3476707920392855
adult_control_2,0,-0.7271551597603477
adult_control_2,0,-1.7907783254456504
adult_control_2,0,-1.0426806703198777
adult_control_2,0,-0.47569110642469725
adult_control_2,0,-0.8335306120554228
adult_control_2,0,-0.43772003983687513
adult_control_2,0,-0.55534530499275
adult_control_2,0,-0.7756011576979239
adult_control_2,0,-1.2917975225509686
adult_control_2,0,-1.3708903574870752
adult_control_2,0,-0.8926502534593846
adult_control_2,0,-0.6404154151592664
adult_control_2,0,-0.6719723151239502
adult_control_2,0,-1.368824291370092
adult_control_2,0,-1.447032826952603
adult_control_2,0,-0.6061180527703235
adult_control_2,0,-0.8903449234587723
adult_control_2,0,-0.9119330506288458
adult_control_2,0,-1.3103646782190848
adult_control_2,0,-1.536774717655125
adult_control_2,0,-1.632028223188008
adult_control_2,0,-1.0492486419609697
adult_control_2,0,-1.1368976836723208
adult_control_2,0,-0.9883905350300023
adult_control_2,0,-1.3775771008077884
adult_control_2,0,-1.2563837503755426
adult_control_2,0,-1.9587999166987942
adult_control_2,0,-1.3617569434987566
adult_control_2,0,-1.1115451925912039
adult_control_2,0,-0.8648993547326483
adult_control_2,0,-1.076764861535756
adult_control_2,0,-1.4341970440847076
adult_control_2,0,-1.6223198128567553
adult_control_2,0,-1.6615755624966813
adult_control_2,0,-1.8210698323602212
adult_control_2,0,-1.6121333413691672
adult_control_2,0,-0.8043069586588224
adult_control_2,0,-1.2291480750380956
adult_control_2,0,-2.058823905438767
adult_control_2,0,-2.1147102406186753
adult_control_2,0,-0.5562980800417264
adult_control_2,0,0.03127422224524965
adult_control_2,0,-0.3833172584653627
adult_control_2,0,-0.5533109844960061
adult_control_2,0,-1.1151956754462762
adult_control_2,0,-0.8996809349073817
adult_control_2,0,-0.48407215888006616
adult_control_2,0,-0.5321572703751335
adult_control_2,0,-1.1168562271984999
adult_control_2,0,-0.6678352853743491
adult_control_2,0,-0.6674158764439232
adult_control_2,0,-0.04251291695648964
adult_control_2,0,-0.9303143790950433
adult_control_2,0,-1.6867877379450382
adult_control_2,0,-0.6198837868720849
adult_control_2,0,-1.0592927039347897
adult_control_2,0,-1.2150823686404415
adult_control_2,0,-1.0283534498330846
adult_control_2,0,-0.5261799951937708
adult_control_2,0,-1.241608684364842
adult_control_2,0,-0.42641282223390087
adult_control_2,0,-0.873667868084134
adult_control_2,0,-1.57563806343064
adult_control_2,0,-1.7514869851708945
adult_control_2,0,-1.206594895654702
adult_control_2,0,-0.5569803188542307
adult_control_2,0,-1.032230763009089
adult_control_2,0,-0.5871753623359365
adult_control_2,0,0.3682841992276221
adult_control_2,0,-0.38834881054803005
adult_control_2,0,-0.9639846247140035
adult_control_2,0,-0.7323876032770328
adult_control_2,0,-0.2245242831386113
adult_control_2,0,0.17415865166511865
adult_control_2,0,-0.20397458975134777
adult_control_2,0,-0.7874045372944981
adult_control_2,0,-1.0140167477276503
adult_control_2,0,-1.064057060852147
adult_control_2,0,0.11680231784381875
adult_control_2,0,-0.7445692039605681
adult_control_2,0,-0.7401973441568649
adult_control_2,0,-0.984275317983278
adult_control_2,0,-1.127579458898187
adult_control_2,0,-2.0028771677182644
adult_control_2,0,-1.7996429527076216
adult_control_2,0,-1.5391326375274308
adult_control_2,0,-1.2761906877495872
adult_control_2,0,-1.1697412201208204
adult_control_2,0,-1.4151044942670277
adult_control_2,0,-1.2297051688576945
adult_control_2,0,-1.7327786867460637
adult_control_2,0,-1.6019509305760966
adult_control_2,0,-0.3275859097812409
adult_control_2,0,-0.547410921047692
adult_control_2,0,-1.2352672900960036
adult_control_2,0,-0.8154174627890959
adult_control_2,0,-1.5875873617810736
adult_control_2,0,-1.5661879855134924
adult_control_2,0,-2.199185444507636
adult_control_2,0,-1.2977598023468602
adult_control_2,0,-0.82302159080456
adult_control_2,0,-1.949223364876186
adult_control_2,0,-1.5223540684597192
adult_control_2,0,-1.811470625969707
adult_control_2,0,-1.1632983891612367
adult_control_2,0,-0.39411685480235803
adult_control_2,0,-0.6529883379001235
adult_control_2,0,-1.1276365693547445
adult_control_2,0,-1.6189810953257906
adult_control_2,0,-1.4562864794341972
adult_control_2,0,-0.5142377429171278
adult_control_2,0,-0.38088717707787445
adult_control_2,0,-1.0627157477432072
adult_control_2,0,-1.3859479917053412
adult_control_2,0,-1.611124844531604
adult_control_2,0,-1.54191342010094
adult_control_2,0,-1.6016046085018072
adult_control_2,0,-1.4522252511809608
adult_control_2,0,-1.5609531121932365
adult_control_2,0,-0.8325930966170912
adult_control_2,0,-0.5861099701269391
adult_control_2,0,-0.7266935734046659
adult_control_2,0,-1.0119538937758161
adult_control_2,0,-0.6691273531397489
adult_control_2,0,0.01268892568815181
adult_control_2,0,-1.1821383978052218
adult_control_2,0,-1.6509358176163076
adult_control_2,0,-1.387177481225192
adult_control_2,0,-1.5675338663090899
adult_control_2,0,-1.8058671088345073
adult_control_2,0,-0.8909815552324426
adult_control_2,0,-0.6407902511898963
adult_control_2,0,-0.4738760511610359
adult_control_2,0,-0.9699896699790419
adult_control_2,0,-1.4226716773975392
adult_control_2,0,0.14013120077603522
adult_control_2,0,-0.9451122687831014
adult_control_2,0,-0.6883091947877172
adult_control_2,0,-0.819968793586498
adult_control_2,0,-1.348930222047405
adult_control_2,0,-1.064929899758393
adult_control_2,0,-0.9049631574827667
adult_control_2,0,-0.5918937660042921
adult_control_2,0,-0.7109815372576328
adult_control_2,0,-0.45798255697833257
adult_control_2,0,-1.5923852690007942
adult_control_2,0,-0.3952457624082698
adult_control_2,0,0.24907896619472245
adult_control_2,0,0.2538658409999127
adult_control_2,0,-0.764150267170466
adult_control_2,0,-0.6225041930604028
adult_control_2,0,-0.8154457214665943
adult_control_2,0,-0.8202935061172923
adult_control_2,0,-1.2558354798172027
adult_control_2,0,-1.1508847075036894
adult_control_2,0,-0.6171738244663602
adult_control_2,0,-0.816591329260142
adult_control_2,0,0.13858030776378535
adult_control_2,0,-0.03089067779939727
adult_control_2,0,0.2071020308844905
adult_control_2,0,0.5499472752818245
adult_control_2,0,-0.46833798084977596
adult_control_2,0,-0.04118861839458345
adult_control_2,0,0.5512233253180004
adult_control_2,0,0.19772626822889458
adult_control_2,0,-0.011627737742521037
adult_control_2,0,-0.1639946491847141
adult_control_2,0,-1.324025614702446
adult_control_2,0,-1.531214875117544
adult_control_2,0,-1.0320803496628645
adult_control_2,0,-0.4196197063855224
adult_control_2,0,-0.7014747108019418
adult_control_2,0,-1.0225755586824232
adult_control_2,0,-0.6363332960673066
adult_control_2,0,0.049848450050157124
adult_control_2,0,0.09610014132712327
adult_control_2,0,-1.1858745591274005
adult_control_2,0,-0.8908065425935255
adult_control_2,0,-0.568981113752597
adult_control_2,0,-0.7721492157115079
adult_control_2,0,-0.963742478994582
adult_control_2,0,-0.8958904873049541
adult_control_2,0,-0.7527080070607587
adult_control_2,0,0.4896178431634636
adult_control_2,0,0.6985680778599691
adult_control_2,0,-0.5436319823980987
adult_control_2,0,-0.2756904899362861
adult_control_2,0,-0.5005636245162534
adult_control_2,0,-0.1343860226584991
adult_control_2,0,-0.7438040625421668
adult_control_2,0,-1.1744236781619675
adult_control_2,0,-0.8303407315258199
adult_control_2,0,-0.8137206975164214
adult_control_2,0,-1.1908245416331589
adult_control_2,0,-0.16941962561044557
adult_control_2,0,-0.3070269261651023
adult_control_2,0,-0.6106249484590233
adult_control_2,0,-0.2912145029229992
adult_control_2,0,0.07106159598607861
adult_control_2,0,-0.01794644193053587
adult_control_2,0,-0.685240878407657
adult_control_2,0,-1.3020345200041419
adult_control_2,0,-0.8375086527859928
adult_control_2,0,-0.869007278488028
adult_control_2,0,-0.18563015987090106
adult_control_2,0,-0.5846809144552848
adult_control_2,0,-0.6969779332972664
adult_control_2,0,-0.12340839090845349
adult_control_2,0,-1.1741172562374618
adult_control_2,0,-1.1728771114442855
adult_control_2,0,-1.0860418424923712
adult_control_2,0,-0.5714489014918381
adult_control_2,0,-1.4463114980328204
adult_control_2,0,-1.0610621467245474
adult_control_2,0,-1.1487797527589736
adult_control_2,0,-1.816097988024704
adult_control_2,0,-1.7353381306450597
adult_control_2,0,-1.4120191417428272
adult_control_2,0,-0.2702704822083052
adult_control_2,0,-0.2713351336641353
adult_control_2,0,-0.161446754427807
adult_control_2,0,0.42867377149372843
adult_control_2,0,-0.5252199946928954
adult_control_2,0,-1.0157284940560714
adult_control_2,0,-0.2237998196062291
adult_control_2,0,-1.1865167679750868
adult_control_2,0,-0.22802749404908154
adult_control_2,0,-0.6437688175253776
adult_control_2,0,-1.2160068286341112
adult_control_2,0,-0.5419522994138392
adult_control_2,0,-1.9528816768008141
adult_control_2,0,-0.9084681697225417
adult_control_2,0,-1.1571888187537747
adult_control_2,0,-1.0548204060084077
adult_control_2,0,0.05704556244799717
adult_control_2,0,-0.13122134555470213
adult_control_2,0,0.1386561728330956
adult_control_2,0,-0.11885406357995523
adult_control_2,0,-0.6119678431396117
adult_control_2,0,-0.330962305887854
adult_control_2,0,-0.01743365344367378
adult_control_2,0,-0.13501259147681735
adult_control_2,0,-0.8787701837154404
adult_control_2,0,-1.3875038604077585
adult_control_2,0,-1.278098059264745
adult_control_2,0,-0.9641510693274585
adult_control_2,0,0.3180138423716966
adult_control_2,0,-1.041061240020218
adult_control_2,0,-1.2668661964892878
adult_control_2,0,-0.9172100213735045
adult_control_2,0,-1.1422663279700558
adult_control_2,0,-0.14283428011969238
adult_control_2,0,-0.34176152013491634
adult_control_2,0,-0.7118357579266904
adult_control_2,0,-1.3119882821065971
adult_control_2,0,-0.42117514362829345
adult_control_2,0,-1.1649718288696937
adult_control_2,0,-2.068947278811949
adult_control_2,0,-1.1866551720688787
adult_control_2,0,-0.8053409565759736
adult_control_2,0,-1.8547406649686753
adult_control_2,0,-1.9569714898072381
adult_control_2,0,-1.2189215553199775
adult_control_2,0,-0.5681799941109115
adult_control_2,0,-1.0385121249677618
adult_control_2,0,-1.3223573250761715
adult_control_2,0,-1.1020345442777226
adult_control_2,0,-1.0754146028130815
adult_control_2,0,-1.283177711426298
adult_control_2,0,-1.4419859802929955
adult_control_2,0,-1.8513571735558783
adult_control_2,0,-0.9208933936561933
adult_control_2,0,-1.3752828481046229
adult_control_2,0,-1.1487347086015594
adult_control_2,0,-1.508653052441442
adult_control_2,0,-0.9123683474718013
adult_control_2,0,-1.3444543386607273
adult_control_2,0,-1.292457296067461
adult_control_2,0,-1.8830905229731445
adult_control_2,0,-1.725901829442193
adult_control_2,0,-1.9001872338593384
adult_control_2,0,-2.0668892652102
adult_control_2,0,-1.222937349988646
adult_control_2,0,-1.7489790296085097
adult_control_2,0,-1.6364767467719261
adult_control_2,0,-0.991217564511439
adult_control_2,0,-1.0438448434931882
adult_control_2,0,-0.47249376200192017
adult_control_2,0,-0.3504547659151592
adult_control_3,0,-0.34197718853225945
adult_control_3,0,-0.8146806747038008
adult_control_3,0,-1.0604038454266118
adult_control_3,0,-0.8221786464457476
adult_control_3,0,-1.0318456037376738
adult_control_3,0,-0.8692392466295019
adult_control_3,0,-0.9023421402905901
adult_control_3,0,-1.307364245344166
adult_control_3,0,-1.7699122377357257
adult_control_3,0,-1.313316536362282
adult_control_3,0,-0.5268395711553525
adult_control_3,0,-0.8378880625831776
adult_control_3,0,-0.5372981803052722
adult_control_3,0,-0.9003607637200414
adult_control_3,0,-1.2356126253425535
adult_control_3,0,-0.5135297846594863
adult_control_3,0,-0.5994664608386414
adult_control_3,0,-0.8888955218719111
adult_control_3,0,-0.7377535028600198
adult_control_3,0,-0.4764878323708962
adult_control_3,0,-0.6478990220806516
adult_control_3,0,-1.345026649575681
adult_control_3,0,-1.063413197324686
adult_control_3,0,-1.4777899361074125
adult_control_3,0,-1.2829059766890607
adult_control_3,0,-0.6404138208858562
adult_control_3,0,-0.6594854972561647
adult_control_3,0,-0.8994580119669665
adult_control_3,0,-0.42034283281692975
adult_control_3,0,-0.6797141268869508
adult_control_3,0,-0.7235341258552687
adult_control_3,0,-1.164373017341763
adult_control_3,0,-0.7725989547714093
adult_control_3,0,-0.3297101248408446
adult_control_3,0,-0.6460131540292181
adult_control_3,0,-1.1790319453353644
adult_control_3,0,-0.6744425240952968
adult_control_3,0,-0.6397716010261768
adult_control_3,0,-0.7386432901018644
adult_control_3,0,-1.4702791424960162
adult_control_3,0,-1.0009544544802753
adult_control_3,0,-0.39199449698070044
adult_control_3,0,-0.14678705889865543
adult_control_3,0,-0.5743427500619868
adult_control_3,0,-0.5780250943375925
adult_control_3,0,-0.7379335965156127
adult_control_3,0,-0.8903495882170173
adult_control_3,0,-0.6150467473219327
adult_control_3,0,-0.47415267938461125
adult_control_3,0,-0.5052393896509003
adult_control_3,0,-0.8743095925386742
adult_control_3,0,-0.6807661501612924
adult_control_3,0,-0.5853640183461678
adult_control_3,0,-1.1440321052423794
adult_control_3,0,-0.9182862305774452
adult_control_3,0,-1.3002125981742911
adult_control_3,0,-1.2087867361412985
adult_control_3,0,-0.6516866782412477
adult_control_3,0,-0.5952490863535832
adult_control_3,0,-1.2012223861373998
adult_control_3,0,0.05192980508125009
adult_control_3,0,-0.41872481112012794
adult_control_3,0,-0.7412337126197256
adult_control_3,0,-0.3861878587992259
adult_control_3,0,-1.4365455495676103
adult_control_3,0,-0.7431801985163354
adult_control_3,0,-0.7575885943938115
adult_control_3,0,-0.9492787460594337
adult_control_3,0,-1.3195761910188986
adult_control_3,0,-1.5918498407870523
adult_control_3,0,-0.9776882178678189
adult_control_3,0,-0.5610148813004118
adult_control_3,0,-0.7034447427883154
adult_control_3,0,-1.1837660277124957
adult_control_3,0,-0.6787527706967119
adult_control_3,0,-0.6216741869774073
adult_control_3,0,-0.7577639166021916
adult_control_3,0,-2.1576285501242585
adult_control_3,0,-0.7647970971923769
adult_control_3,0,-0.5028494851993347
adult_control_3,0,-0.5885598161328772
adult_control_3,0,-1.3695919665657232
adult_control_3,0,-1.4683885961878032
adult_control_3,0,-0.8330157699289872
adult_control_3,0,-0.34586514427503035
adult_control_3,0,-1.1001476292904675
adult_control_3,0,-0.937231779622865
adult_control_3,0,-0.1470781585320128
adult_control_3,0,-1.1676542617906982
adult_control_3,0,-1.306155959320519
adult_control_3,0,-1.2761672679111173
adult_control_3,0,-1.2014191400270127
adult_control_3,0,-0.7647543592184579
adult_control_3,0,-0.43947443638657624
adult_control_3,0,-0.5943709702362691
adult_control_3,0,-0.8558349992611584
adult_control_3,0,-0.9226281212184436
adult_control_3,0,-1.1577144068052911
adult_control_3,0,-1.0627541730637589
adult_control_3,0,-0.8398846404914967
adult_control_3,0,-0.5499920930171788
adult_control_3,0,-1.290535276852741
adult_control_3,0,-1.3114164256620255
adult_control_3,0,-0.5584719844810561
adult_control_3,0,-0.8124422485029873
adult_control_3,0,-1.0399101192998583
adult_control_3,0,-0.7282191446235088
adult_control_3,0,-0.9034499684201668
adult_control_3,0,-0.9880633921019472
adult_control_3,0,-0.3717506949192976
adult_control_3,0,-0.37858291011403533
adult_control_3,0,-0.8543472567331122
adult_control_3,0,-0.6879161519969491
adult_control_3,0,-0.7403883366645071
adult_control_3,0,-1.1851700098253022
adult_control_3,0,-0.39697103961999225
adult_control_3,0,-0.5706432013496684
adult_control_3,0,-0.8137089904955256
adult_control_3,0,-0.7473312304035397
adult_control_3,0,-0.9271885511122665
adult_control_3,0,-1.5495630833044194
adult_control_3,0,-0.502960706639611
adult_control_3,0,-0.39875552282792304
adult_control_3,0,-0.5956927286489927
adult_control_3,0,-0.5142394743552198
adult_control_3,0,-1.3735567508757698
adult_control_3,0,-1.5125711865331373
adult_control_3,0,-1.7455386427738933
adult_control_3,0,-1.2349210989143118
adult_control_3,0,-1.211940801440973
adult_control_3,0,-0.6344321783411714
adult_control_3,0,-1.2748092426315303
adult_control_3,0,-1.4488635802818046
adult_control_3,0,-0.7106132240651649
adult_control_3,0,-0.6777683297186118
adult_control_3,0,-1.145413794540286
adult_control_3,0,-0.8771618418731854
adult_control_3,0,-1.3412673963441812
adult_control_3,0,-1.0589998656582535
adult_control_3,0,-0.7968482088620087
adult_control_3,0,-0.8455463461145175
adult_control_3,0,-0.9932208430779402
adult_control_3,0,-0.9126168573141297
adult_control_3,0,-0.8159146265531246
adult_control_3,0,-0.6869426425732849
adult_control_3,0,-1.0148242517067012
adult_control_3,0,-0.8640015519112335
adult_control_3,0,-0.8347314930477302
adult_control_3,0,-0.5959300162448095
adult_control_3,0,-0.7844322452989115
adult_control_3,0,-0.7512726662871886
adult_control_3,0,-0.9244337306465943
adult_control_3,0,-0.47705338627033045
adult_control_3,0,-0.8935144217069778
adult_control_3,0,-0.8940419774248748
adult_control_3,0,-1.5404146098080458
adult_control_3,0,-1.4284677961043664
adult_control_3,0,-1.2216804202834441
adult_control_3,0,-0.6043508599882309
adult_control_3,0,-0.8480046553854635
adult_control_3,0,-1.4100001979578671
adult_control_3,0,-1.5150678060004128
adult_control_3,0,-0.818887521618532
adult_control_3,0,-1.2199371837258126
adult_control_3,0,-0.7818185395931198
adult_control_3,0,0.07806593946933624
adult_control_3,0,-0.9131919394868658
adult_control_3,0,-1.1034018280991749
adult_control_3,0,-0.6214678685398084
adult_control_3,0,-0.5350050912166452
adult_control_3,0,-0.8398945591900743
adult_control_3,0,-1.2964095941752234
adult_control_3,0,-1.0194290681897127
adult_control_3,0,-1.6031189104100285
adult_control_3,0,-1.5374529720829986
adult_control_3,0,-1.4461862319916277
adult_control_3,0,-1.0204948190346252
adult_control_3,0,-0.9979594431008424
adult_control_3,0,-1.1559548667097834
adult_control_3,0,-1.4401339985138928
adult_control_3,0,-1.1365761830638204
adult_control_3,0,-0.798145958025393
adult_control_3,0,-0.5956906821472091
adult_control_3,0,-0.18940175489804636
adult_control_3,0,-0.8730864474052903
adult_control_3,0,-1.547596062081635
adult_control_3,0,-0.9800323273268287
adult_control_3,0,-0.6464035545350421
adult_control_3,0,-1.1711081648719919
adult_control_3,0,-0.7351441835641456
adult_control_3,0,-1.0674851892970327
adult_control_3,0,-0.4268228894599372
adult_control_3,0,-0.7790026098325508
adult_control_3,0,-0.51558865777571
adult_control_3,0,-1.4155118365136858
adult_control_3,0,-1.9260349508548589
adult_control_3,0,-1.2359524525548462
adult_control_3,0,-0.42783692982078125
adult_control_3,0,-0.9841263234085215
adult_control_3,0,-0.9843802144097203
adult_control_3,0,-0.794547400996734
adult_control_3,0,-1.1449292800825361
adult_control_3,0,-0.8464583634474167
adult_control_3,0,-1.3092914756457483
adult_control_3,0,-1.0224110609955837
adult_control_3,0,-1.2495393174868537
adult_control_3,0,-0.7265697361579363
adult_control_3,0,-0.32620213068198145
adult_control_3,0,-1.0203371461222002
adult_control_3,0,-1.2282733770540815
adult_control_3,0,-1.5595454899723884
adult_control_3,0,-1.3368743054253045
adult_control_3,0,-0.5881058359528589
adult_control_3,0,-0.6354277425836065
adult_control_3,0,-1.25417956053523
adult_control_3,0,-1.3063015417843151
adult_control_3,0,-0.4955567860572726
adult_control_3,0,-0.43566795125546676
adult_control_3,0,-0.31024732365301444
adult_control_3,0,0.2056166543966201
adult_control_3,0,-0.3328224703831587
adult_control_3,0,-0.05904861277890019
adult_control_3,0,-1.3343183541123391
adult_control_3,0,-1.3463644848205152
adult_control_3,0,-0.6306894267654196
adult_control_3,0,-0.46840697264457176
adult_control_3,0,-0.46871233208505625
adult_control_3,0,-1.0759681280252003
adult_control_3,0,-1.1155754821082868
adult_control_3,0,-0.2741350331053928
adult_control_3,0,-0.5427701201940985
adult_control_3,0,-0.1767904177967962
adult_control_3,0,0.29224527137943046
adult_control_3,0,-1.0940312121151718
adult_control_3,0,-1.1832992087180432
adult_control_3,0,-0.8522415264715185
adult_control_3,0,-0.8419790108492936
adult_control_3,0,-0.4276640615652306
adult_control_3,0,-0.6417278566539023
adult_control_3,0,-0.8424701805065896
adult_control_3,0,-0.32700522746109184
adult_control_3,0,-0.5200208209756115
adult_control_3,0,-0.554771882635471
adult_control_3,0,-1.4116913424798696
adult_control_3,0,-1.44930101255693
adult_control_3,0,-0.7548827003489434
adult_control_3,0,-1.0237336836461073
adult_control_3,0,-0.5752211548559426
adult_control_3,0,-0.5601676402577848
adult_control_3,0,-0.6589135589495302
adult_control_3,0,-0.729524772136333
adult_control_3,0,-0.7946414613490987
adult_control_3,0,-0.2172383217395594
adult_control_3,0,-0.8669071942882524
adult_control_3,0,-0.8458523923918916
adult_control_3,0,-1.2508697238233828
adult_control_3,0,-1.682375284246139
adult_control_3,0,-0.7646183087215136
adult_control_3,0,-0.5760282723342044
adult_control_3,0,-0.80867202148442
adult_control_3,0,-0.41229131807943886
adult_control_3,0,-0.4862277199674584
adult_control_3,0,-0.7884342479999974
adult_control_3,0,-1.0168816269571237
adult_control_3,0,-0.9098593797465088
adult_control_3,0,-1.0827730742599537
adult_control_3,0,-0.9154290930880394
adult_control_3,0,-0.7171509295331185
adult_control_3,0,-0.5804225441137304
adult_control_3,0,-1.2865340529631704
adult_control_3,0,-0.9885400215366448
adult_control_3,0,-0.33304511171430995
adult_control_3,0,-0.7814332280854853
adult_control_3,0,-1.1017121840522175
adult_control_3,0,-0.9391877762460407
adult_control_3,0,-0.8718834313747882
adult_control_3,0,-0.5928917939853381
adult_control_3,0,-0.8041247575584322
adult_control_3,0,-0.7236185745282885
adult_control_3,0,-0.5032458279734872
adult_control_3,0,-1.0670369446002996
adult_control_3,0,-1.4269610029697648
adult_control_3,0,-0.6691587755902372
adult_control_3,0,-0.8399667167948904
adult_control_3,0,-1.1921927426573755
adult_control_3,0,-0.7868089459171327
adult_control_3,0,-0.5992213521728224
adult_control_3,0,-0.57684169419969
adult_control_3,0,-0.8735977878457993
adult_control_3,0,-1.2652329190967868
adult_control_3,0,-1.0702368244126839
adult_control_3,0,-0.896069956867194
adult_control_3,0,-1.6179201209271001
adult_control_3,0,-1.0412232107599344
adult_control_3,0,-0.3362981202543954
adult_control_3,0,-0.20592080823382988
adult_control_3,0,-1.2605726642663786
adult_control_3,0,-1.0263338499224384
adult_control_3,0,0.03165643176530306
adult_control_3,0,-0.30234448012060733
adult_control_3,0,-0.5819417364307758
adult_control_3,0,-0.5272579857644976
adult_control_3,0,-0.2543985230014755
adult_control_3,0,-0.8298102201371721
adult_control_3,0,-0.43684663541246616
adult_control_3,0,-1.1561206485380553
adult_control_3,0,-1.9363028082329974
adult_control_3,0,-1.8812131184767744
adult_control_3,0,-1.172371326426474
adult_control_3,0,-0.697516058880013
adult_control_3,0,-0.060436015980556944
adult_control_3,0,-0.3479808388215163
adult_control_3,0,-0.8111727127289646
adult_control_3,0,-1.3366514073553266
adult_control_3,0,-1.6572647482873206
adult_control_3,0,-0.9586482129362678
adult_control_3,0,-0.6704527876045495
adult_control_3,0,-0.7899009583339279
adult_control_3,0,-0.9066757480948636
adult_control_3,0,-0.8648903493483452
adult_control_3,0,-0.2710473534948642
adult_control_3,0,-0.46139771436078936
adult_control_3,0,-1.0790560722897262
adult_control_3,0,-1.1819588247135866
adult_control_3,0,-1.0150379221612411
adult_control_3,0,-1.2208140957769205
adult_control_3,0,-0.7159164485940369
adult_control_3,0,-0.5854458759421827
adult_control_3,0,-1.0211832841349442
adult_control_3,0,-0.9028308779630548
adult_control_3,0,-0.5558991305858959
adult_control_3,0,-0.6650256947434489
adult_control_3,0,-1.0477669507131653
adult_control_3,0,-1.0484337703888422
adult_control_3,0,-1.037743941776018
adult_control_3,0,-1.3461125101591382
adult_control_3,0,-0.418532762445888
adult_control_3,0,-0.9859278666475889
adult_control_3,0,-1.6058200055263119
adult_control_3,0,-1.445323446139526
adult_control_3,0,-1.0016686225971778
adult_control_3,0,-1.657376807324825
adult_control_3,0,-2.0866781218189
adult_control_3,0,-1.8220051776622692
adult_control_3,0,-1.5701132777940443
adult_control_3,0,-0.9236107288821856
adult_control_3,0,-0.3415405332905833
adult_control_3,0,-0.44211039135466323
adult_control_3,0,-0.6977391442701583
adult_control_3,0,-1.113074790675478
adult_control_3,0,-0.883608976268805
adult_control_3,0,-1.0173962213976506
adult_control_3,0,-1.1253057326475435
adult_control_3,0,-1.0186299192390877
adult_control_3,0,-0.6261621727898702
adult_control_3,0,-0.7970594255568074
adult_control_3,0,-0.772870407625068
adult_control_3,0,-0.3167960534724522
adult_control_3,0,-0.34755252961049166
adult_control_3,0,-1.7932993059785405
adult_control_3,0,-1.6726641425238165
adult_control_3,0,-0.6684867098002266
adult_control_3,0,-0.896494915456897
adult_control_3,0,-0.6158946125026151
adult_control_3,0,-0.7139755149966293
adult_control_3,0,-0.5254366374768259
adult_control_3,0,-0.4644320476632243
adult_control_3,0,-1.0731108962221647
adult_control_3,0,-1.7235496278220044
adult_control_3,0,-1.3950856059054324
adult_control_3,0,-0.7720459105176917
adult_control_3,0,-1.0227381910744424
adult_control_3,0,-0.9484556024369745
adult_control_3,0,-0.7233377210985207
adult_control_3,0,-0.06930574754397814
adult_control_3,0,-0.000578842448308324
adult_control_3,0,-0.6452965047498801
adult_control_3,0,-1.0367073353466263
adult_control_3,0,-1.0281775849342294
adult_control_3,0,-0.7741046157199659
adult_control_3,0,-1.2918415354086248
adult_control_3,0,-0.15115728424975697
adult_control_3,0,-0.2571405759249713
adult_control_3,0,-0.014397938151945143
adult_control_3,0,-0.18448995741445265
adult_control_3,0,-0.24437077443925573
adult_control_3,0,-0.47711091344787737
adult_control_3,0,-1.6847712177810825
adult_control_3,0,-1.3197386173725603
adult_control_3,0,-0.6500751681070293
adult_control_3,0,0.11751452256556946
adult_control_3,0,-0.4996908131181147
adult_control_3,0,-0.39909173854887114
adult_control_3,0,-0.656817263643885
adult_control_3,0,-0.7181691760062087
adult_control_3,0,-0.5804240833020823
adult_control_3,0,-0.5124097181273223
adult_control_3,0,-0.742172733496245
adult_control_3,0,-0.9143461402478871
adult_control_3,0,-0.9017027764192752
adult_control_3,0,-1.191029887124071
adult_control_3,0,-0.7595767603136035
adult_control_3,0,-0.6289805134979097
adult_control_3,0,-1.3366616021184283
adult_control_3,0,-1.6897333758687272
adult_control_3,0,-0.6667451268233132
adult_control_3,0,-0.399131684162055
adult_control_3,0,-0.46981210583328836
adult_control_3,0,-1.2048954805710879
adult_control_3,0,-1.3874871279410645
adult_control_3,0,-0.9421850495492449
adult_control_3,0,-1.2487845833052003
adult_control_3,0,-1.462026597086636
adult_control_3,0,-0.9769781977838997
adult_control_3,0,-0.5303438933877497
adult_control_3,0,-1.4994804950660727
adult_control_3,0,-0.8960583392610494
adult_control_3,0,-1.0548801311311773
adult_control_3,0,-1.0793172405347953
adult_control_3,0,-0.8010357314020368
adult_control_3,0,-0.8732428528312653
adult_control_3,0,-0.4968672641966919
adult_control_3,0,-0.7390532500212549
adult_control_3,0,-0.547481306713863
adult_control_3,0,-0.8991682224080745
adult_control_3,0,-0.3594170768426238
adult_control_3,0,-1.4335380784329645
adult_control_3,0,-1.509695583794556
adult_control_3,0,-1.0612703654714029
adult_control_3,0,-0.7335262612979946
adult_control_3,0,-0.9806982329583341
adult_control_3,0,-1.2208965142122086
adult_control_3,0,-1.4034813342888603
adult_control_3,0,-1.5929560669619955
adult_control_3,0,-0.8044457595799205
adult_control_3,0,-0.8197175134673714
adult_control_3,0,-0.9086373553977419
adult_control_3,0,-1.131442518750244
adult_control_3,0,-0.5961516198698525
adult_control_3,0,-0.500872334031995
adult_control_3,0,-0.8763535963139341
adult_control_3,0,-0.1438923742085291
adult_control_3,0,-1.1257973446627485
adult_control_3,0,-1.3530959035668637
adult_control_3,0,-0.6600229757071644
adult_control_3,0,-0.5399188423403379
adult_control_3,0,-0.7047205374072528
adult_control_3,0,-1.063236943678358
adult_control_3,0,-0.9314309231407222
adult_control_3,0,-1.2001874374748294
adult_control_3,0,-1.0141676446655854
adult_control_3,0,-0.7003000702398622
adult_control_3,0,-0.8849259067636618
adult_control_3,0,-0.7086686471510525
adult_control_3,0,-0.495406033153844
adult_control_3,0,-0.8049169027223163
adult_control_3,0,-0.10719094533146603
adult_control_3,0,-0.6009674870329021
adult_control_3,0,-0.8987342089187361
adult_control_3,0,-0.6496404005741064
adult_control_3,0,-0.973171173125443
adult_control_3,0,-1.4646770372926103
adult_control_3,0,-0.8322565617963423
adult_control_3,0,-0.10175732766783732
adult_control_3,0,-0.41954182690718056
adult_control_3,0,-0.4024644246716601
adult_control_3,0,-0.381242250225858
adult_control_3,0,-0.3656669185770357
adult_control_3,0,-0.3264074559391056
adult_control_3,0,-0.6856374410286595
adult_control_3,0,-1.245263702509849
adult_control_3,0,-0.7516813686007983
adult_control_3,0,-0.0791126260942793
adult_control_3,0,-0.02489481413875829
adult_control_3,0,0.5355964138647954
adult_control_3,0,-0.9372960198334853
adult_control_3,0,-1.571967675043517
adult_control_3,0,-0.603463026914682
adult_control_3,0,-0.46504422830313785
adult_control_3,0,-0.4404648111172088
adult_control_3,0,-0.2423568727405944
adult_control_3,0,-1.3471543774655013
adult_control_3,0,-0.8292359299809958
adult_control_3,0,-0.8059111398153619
adult_control_3,0,-0.5344472247086801
adult_control_3,0,-1.52706810606792
adult_control_3,0,-0.7206175948986705
adult_control_3,0,-0.25251427849450836
adult_control_3,0,-0.5907537384969167
adult_control_3,0,-1.1657270176022854
adult_control_3,0,-1.1244396114986457
adult_control_3,0,-0.2812427751568841
adult_control_3,0,-0.9125769285990665
adult_control_3,0,-1.3519816423686235
adult_control_3,0,-1.6484153094450478
adult_control_3,0,-0.9633926447192834
adult_control_3,0,-0.8674336045163206
adult_control_3,0,-0.5055645781116679
adult_control_3,0,-0.6918364933526558
adult_control_3,0,-0.4929328009705348
adult_control_3,0,-1.0597015332509945
adult_control_3,0,-0.630691657141479
adult_control_3,0,-0.6130927670475809
adult_control_3,0,-1.2274104193276063
adult_control_3,0,-1.2218099063159444
adult_control_3,0,-1.2582758131801182
adult_control_3,0,-1.0339767704017842
adult_control_3,0,-1.2317122873050121
adult_control_3,0,-1.144436400222193
adult_control_3,0,-0.4780086234983022
adult_control_3,0,-0.619876574468002
adult_control_3,0,-0.7769430216676202
adult_control_3,0,-1.4659105759444047
adult_control_3,0,-1.7982269633419392
adult_control_3,0,-1.3021461883781749
adult_control_3,0,-1.6960687851411929
adult_control_3,0,-1.691458658951197
adult_control_3,0,-1.5332871485777195
adult_control_3,0,-0.5943067063865598
adult_control_3,0,-0.27324828347575536
adult_control_3,0,-0.5297978251106862
adult_control_3,0,-0.624508652583509
adult_control_3,0,-0.3233808625273181
adult_control_3,0,-0.06838729728935525
adult_control_3,0,-0.8672040559736
adult_control_3,0,-1.3948670540372454
adult_control_3,0,-0.36812118895263646
adult_control_3,0,-0.3374352690657324
adult_control_3,0,-0.8903577223894817
adult_control_3,0,-0.36460365986139587
adult_control_3,0,0.053452630396790025
adult_control_3,0,-1.2974277961957337
adult_control_3,0,-0.6852230536062426
adult_control_3,0,-1.092691945724881
adult_control_3,0,-0.9700635053147199
adult_control_3,0,-1.2771981518596283
adult_control_3,0,-0.8816300726864278
adult_control_3,0,-0.3919047797514471
adult_control_3,0,-0.7588113931549233
adult_control_3,0,-0.45781637609623427
adult_control_3,0,-0.5330017898161382
adult_control_3,0,-0.9913067391047256
adult_control_3,0,-1.3236176500509407
adult_control_3,0,-0.39287646203456317
adult_control_3,0,-0.08096125645087052
adult_control_3,0,-0.2624145922794442
adult_control_3,0,-0.8274614915844948
adult_control_3,0,-2.1604191541351376
adult_control_3,0,-1.6833868344827034
adult_control_3,0,-0.911199171128719
adult_control_3,0,-1.1072898119900123
adult_control_3,0,-1.0754712636952464
adult_control_3,0,-1.7018248340254147
adult_control_3,0,-0.949900907760214
adult_control_3,0,-0.9426219490557178
adult_control_3,0,-1.2014702238401527
adult_control_3,0,-0.5039560105350137
adult_control_3,0,-0.8751672326358285
adult_control_3,0,-0.7400203291768944
adult_control_3,0,-0.7171543217200206
adult_control_3,0,-1.42526415249429
adult_control_3,0,-0.05270056567280248
adult_control_3,0,-0.8468497992745826
adult_control_3,0,-0.5533212900499399
adult_control_3,0,-1.2289545928001342
adult_control_3,0,-0.5611710954035031
adult_control_3,0,-0.6167972274332228
adult_control_3,0,-1.2021415683003518
adult_control_3,0,-1.2864092739077724
adult_control_3,0,-1.17872780652589
adult_control_3,0,-1.0289450351800653
adult_control_3,0,-0.6328015047793197
adult_control_3,0,-0.5119999699301018
adult_control_3,0,-0.22970697480037208
adult_control_3,0,-0.031401977432881444
adult_control_3,0,-0.2021793045877657
adult_control_3,0,-1.0740672163748655
adult_control_3,0,-0.9270013256541646
adult_control_3,0,-0.8410435260378696
adult_control_3,0,-0.6560908729866161
adult_control_3,0,-0.30550210009188505
adult_control_3,0,-0.631449633403716
adult_control_3,0,-1.2137556487690397
adult_control_3,0,-0.8824653917779862
adult_control_3,0,-0.9661611444380419
adult_control_3,0,-1.2430286596893079
adult_control_3,0,-0.7841821296575698
adult_control_3,0,-1.0586952409130324
adult_control_3,0,-1.3991730192027796
adult_control_3,0,-1.5088650920707707
adult_control_3,0,-0.7647246865234972
adult_control_3,0,-0.3275751076693457
adult_control_3,0,0.10374400411682058
adult_control_3,0,-0.6603016117611528
adult_control_3,0,-0.7046213199615877
adult_control_3,0,-0.1419985230523876
adult_control_3,0,-0.6138688799204267
adult_control_3,0,0.08862930223419205
adult_control_3,0,-0.8812590340991243
adult_control_3,0,-1.174173092584669
adult_control_3,0,-1.4566902403677582
adult_control_3,0,-1.634961284372399
adult_control_3,0,0.1663977905319501
adult_control_3,0,-0.4070926897062449
adult_control_3,0,-0.9995643876631463
adult_control_3,0,-0.6430470316428017
adult_control_3,0,-0.1966673479168314
adult_control_3,0,-0.5420969135282271
adult_control_3,0,-0.3977399100969746
adult_control_3,0,-0.6258384250401788
adult_control_3,0,0.14113417047167917
adult_control_3,0,-0.7686305495244546
adult_control_3,0,-0.949411633223788
adult_control_3,0,-0.5653805015364565
adult_control_3,0,-0.243880761695387
adult_control_3,0,-0.9683889115889691
adult_control_3,0,-0.6515100267039967
adult_control_3,0,-0.9057541941145056
adult_control_3,0,0.3039301519730576
adult_control_3,0,-0.5072776446424475
adult_control_4,0,-0.5472184997490034
adult_control_4,0,-0.8946695572367277
adult_control_4,0,-0.5717435605715856
adult_control_4,0,-1.4397007959008106
adult_control_4,0,-1.281229855316877
adult_control_4,0,-0.2731748825140551
adult_control_4,0,-1.0200996530804418
adult_control_4,0,-0.4304550433762889
adult_control_4,0,-0.4069380036016409
adult_control_4,0,0.05375612570964625
adult_control_4,0,-0.6506755639732601
adult_control_4,0,-0.3036404138733325
adult_control_4,0,-0.5373717949195916
adult_control_4,0,-0.8199329684163569
adult_control_4,0,-1.2353417431502063
adult_control_4,0,-0.6722232345632707
adult_control_4,0,-0.5244879132784094
adult_control_4,0,-1.281004311375121
adult_control_4,0,-2.0484963336530777
adult_control_4,0,-0.8316008012047437
adult_control_4,0,-0.731403525861292
adult_control_4,0,-0.6889670274640743
adult_control_4,0,-0.9322409806938728
adult_control_4,0,-0.6365838074442552
adult_control_4,0,-0.7227728944921127
adult_control_4,0,0.0748980518151022
adult_control_4,0,-0.33636364012199793
adult_control_4,0,-0.836728803948171
adult_control_4,0,-0.5400564388835652
adult_control_4,0,-0.15342235631231596
adult_control_4,0,0.004289573924794433
adult_control_4,0,0.09095559644712611
adult_control_4,0,-0.4435993223167375
adult_control_4,0,-0.4958896294285394
adult_control_4,0,-1.2360598855941527
adult_control_4,0,-0.7660112681664243
adult_control_4,0,0.36767603384101266
adult_control_4,0,-0.08802049954362925
adult_control_4,0,-0.4154770528968935
adult_control_4,0,-0.8253146528801872
adult_control_4,0,-0.8341294697195639
adult_control_4,0,-0.9053059753501412
adult_control_4,0,-0.6778441311000106
adult_control_4,0,-0.9888609542015322
adult_control_4,0,-1.3454270252303782
adult_control_4,0,-0.38131261648378467
adult_control_4,0,-0.06097450018451491
adult_control_4,0,-0.7352730957462329
adult_control_4,0,-0.632694993805821
adult_control_4,0,0.13172639541986894
adult_control_4,0,-0.46352059690235625
adult_control_4,0,0.013987372670141253
adult_control_4,0,-0.5337274817112964
adult_control_4,0,-0.2480662503819037
adult_control_4,0,-0.842838184883726
adult_control_4,0,-0.6117643000179721
adult_control_4,0,-0.6406389762128496
adult_control_4,0,-1.065984100830574
adult_control_4,0,-1.3441697486083366
adult_control_4,0,-1.3159897133220975
adult_control_4,0,-0.5526130117735603
adult_control_4,0,-1.189662482429613
adult_control_4,0,-0.394481551561669
adult_control_4,0,-0.06999295721759982
adult_control_4,0,0.11755246899525548
adult_control_4,0,-0.6160726991793734
adult_control_4,0,-0.8906022595832964
adult_control_4,0,-0.9327686788794093
adult_control_4,0,-0.7086047549628808
adult_control_4,0,-0.9777332845591248
adult_control_4,0,-1.2848527641270229
adult_control_4,0,-0.32541898461549346
adult_control_4,0,-0.7081275816711273
adult_control_4,0,-0.46170925621131065
adult_control_4,0,-0.09733136774525422
adult_control_4,0,-0.3462012561021507
adult_control_4,0,-0.7093322639907454
adult_control_4,0,-0.23853087137085485
adult_control_4,0,-0.9779520407014063
adult_control_4,0,-1.3590512895973523
adult_control_4,0,-0.5412884341505947
adult_control_4,0,-0.5290760965673068
adult_control_4,0,-0.23689067852880266
adult_control_4,0,-0.6183304874018128
adult_control_4,0,-0.6819297764299849
adult_control_4,0,-0.34500846287426323
adult_control_4,0,-0.3304324641130737
adult_control_4,0,-0.7010911366324722
adult_control_4,0,-0.9920094824790401
adult_control_4,0,-0.4362884517018769
adult_control_4,0,-1.4440248712879795
adult_control_4,0,-1.0137460977445065
adult_control_4,0,-1.6600390988202065
adult_control_4,0,-1.3682430500976839
adult_control_4,0,-1.3843842811865943
adult_control_4,0,-1.1882903167216226
adult_control_4,0,-0.22727688782184066
adult_control_4,0,-0.5797659390820117
adult_control_4,0,-0.3776057064873969
adult_control_4,0,-0.30379351832392343
adult_control_4,0,-0.8480163531876158
adult_control_4,0,-0.789496654161676
adult_control_4,0,-0.19076193814371836
adult_control_4,0,0.5355446181202744
adult_control_4,0,0.2618342621957984
adult_control_4,0,-0.8948836035664497
adult_control_4,0,-1.0122201011068745
adult_control_4,0,-0.2651491631125199
adult_control_4,0,-0.416091175867748
adult_control_4,0,-0.4064543061221614
adult_control_4,0,0.01573481083825188
adult_control_4,0,-0.4455466709791315
adult_control_4,0,-1.1496546705627808
adult_control_4,0,-0.9230703558874039
adult_control_4,0,-0.42188464846419416
adult_control_4,0,-0.16969086176187345
adult_control_4,0,-0.496782974561908
adult_control_4,0,-0.2109700173560415
adult_control_4,0,-0.26794574232546287
adult_control_4,0,-1.0048346237308645
adult_control_4,0,-0.31876642778482356
adult_control_4,0,-0.2994896986062082
adult_control_4,0,-0.85952813206337
adult_control_4,0,-0.8599771199712068
adult_control_4,0,-0.8181439716959352
adult_control_4,0,-0.2568864461972019
adult_control_4,0,-0.3497676201712657
adult_control_4,0,-1.4232509414939494
adult_control_4,0,-1.5788346802969477
adult_control_4,0,-1.1885581556044778
adult_control_4,0,-1.4946426597770368
adult_control_4,0,0.011203914843646336
adult_control_4,0,-0.07016616021770031
adult_control_4,0,-1.3317928408870605
adult_control_4,0,-1.143467331232571
adult_control_4,0,-0.4022901259012167
adult_control_4,0,-1.194492481226816
adult_control_4,0,-0.8978431472301412
adult_control_4,0,0.14071466614434155
adult_control_4,0,0.1354400755060384
adult_control_4,0,0.40432547647545747
adult_control_4,0,-0.23592067602087977
adult_control_4,0,-1.146025383143968
adult_control_4,0,0.5216389013632573
adult_control_4,0,0.02052854291560733
adult_control_4,0,-0.3535940242427479
adult_control_4,0,0.000879115565909229
adult_control_4,0,0.2126933688648168
adult_control_4,0,0.1462436020289478
adult_control_4,0,-0.2582656066587833
adult_control_4,0,-0.7695533214143285
adult_control_4,0,-0.719356380540291
adult_control_4,0,-1.256076141471916
adult_control_4,0,-0.540177630712844
adult_control_4,0,0.32642751937544834
adult_control_4,0,-0.3867803303391012
adult_control_4,0,-1.048614144221236
adult_control_4,0,-1.1618957491516868
adult_control_4,0,-0.20476877616492298
adult_control_4,0,-0.14928825442017093
adult_control_4,0,-0.5463474378536727
adult_control_4,0,-0.6295531909013236
adult_control_4,0,0.12460978164587119
adult_control_4,0,-0.2825416037393723
adult_control_4,0,-0.25645558329813933
adult_control_4,0,0.22479339668988238
adult_control_4,0,0.08146738144454177
adult_control_4,0,-0.702810001825123
adult_control_4,0,-1.0195160523436897
adult_control_4,0,0.08222103400540223
adult_control_4,0,-0.1408339960190549
adult_control_4,0,0.768532762260041
adult_control_4,0,0.6595873117302508
adult_control_4,0,0.04415952906683982
adult_control_4,0,-1.234492825826906
adult_control_4,0,-0.9254488465997478
adult_control_4,0,-0.4429617263969784
adult_control_4,0,0.04176020305567949
adult_control_4,0,-0.29506980307368147
adult_control_4,0,-0.7196196096874993
adult_control_4,0,-1.0741899843191685
adult_control_4,0,-0.25808024258359097
adult_control_4,0,-0.4209875469772627
adult_control_4,0,-0.8615331224891628
adult_control_4,0,-0.2773029669357866
adult_control_4,0,-0.4202739978030262
adult_control_4,0,0.495805070942693
adult_control_4,0,0.24603723131915087
adult_control_4,0,-0.25860028269856306
adult_control_4,0,0.25785239219367917
adult_control_4,0,-0.5926411953533853
adult_control_4,0,-0.5991014781164904
adult_control_4,0,0.1258040735736908
adult_control_4,0,-0.2871218753262491
adult_control_4,0,-0.8456813830428821
adult_control_4,0,-0.8967119567970804
adult_control_4,0,-0.7109099420206014
adult_control_4,0,-0.6474248939746973
adult_control_4,0,0.756884591406272
adult_control_4,0,0.32472990041840355
adult_control_4,0,-0.43710699039161216
adult_control_4,0,-0.0015392206797465655
adult_control_4,0,0.607715138638084
adult_control_4,0,0.4944450102442476
adult_control_4,0,0.5331460409472008
adult_control_4,0,-0.22464353324349853
adult_control_4,0,0.23816471699151673
adult_control_4,0,-0.8859361508987934
adult_control_4,0,-0.09472029400319606
adult_control_4,0,0.9303837544129753
adult_control_4,0,0.33136174034109367
adult_control_4,0,-0.7607755338775352
adult_control_4,0,-0.3863246767607075
adult_control_4,0,-0.39708556855914334
adult_control_4,0,-0.5033326733503015
adult_control_4,0,0.05908271828041887
adult_control_4,0,-0.5336353362981886
adult_control_4,0,-0.09796349556660414
adult_control_4,0,0.5689298709714855
adult_control_4,0,-0.39467675383000544
adult_control_4,0,-0.2471362021777174
adult_control_4,0,-0.09303441120182834
adult_control_4,0,-0.03738722658478357
adult_control_4,0,0.07010478525061145
adult_control_4,0,-0.18871487958647917
adult_control_4,0,-0.5094625816988397
adult_control_4,0,-0.022771585702107265
adult_control_4,0,0.15805576840842148
adult_control_4,0,0.2359065046797771
adult_control_4,0,0.22963596072856082
adult_control_4,0,0.2671058427067715
adult_control_4,0,0.16015780469254545
adult_control_4,0,-0.35912500939938574
adult_control_4,0,-1.0827285863121334
adult_control_4,0,-0.5506899063612724
adult_control_4,0,-0.730740917305062
adult_control_4,0,-0.29986152051285264
adult_control_4,0,-0.5346727456529438
adult_control_4,0,0.33881206632459604
adult_control_4,0,0.8291462454401574
adult_control_4,0,-0.4058259226017279
adult_control_4,0,-0.8346790596938186
adult_control_4,0,-0.9121864483613588
adult_control_4,0,-0.6179721302239461
adult_control_4,0,-0.7585457136824422
adult_control_4,0,-0.6967027182639568
adult_control_4,0,-0.5443988316052474
adult_control_4,0,-0.4310956086332801
adult_control_4,0,-0.4060038415210222
adult_control_4,0,-0.954321164661465
adult_control_4,0,-0.7713062006815704
adult_control_4,0,-0.4249256741016024
adult_control_4,0,-0.3125835915245626
adult_control_4,0,-1.0601653487194174
adult_control_4,0,-0.2732659912384102
adult_control_4,0,-0.32496360984587314
adult_control_4,0,-0.28758564816290055
adult_control_4,0,-0.6053685966388843
adult_control_4,0,0.03069736155994427
adult_control_4,0,0.1836798420320461
adult_control_4,0,0.10120881386545974
adult_control_4,0,-0.3208542870509822
adult_control_4,0,-1.083055713016229
adult_control_4,0,-1.143335984085183
adult_control_4,0,-0.5192401577400724
adult_control_4,0,-0.45677201966217973
adult_control_4,0,-0.0825956224153627
adult_control_4,0,-0.3871794600705386
adult_control_4,0,0.3666358551631991
adult_control_4,0,0.1696105684568062
adult_control_4,0,0.45044576190919117
adult_control_4,0,-0.057865445329370234
adult_control_4,0,-0.19555081690085566
adult_control_4,0,-0.15606080746475062
adult_control_4,0,0.34205970499597715
adult_control_4,0,0.18858611342601303
adult_control_4,0,-0.34487909633862335
adult_control_4,0,-0.0700794725451587
adult_control_4,0,0.2853974881790414
adult_control_4,0,-0.06685112448078137
adult_control_4,0,-1.1018619681589579
adult_control_4,0,-0.6273233006137476
adult_control_4,0,0.10209634819864596
adult_control_4,0,-0.681540750606158
adult_control_4,0,-0.697948374837101
adult_control_4,0,-1.122678010557106
adult_control_4,0,-1.2511432115604477
adult_control_4,0,0.5076628246722682
adult_control_4,0,0.288570330446397
adult_control_4,0,-0.6634847683210591
adult_control_4,0,-0.3066046056029891
adult_control_4,0,-0.6113869527666161
adult_control_4,0,-1.235838040734274
adult_control_4,0,-0.9496293698795059
adult_control_4,0,-0.010229178322266906
adult_control_4,0,-0.09190067513007297
adult_control_4,0,0.4801752593570542
adult_control_4,0,0.4421391667713098
adult_control_4,0,0.16832298506805551
adult_control_4,0,-0.1213445392702889
adult_control_4,0,-0.16610922898827277
adult_control_4,0,0.07027737926128061
adult_control_4,0,-0.13997393761656687
adult_control_4,0,-0.6797544324683001
adult_control_4,0,-0.25711271771446087
adult_control_4,0,-0.12593778249687385
adult_control_4,0,0.05296767294371749
adult_control_4,0,0.45471896650555854
adult_control_4,0,0.16180461990902203
adult_control_4,0,-0.3333271537415715
adult_control_4,0,-0.6976934236794253
adult_control_4,0,0.07987974263693207
adult_control_4,0,-0.20749517828164157
adult_control_4,0,-0.8627773092462107
adult_control_4,0,-0.8526552717455881
adult_control_4,0,0.2866110628774342
adult_control_4,0,-0.34714927444994703
adult_control_4,0,-0.5612506689475868
adult_control_4,0,-0.16254126720992704
adult_control_4,0,0.26908553188236095
adult_control_4,0,0.5908674134862398
adult_control_4,0,0.12643717911586191
adult_control_4,0,-0.0478831325701802
adult_control_4,0,-0.49984492755746535
adult_control_4,0,0.08681337413412224
adult_control_4,0,-0.18031078704824646
adult_control_4,0,0.8462778737867148
adult_control_4,0,1.4464120480695173
adult_control_4,0,0.6671445140660578
adult_control_4,0,0.47757042241962167
adult_control_4,0,1.0792712846970827
adult_control_4,0,-0.3909272445795343
adult_control_4,0,-0.14426787445013015
adult_control_4,0,0.0842812516233736
adult_control_4,0,-0.6295985472068585
adult_control_4,0,-0.5659994083220331
adult_control_4,0,-0.4605638517817997
adult_control_4,0,0.14014660451141844
adult_control_4,0,0.3389958483350296
adult_control_4,0,-0.21881899860731738
adult_control_4,0,0.25526748748421524
adult_control_4,0,0.35369053314987886
adult_control_4,0,0.32428329260129607
adult_control_4,0,0.7946230853858204
adult_control_4,0,0.6920743617465163
adult_control_4,0,0.8140280679152966
adult_control_4,0,0.6451936247231217
adult_control_4,0,-0.21993998793142158
adult_control_4,0,0.28072586923098897
adult_control_4,0,0.7068294347869669
adult_control_4,0,0.5834705438751465
adult_control_4,0,0.3386189924112558
adult_control_4,0,0.252194969608858
adult_control_4,0,0.15514337584547996
adult_control_4,0,0.309563587127229
adult_control_4,0,-0.6334815512384856
adult_control_4,0,0.178014127962376
adult_control_4,0,-0.08417444973961788
adult_control_4,0,-0.03863814718448202
adult_control_4,0,0.5043830174751848
adult_control_4,0,0.19559717200941193
adult_control_4,0,0.13770984853464405
adult_control_4,0,0.2930694136262636
adult_control_4,0,0.015569819651938134
adult_control_4,0,0.01832309530653129
adult_control_4,0,-0.25873235536564854
adult_control_4,0,-0.4626509905604349
adult_control_4,0,0.16597258035219573
adult_control_4,0,-0.5261089287258941
adult_control_4,0,-0.3949945728997618
adult_control_4,0,-0.3481458354490433
adult_control_4,0,-0.1455622710834569
adult_control_4,0,-0.7655900547416511
adult_control_4,0,0.5161214333413665
adult_control_4,0,0.7709018249808467
adult_control_4,0,0.16913510325177236
adult_control_4,0,-0.6173716715373153
adult_control_4,0,0.503720879746076
adult_control_4,0,-0.18791139919699065
adult_control_4,0,-0.49678963997842585
adult_control_4,0,-0.1479203334089764
adult_control_4,0,-0.2988502592524832
adult_control_4,0,-0.7279986808731364
adult_control_4,0,0.05165079445675378
adult_control_4,0,-0.2191534539247412
adult_control_4,0,-0.0630450537446409
adult_control_4,0,0.010685942801789229
adult_control_4,0,0.19389585610553936
adult_control_4,0,-0.08018807833312849
adult_control_4,0,-0.6008008256616247
adult_control_4,0,-0.33224485039702445
adult_control_4,0,-0.8553043383870621
adult_control_4,0,-0.982523600892231
adult_control_4,0,0.028990239711003875
adult_control_4,0,0.12515315875279107
adult_control_4,0,-0.4516144237935368
adult_control_4,0,-0.17700540166857862
adult_control_4,0,-0.27972611973116546
adult_control_4,0,-0.059804344615971415
adult_control_4,0,-0.21565796520833871
adult_control_4,0,-1.0310415399107393
adult_control_4,0,-0.8440421353996624
adult_control_4,0,-0.5830167189684808
adult_control_4,0,-0.3792633893243623
adult_control_4,0,-0.386625037816127
adult_control_4,0,-1.0717654829080354
adult_control_4,0,-0.5966198077068662
adult_control_4,0,-0.484741679859121
adult_control_4,0,0.16096238704433538
adult_control_4,0,-0.25944000562339864
adult_control_4,0,-0.3452454388944245
adult_control_4,0,0.33885526427428314
adult_control_4,0,0.348262891974244
adult_control_4,0,0.10925926699827224
adult_control_4,0,-0.23425352864801754
adult_control_4,0,-0.1856362309280434
adult_control_4,0,-0.4520788530955099
adult_control_4,0,-0.621181558785603
adult_control_4,0,-1.0265493716405665
adult_control_4,0,-0.7922987824163056
adult_control_4,0,-0.2793262775782853
adult_control_4,0,0.605209318740911
adult_control_4,0,0.28451688519565643
adult_control_4,0,-0.1820605685134792
adult_control_4,0,0.4185058213953178
adult_control_4,0,1.069753980990387
adult_control_4,0,0.7114798854994283
adult_control_4,0,0.5178021698017649
adult_control_4,0,0.038387500569513656
adult_control_4,0,-0.9010762050369675
adult_control_4,0,-0.47127877440709864
adult_control_4,0,0.08090756767651772
adult_control_4,0,-0.5453287151979865
adult_control_4,0,-0.45886852241965614
adult_control_4,0,-0.40682230883789916
adult_control_4,0,-0.16121625825668442
adult_control_4,0,-0.6117457777128793
adult_control_4,0,-0.5340536269403547
adult_control_4,0,0.011270862709898834
adult_control_4,0,-0.054416495210968384
adult_control_4,0,-0.4567333285230911
adult_control_4,0,-1.0884740968016113
adult_control_4,0,-0.03520051573485219
adult_control_4,0,-0.13223460648312227
adult_control_4,0,-0.08592151227116132
adult_control_4,0,-0.7360620270223016
adult_control_4,0,-0.25918088931034766
adult_control_4,0,-0.27473780728938857
adult_control_4,0,0.07805398619559431
adult_control_4,0,-0.3826129424060304
adult_control_4,0,0.01916969228582053
adult_control_4,0,0.4519073823948011
adult_control_4,0,-0.3884724469270363
adult_control_4,0,-0.8168035047993562
adult_control_4,0,-1.7396312149208724
adult_control_4,0,-0.20066910106654437
adult_control_4,0,0.16596160374345556
adult_control_4,0,0.11292681212286845
adult_control_4,0,-0.5363754333723424
adult_control_4,0,0.1672094222124035
adult_control_4,0,0.3589631156897536
adult_control_4,0,0.09927559564058183
adult_control_4,0,-0.8657633177570933
adult_control_4,0,-0.9124154683750659
adult_control_4,0,-0.015043125046441473
adult_control_4,0,-0.48766367698734514
adult_control_4,0,-0.7988918422469492
adult_control_4,0,0.8414844189783103
adult_control_4,0,0.3311488860700035
adult_control_4,0,-0.3655244339050959
adult_control_4,0,-0.4294560813192966
adult_control_4,0,-0.0746011082076409
adult_control_4,0,0.39764951957891503
adult_control_4,0,0.28974321849231865
adult_control_4,0,-0.11182886158711006
adult_control_4,0,-0.11396178993499975
adult_control_4,0,-0.5646863834897217
adult_control_4,0,-0.40083247813247824
adult_control_4,0,-0.5487087880800229
adult_control_4,0,-0.8640506907984798
adult_control_4,0,-0.17936467008225013
adult_control_4,0,-0.736847454494275
adult_control_4,0,-0.42025824569322345
adult_control_4,0,-0.5819425376194401
adult_control_4,0,-0.1288746315829349
adult_control_4,0,0.21739049791618034
adult_control_4,0,-1.5863360874034123
adult_control_4,0,-0.6891002247108132
adult_control_4,0,0.2624419330932356
adult_control_4,0,-0.3158392490007861
adult_control_4,0,-0.29352274711641957
adult_control_4,0,-0.3868827528812061
adult_control_4,0,0.05347220857181565
adult_control_4,0,-0.3602966063846237
adult_control_4,0,-0.10931497284133043
adult_control_4,0,-0.09412035223513451
adult_control_4,0,-0.4010990067894856
adult_control_4,0,-0.42635128735237904
adult_control_4,0,0.29224597233108185
adult_control_4,0,0.5031754283859075
adult_control_4,0,1.1100442883672743
adult_control_4,0,1.191090411154017
adult_control_4,0,-0.12418820286694335
adult_control_4,0,-0.34125937287860786
adult_control_4,0,-0.010040100083903346
adult_control_4,0,0.9121884549251292
adult_control_4,0,0.5716354159445493
adult_control_4,0,0.24667819917726294
adult_control_4,0,0.7735476862380227
adult_control_4,0,-0.027923792196995388
adult_control_4,0,0.5459582726577944
adult_control_4,0,-0.21664934330845168
adult_control_4,0,-1.3598857373464317
adult_control_4,0,-0.020198662940033606
adult_control_4,0,0.02127410869019828
adult_control_4,0,-0.37883091013990045
adult_control_4,0,0.210749186179871
adult_control_4,0,-0.556508459273234
adult_control_4,0,-0.045719229342917965
adult_control_4,0,0.37942585082753155
adult_control_4,0,-0.22361394540599458
adult_control_4,0,-0.4551014620974415
adult_control_4,0,-0.7209982512620322
adult_control_4,0,0.6616230436044038
adult_control_4,0,0.8431596254696704
adult_control_4,0,0.19113835733111637
adult_control_4,0,-0.8039053234286894
adult_control_4,0,0.5149913102031257
adult_control_4,0,0.15656973353878686
adult_control_4,0,0.0230593272452154
adult_control_4,0,-0.27479714077171236
adult_control_4,0,-0.46874377063776895
adult_control_4,0,0.06687634737813405
adult_control_4,0,-0.4504843937460653
adult_control_4,0,-0.3691262350922425
adult_control_4,0,0.22272414951828354
adult_control_4,0,0.024308259087152263
adult_control_4,0,-0.3620394060831681
adult_control_4,0,0.12843890587288173
adult_control_4,0,-0.10680822969817685
adult_control_4,0,-0.36745199431633535
adult_control_4,0,0.32506342444513303
adult_control_4,0,0.49610761646185664
adult_control_4,0,-0.4549186460162614
adult_control_4,0,0.16654569049588516
adult_control_4,0,0.32974477389511503
adult_control_4,0,-0.2435930304302624
adult_control_4,0,0.08431265838114052
adult_control_4,0,0.8613650696921199
adult_control_4,0,0.25313471347250094
adult_control_4,0,1.0363717150331153
adult_control_4,0,1.0521440494395198
adult_control_4,0,0.3432681713053821
adult_control_4,0,0.32236364168639986
adult_control_4,0,0.3091900718001105
adult_control_4,0,-0.251648131979226
adult_control_4,0,-0.388284029556606
adult_control_4,0,-0.10411283833032794
adult_control_4,0,0.6696642386723629
adult_control_4,0,0.8535570956181925
adult_control_4,0,0.8031461831199201
adult_control_4,0,0.678137886115112
adult_control_4,0,0.12199854570649879
adult_control_4,0,-0.24483875841075645
adult_control_4,0,0.15864104147243693
adult_control_4,0,0.5908878981762175
adult_control_4,0,0.5882375744973457
adult_control_4,0,-0.658617611616393
adult_control_4,0,-0.4190593357066369
adult_control_4,0,-0.23311367881492098
adult_control_4,0,-0.30492517124953655
adult_control_4,0,0.05879427696083326
adult_control_4,0,-0.1715842845232957
adult_control_4,0,0.25193922794717694
adult_control_4,0,-0.2655067805095478
adult_control_4,0,-0.8626429836326256
adult_control_4,0,-1.104819729335794
adult_control_4,0,-0.25978351214106554
adult_control_4,0,1.0923206726467103
adult_control_4,0,0.9623573411232914
adult_control_4,0,0.10967827392496296
adult_control_4,0,0.428646437703602
adult_control_4,0,0.020834723803862067
adult_control_4,0,0.35451155057783545
adult_control_4,0,0.16159818129773038
adult_control_4,0,0.01437050518155445
adult_control_4,0,0.13275613060912458
adult_control_4,0,0.7283066423003667
adult_control_4,0,-0.3895608128009779
adult_control_4,0,-0.9588503715149853
adult_control_4,0,-0.07783341863406648
adult_control_4,0,0.3090941517054163
adult_control_4,0,-0.1343788746077185
adult_control_4,0,-0.6895474282625663
adult_control_4,0,-0.4072392848199472
adult_control_4,0,0.07685898878221584
adult_control_4,0,-0.1893452595091966
adult_control_4,0,-0.2277747582715385
adult_control_4,0,-0.18555221030696725
adult_control_4,0,-0.09980540763624238
adult_control_4,0,0.021306503975352255
adult_control_4,0,-0.30015646485539615
adult_control_4,0,-0.15567251468092716
adult_control_4,0,-0.23877992977586562
adult_control_4,0,0.2972553071838019
adult_control_4,0,-1.0286068841534561
adult_control_4,0,0.027065279316786574
adult_control_4,0,0.7916330316323413
adult_control_4,0,-0.5813230932925108
adult_control_4,0,-0.3903209050416442
adult_control_4,0,0.13475517700161896
adult_control_4,0,0.23037341701299238
adult_control_4,0,0.10925371655757318
adult_control_4,0,-0.892299063503755
adult_control_5,0,-1.7744530232846218
adult_control_5,0,-1.0034624886127181
adult_control_5,0,-1.3061904816379086
adult_control_5,0,-1.5327688908858796
adult_control_5,0,-1.4712273844695436
adult_control_5,0,-1.616482941356891
adult_control_5,0,-1.251832425426732
adult_control_5,0,-1.1710235027017508
adult_control_5,0,-0.5416508511989718
adult_control_5,0,-0.5450919957220334
adult_control_5,0,-0.7101464061038313
adult_control_5,0,-1.6569316381157668
adult_control_5,0,-0.8746416332533634
adult_control_5,0,-0.34492824483169293
adult_control_5,0,-0.45061277515443965
adult_control_5,0,-0.7588408437946582
adult_control_5,0,-1.3352022521241773
adult_control_5,0,-2.0065855624959843
adult_control_5,0,-1.860252204712863
adult_control_5,0,-2.1484239941424583
adult_control_5,0,-0.8393455320529116
adult_control_5,0,-1.5352459771057507
adult_control_5,0,-0.8817988966000007
adult_control_5,0,-0.7306729863707745
adult_control_5,0,-1.2233953437068084
adult_control_5,0,-0.755109128835512
adult_control_5,0,-0.03775865334552888
adult_control_5,0,-1.1125862525381485
adult_control_5,0,-1.355106873015885
adult_control_5,0,-1.0098555572459098
adult_control_5,0,-0.770005152109042
adult_control_5,0,-0.7850695733183589
adult_control_5,0,-0.4665459782543543
adult_control_5,0,-0.7044362956164999
adult_control_5,0,-0.6556037036812431
adult_control_5,0,-1.093366351379597
adult_control_5,0,-1.3478641422561197
adult_control_5,0,-1.2620841267379115
adult_control_5,0,-1.1152582118790644
adult_control_5,0,-1.46015910045519
adult_control_5,0,-1.016268699188291
adult_control_5,0,-1.4944195879770663
adult_control_5,0,-0.7237730855976076
adult_control_5,0,-0.7965100783772269
adult_control_5,0,-1.0556545469329492
adult_control_5,0,-1.132436217481422
adult_control_5,0,-1.4845996405294435
adult_control_5,0,-1.6405839760743266
adult_control_5,0,-1.1858499760175438
adult_control_5,0,-1.8342015991511054
adult_control_5,0,-0.6274286579267193
adult_control_5,0,0.0323098561634235
adult_control_5,0,-0.3635642825995874
adult_control_5,0,-1.0212990471399785
adult_control_5,0,-1.2022970339064836
adult_control_5,0,-0.7385938117006255
adult_control_5,0,-1.9837232516146521
adult_control_5,0,-1.6213627909773933
adult_control_5,0,-2.0910236265746898
adult_control_5,0,-1.729602972858047
adult_control_5,0,-0.991107329772626
adult_control_5,0,-0.5893675989468193
adult_control_5,0,-0.5068438878812435
adult_control_5,0,-2.083256378766336
adult_control_5,0,-1.025361433421633
adult_control_5,0,-1.079286667229297
adult_control_5,0,-1.468158503359533
adult_control_5,0,-1.0800156813092694
adult_control_5,0,-0.7696899722286651
adult_control_5,0,-2.1235257682967394
adult_control_5,0,-2.466420527427586
adult_control_5,0,-1.468113107064474
adult_control_5,0,-0.9057189573915506
adult_control_5,0,-0.649658893615581
adult_control_5,0,-0.7494859253631277
adult_control_5,0,-1.7703275290715121
adult_control_5,0,-1.58966333823832
adult_control_5,0,-0.4867770466708631
adult_control_5,0,-0.21167244704347735
adult_control_5,0,-0.6101612486917872
adult_control_5,0,-0.7735328844866699
adult_control_5,0,-1.663959135254919
adult_control_5,0,-1.5440409197107687
adult_control_5,0,-0.9795746421505814
adult_control_5,0,-1.5868186170851686
adult_control_5,0,-1.9077964352802013
adult_control_5,0,-1.3958898793963948
adult_control_5,0,-1.0343942621088917
adult_control_5,0,-1.6819989141279281
adult_control_5,0,-1.6732823644001016
adult_control_5,0,-0.6124022472631653
adult_control_5,0,-1.2172204671694025
adult_control_5,0,-1.3175949940073415
adult_control_5,0,-1.3673794440306002
adult_control_5,0,-1.9870875149614342
adult_control_5,0,-1.9249114117879755
adult_control_5,0,-1.7548771776692318
adult_control_5,0,-1.1005414246622895
adult_control_5,0,-0.8426305227164462
adult_control_5,0,-1.5039851761770742
adult_control_5,0,-1.1632198996075056
adult_control_5,0,-1.3542236994408743
adult_control_5,0,-0.7546873640361657
adult_control_5,0,-0.13230536254813555
adult_control_5,0,-1.0400111492735804
adult_control_5,0,-1.5876200868403847
adult_control_5,0,-0.5904549834359133
adult_control_5,0,-0.5894351730209245
adult_control_5,0,-1.925239287599196
adult_control_5,0,-1.5519906218123571
adult_control_5,0,-1.252449587476535
adult_control_5,0,-1.9290976975521898
adult_control_5,0,-0.596391598796249
adult_control_5,0,-0.5447462620677425
adult_control_5,0,-1.3996336493492088
adult_control_5,0,-1.1250517688693065
adult_control_5,0,-0.05557897596558128
adult_control_5,0,-0.28230398887799735
adult_control_5,0,-0.4806717116633664
adult_control_5,0,-0.9335459620797558
adult_control_5,0,-0.732772408052308
adult_control_5,0,-1.1203957460391294
adult_control_5,0,-1.0814965081820853
adult_control_5,0,-1.3841368385728874
adult_control_5,0,-1.542286486843328
adult_control_5,0,-0.534620443256867
adult_control_5,0,-1.406891529716638
adult_control_5,0,-0.7756379360117188
adult_control_5,0,-1.2474203167479074
adult_control_5,0,-0.8657871246535084
adult_control_5,0,-0.7319191866246343
adult_control_5,0,-0.7959679990831744
adult_control_5,0,-0.8960943418115369
adult_control_5,0,-1.1513662230304549
adult_control_5,0,-1.4144178863147001
adult_control_5,0,-1.1964696954285396
adult_control_5,0,-1.5454247971623964
adult_control_5,0,-1.0640747439539648
adult_control_5,0,-0.8320493977704161
adult_control_5,0,-0.6884257652293154
adult_control_5,0,-0.6775249128399733
adult_control_5,0,-0.19236235940310645
adult_control_5,0,-0.2520674951972207
adult_control_5,0,-0.8012869102591921
adult_control_5,0,-0.06810906458909907
adult_control_5,0,-0.34600513605981076
adult_control_5,0,-0.7332539464358389
adult_control_5,0,-1.184694296319139
adult_control_5,0,-1.2752129547319129
adult_control_5,0,-1.7985085991293464
adult_control_5,0,-1.377556565738856
adult_control_5,0,-1.307636879446806
adult_control_5,0,-1.3144050698987635
adult_control_5,0,-0.9759071365378732
adult_control_5,0,-0.3455348933540451
adult_control_5,0,-1.4023146977762233
adult_control_5,0,-1.9381573943381925
adult_control_5,0,-1.0613388857224142
adult_control_5,0,-0.34981467069787875
adult_control_5,0,-0.15394991227838775
adult_control_5,0,-0.17980192490340433
adult_control_5,0,-0.6535633143806318
adult_control_5,0,-1.0796516535779936
adult_control_5,0,-1.2354008678097812
adult_control_5,0,-1.9435447748864307
adult_control_5,0,-1.4780938254972757
adult_control_5,0,-1.0313190250772646
adult_control_5,0,-1.0559835385402638
adult_control_5,0,-0.4461865731116553
adult_control_5,0,-0.028600373890287488
adult_control_5,0,-1.0953540607966223
adult_control_5,0,-1.8119059653907337
adult_control_5,0,-0.8549038168659119
adult_control_5,0,-0.7510645115349982
adult_control_5,0,-1.246063052036106
adult_control_5,0,-1.8140549223449505
adult_control_5,0,-1.6926980040816473
adult_control_5,0,-1.6189508175076153
adult_control_5,0,-0.697808090476692
adult_control_5,0,-1.2530993528287744
adult_control_5,0,-0.9731649655889835
adult_control_5,0,-0.9871459013403222
adult_control_5,0,-2.1998156815694854
adult_control_5,0,-1.9082968930005095
adult_control_5,0,-1.243207067595164
adult_control_5,0,-1.324218091351387
adult_control_5,0,-1.1819644567803866
adult_control_5,0,-1.6582991490269718
adult_control_5,0,-1.1398312681299614
adult_control_5,0,-1.1504195624809648
adult_control_5,0,-1.7446224847691192
adult_control_5,0,-1.7633726792319764
adult_control_5,0,-1.6977882110188112
adult_control_5,0,-0.917785894873468
adult_control_5,0,-0.8392756964183187
adult_control_5,0,-0.5463114263877901
adult_control_5,0,-1.0182434511796123
adult_control_5,0,-1.0523582752556595
adult_control_5,0,-1.3039859540082155
adult_control_5,0,-1.289263949306257
adult_control_5,0,-1.5988458325835855
adult_control_5,0,-1.1390137933550126
adult_control_5,0,-1.6290082752984172
adult_control_5,0,-1.80153837076277
adult_control_5,0,-1.2366908520681408
adult_control_5,0,-2.0015080402683387
adult_control_5,0,-1.5433740360427022
adult_control_5,0,-0.7501669568204664
adult_control_5,0,-1.0529678027875633
adult_control_5,0,-1.1163184760699143
adult_control_5,0,-0.9351304710778229
adult_control_5,0,-1.3787524493443222
adult_control_5,0,-1.1839361450458195
adult_control_5,0,-1.5439954196968173
adult_control_5,0,-1.2466439579297843
adult_control_5,0,-1.253948361272087
adult_control_5,0,-1.0224348955868212
adult_control_5,0,-0.49603993417321923
adult_control_5,0,-0.9345441052950066
adult_control_5,0,-1.07590193784191
adult_control_5,0,-0.8814974630860187
adult_control_5,0,-1.0590965810288187
adult_control_5,0,-1.7101274059232094
adult_control_5,0,-1.2372290842406803
adult_control_5,0,-1.3422495510417556
adult_control_5,0,-1.354198892375062
adult_control_5,0,-1.8498200126898956
adult_control_5,0,-1.537655200944613
adult_control_5,0,-1.5570293386087999
adult_control_5,0,-0.5350258661232833
adult_control_5,0,-1.0935929327909912
adult_control_5,0,-1.1774073854666431
adult_control_5,0,-2.1840482326729993
adult_control_5,0,-1.4999950464690308
adult_control_5,0,-0.5993683812396958
adult_control_5,0,-1.5163935241180644
adult_control_5,0,-1.8441681419463034
adult_control_5,0,-2.0003311996338686
adult_control_5,0,-1.4168432222523053
adult_control_5,0,-0.5296285317767947
adult_control_5,0,-0.7404971808682531
adult_control_5,0,-1.4013986561980918
adult_control_5,0,-1.8713913931306372
adult_control_5,0,-1.5585521726994802
adult_control_5,0,-1.086102416067916
adult_control_5,0,-0.0759166887293489
adult_control_5,0,-1.0511474643194214
adult_control_5,0,-0.8119093104679845
adult_control_5,0,-1.1427098249345917
adult_control_5,0,-1.5681589181945705
adult_control_5,0,-1.1710136975951042
adult_control_5,0,-0.7885011393117306
adult_control_5,0,-0.540551004550044
adult_control_5,0,-0.1532770175911086
adult_control_5,0,-0.9729785708211417
adult_control_5,0,-1.1737887869256034
adult_control_5,0,-1.4715870481876105
adult_control_5,0,-1.51891307981259
adult_control_5,0,-1.174866973702163
adult_control_5,0,-1.1216494791528775
adult_control_5,0,-0.7373442784605254
adult_control_5,0,-1.4882134076785913
adult_control_5,0,-1.2208434212190626
adult_control_5,0,-0.44589295075809987
adult_control_5,0,-0.9494006830529055
adult_control_5,0,-0.5983520452819472
adult_control_5,0,-0.5298259562307138
adult_control_5,0,-0.9060532669959555
adult_control_5,0,-0.7348313137378865
adult_control_5,0,-0.8607129436871993
adult_control_5,0,-1.706183827365031
adult_control_5,0,-1.9309788875382299
adult_control_5,0,-1.5375260662121182
adult_control_5,0,-0.46594956143151334
adult_control_5,0,-1.464653917298965
adult_control_5,0,-1.2417645730948546
adult_control_5,0,-1.238466274409872
adult_control_5,0,-0.7218301364532332
adult_control_5,0,-1.0789920321627173
adult_control_5,0,-1.295018718959351
adult_control_5,0,-1.3691906535779519
adult_control_5,0,-1.3922034846155722
adult_control_5,0,-1.1628716592179016
adult_control_5,0,-1.0669672797460135
adult_control_5,0,-1.0430764055575565
adult_control_5,0,-0.5788796857384705
adult_control_5,0,-1.3286215872707317
adult_control_5,0,-0.30256374024095434
adult_control_5,0,-1.1639739850071442
adult_control_5,0,-0.8795162191907363
adult_control_5,0,-0.19601854780252773
adult_control_5,0,-0.75990802684292
adult_control_5,0,-0.7396098019535201
adult_control_5,0,-1.2212633609401324
adult_control_5,0,-1.176351286353765
adult_control_5,0,-1.5775518622180242
adult_control_5,0,-1.5632666568122244
adult_control_5,0,-2.1119059834129033
adult_control_5,0,-1.861844330076505
adult_control_5,0,-1.376514551964723
adult_control_5,0,-1.354408878219986
adult_control_5,0,-0.4446291664760026
adult_control_5,0,-1.2961076668777936
adult_control_5,0,-0.9372374033530776
adult_control_5,0,-0.9485455279824729
adult_control_5,0,-1.496255863596879
adult_control_5,0,-1.3290445589000714
adult_control_5,0,-1.4923898466025212
adult_control_5,0,-0.9828811768705451
adult_control_5,0,-0.8936088905389669
adult_control_5,0,-1.0509400374714795
adult_control_5,0,-1.1766065561137546
adult_control_5,0,-0.9931003764504255
adult_control_5,0,-0.9339452896193964
adult_control_5,0,-1.1039069675132231
adult_control_5,0,-1.0293778501754107
adult_control_5,0,-1.2909698302967993
adult_control_5,0,-0.9216708970908422
adult_control_5,0,-0.8585048350548802
adult_control_5,0,-0.9588876156503864
adult_control_5,0,-1.0293250916930887
adult_control_5,0,-1.0954830181994915
adult_control_5,0,-1.0847929945535353
adult_control_5,0,-0.8448209859689494
adult_control_5,0,-0.6848806118120517
adult_control_5,0,-0.563891499577858
adult_control_5,0,-0.3669005925177745
adult_control_5,0,-1.3868149058582282
adult_control_5,0,-1.258675581447115
adult_control_5,0,-1.077698030020171
adult_control_5,0,-1.2893737924840916
adult_control_5,0,-0.8686496144531038
adult_control_5,0,-0.717161020925348
adult_control_5,0,-1.3692592822503062
adult_control_5,0,-0.6840472395535854
adult_control_5,0,-0.9657019047706877
adult_control_5,0,-1.7231114597009967
adult_control_5,0,-1.4448060280630104
adult_control_5,0,-1.2535326054412699
adult_control_5,0,-0.9490102915368882
adult_control_5,0,-1.2201556097967563
adult_control_5,0,-1.386465789800667
adult_control_5,0,-0.9898641597334054
adult_control_5,0,-1.0010185645774405
adult_control_5,0,-0.9295527780699849
adult_control_5,0,-0.5303171399328738
adult_control_5,0,-0.9260394811859455
adult_control_5,0,-1.1899606281157546
adult_control_5,0,-0.942015647835669
adult_control_5,0,-1.0776958941238055
adult_control_5,0,-0.7711288617191897
adult_control_5,0,-1.3351238704689212
adult_control_5,0,-1.4520395233594305
adult_control_5,0,-0.29744722682018565
adult_control_5,0,0.37042077957238295
adult_control_5,0,-0.8545382129460289
adult_control_5,0,-0.496030501046301
adult_control_5,0,0.03792747638781089
adult_control_5,0,-0.5077842412987102
adult_control_5,0,-0.6176315027217653
adult_control_5,0,-0.6227100002508789
adult_control_5,0,-1.470829080336387
adult_control_5,0,-1.8096934921882326
adult_control_5,0,-1.327842130608461
adult_control_5,0,-0.6063734251964105
adult_control_5,0,-1.7484825554400216
adult_control_5,0,-1.193756372961683
adult_control_5,0,-0.7838025108298029
adult_control_5,0,-1.128487372702656
adult_control_5,0,-0.8285819940825742
adult_control_5,0,-0.9768045978669043
adult_control_5,0,-0.13523683431639047
adult_control_5,0,-0.2911963346892831
adult_control_5,0,-0.9976801155200111
adult_control_5,0,-0.9055699989358729
adult_control_5,0,-0.7027283117713131
adult_control_5,0,-1.5353189913172582
adult_control_5,0,-0.4686243576384669
adult_control_5,0,-0.263478717127008
adult_control_5,0,-0.3476147560846331
adult_control_5,0,0.02750639699898292
adult_control_5,0,-0.06759823874859575
adult_control_5,0,-0.3894119358658962
adult_control_5,0,-0.1329670841791634
adult_control_5,0,0.13865236165145997
adult_control_5,0,-0.6427743472272763
adult_control_5,0,-0.4921548762540414
adult_control_5,0,-0.04977339850273834
adult_control_5,0,-0.801466738618004
adult_control_5,0,-1.1848596110320173
adult_control_5,0,-1.5465538988090373
adult_control_5,0,-0.2904038653255102
adult_control_5,0,-0.9131185834116747
adult_control_5,0,-1.930715423063831
adult_control_5,0,-1.5511859984547725
adult_control_5,0,-0.6147983066911958
adult_control_5,0,-0.5519833605809289
adult_control_5,0,0.05421626241714259
adult_control_5,0,-0.6628335569447191
adult_control_5,0,-0.4090269347640366
adult_control_5,0,-1.0649060102978218
adult_control_5,0,-0.7145683171897773
adult_control_5,0,-0.16367750640698633
adult_control_5,0,-0.6676040799112214
adult_control_5,0,-0.7691304256822743
adult_control_5,0,-0.7658238869095942
adult_control_5,0,-1.3082180134977093
adult_control_5,0,-1.102968910911688
adult_control_5,0,-0.45853200816759976
adult_control_5,0,-0.6776571277441191
adult_control_5,0,-0.5367352641353732
adult_control_5,0,-0.5360196270812118
adult_control_5,0,-0.6665549093498132
adult_control_5,0,-0.35312185886292846
adult_control_5,0,-0.7548444314991344
adult_control_5,0,-0.24495276728529305
adult_control_5,0,-0.7997319076419193
adult_control_5,0,0.27089877688566466
adult_control_5,0,-0.14323844929949683
adult_control_5,0,-0.08481796745336237
adult_control_5,0,-0.1186444460399069
adult_control_5,0,-0.23038190553705098
adult_control_5,0,-1.4782619517536737
adult_control_5,0,-1.341395398919645
adult_control_5,0,-1.1779964170998043
adult_control_5,0,-1.1464847527929174
adult_control_5,0,-0.25427295970561914
adult_control_5,0,-0.7495265973211346
adult_control_5,0,-1.848725546466128
adult_control_5,0,-0.9770531024660015
adult_control_5,0,-0.7371188281650597
adult_control_5,0,-0.8556907373427326
adult_control_5,0,-0.9343515934043313
adult_control_5,0,-1.3046255741461499
adult_control_5,0,-0.8583747310012647
adult_control_5,0,-0.9386970525352804
adult_control_5,0,-1.5331368963205176
adult_control_5,0,-1.2970590462858462
adult_control_5,0,-0.13498980185615342
adult_control_5,0,-0.19138646595584144
adult_control_5,0,-0.6133898322938437
adult_control_5,0,-0.8534936187459751
adult_control_5,0,-1.603660551508923
adult_control_5,0,-0.41976765153956774
adult_control_5,0,-0.717032125758469
adult_control_5,0,0.07532454044005829
adult_control_5,0,-0.5456844296180686
adult_control_5,0,-1.2102971807244653
adult_control_5,0,-1.5595239755710526
adult_control_5,0,-0.28461197082334777
adult_control_5,0,-1.1401668655065809
adult_control_5,0,-1.2028762793864272
adult_control_5,0,0.20729794031960233
adult_control_5,0,-0.8600937417258531
adult_control_5,0,-1.2974267973770113
adult_control_5,0,-0.47345235326132273
adult_control_5,0,-1.1708424673862767
adult_control_5,0,-0.9527447370670993
adult_control_5,0,-0.3868104543134495
adult_control_5,0,-0.9580843498449537
adult_control_5,0,-1.5572404185594466
adult_control_5,0,-0.9874013163607603
adult_control_5,0,-1.0473345536916363
adult_control_5,0,-1.4949856575790368
adult_control_5,0,-0.8605056074021421
adult_control_5,0,-0.38880625043189043
adult_control_5,0,-1.2785195178053352
adult_control_5,0,-1.016028457583002
adult_control_5,0,-1.1506832272287428
adult_control_5,0,-0.7792471681435725
adult_control_5,0,-0.5410161075322696
adult_control_5,0,-0.10207790152146848
adult_control_5,0,-0.28491838930435376
adult_control_5,0,-0.5244620915884827
adult_control_5,0,0.0039927766720696325
adult_control_5,0,-0.11617377410419563
adult_control_5,0,-0.649150940639401
adult_control_5,0,-1.4312182942190255
adult_control_5,0,-1.408246011298719
adult_control_5,0,-1.177970726897787
adult_control_5,0,-1.2821706192678208
adult_control_5,0,-0.6770804984498343
adult_control_5,0,-0.16190595227488994
adult_control_5,0,-0.5422706176819355
adult_control_5,0,-1.5079119488121115
adult_control_5,0,-0.09515482252566212
adult_control_5,0,0.5643757478374362
adult_control_5,0,-0.2593588747424457
adult_control_5,0,-0.532245956161283
adult_control_5,0,-0.18572518057945855
adult_control_5,0,0.3244574499046299
adult_control_5,0,-0.414311847985095
adult_control_5,0,-0.6138646312633441
adult_control_5,0,0.25996789030556366
adult_control_5,0,0.13689469014145147
adult_control_5,0,-0.12845862393011834
adult_control_5,0,-0.8146836200407862
adult_control_5,0,-0.8239880859589744
adult_control_5,0,-0.7931106568244027
adult_control_5,0,-0.3880358489659258
adult_control_5,0,-1.232347486415955
adult_control_5,0,-0.9409283909226803
adult_control_5,0,-0.9369262631738108
adult_control_5,0,-1.0466458181143272
adult_control_5,0,-0.03355541694061417
adult_control_5,0,-0.21865650578225485
adult_control_5,0,-0.820253341984276
adult_control_5,0,-0.9751279172067829
adult_control_5,0,-0.7647591573616052
adult_control_5,0,-1.298635828095771
adult_control_5,0,-0.5596353220727671
adult_control_5,0,0.36881448068772305
adult_control_5,0,0.0383378924228591
adult_control_5,0,-0.9963723226285198
adult_control_5,0,-0.6635928776812804
adult_control_5,0,-0.19056390913093182
adult_control_5,0,-0.0025141477116154207
adult_control_5,0,-0.9723986359048412
adult_control_5,0,-0.5024485181728812
adult_control_5,0,-0.951280615874662
adult_control_5,0,-1.0971997749095945
adult_control_5,0,0.7702193485086634
adult_control_5,0,0.4379373573950157
adult_control_5,0,-1.0121096744418758
adult_control_5,0,-0.9381679168985734
adult_control_5,0,-0.6071543082947363
adult_control_5,0,-0.13797089367750806
adult_control_5,0,-0.7711261195748617
adult_control_5,0,-0.8889822453137465
adult_control_5,0,-0.29751471289111053
adult_control_5,0,0.16297179052233587
adult_control_5,0,-1.1836488816197592
adult_control_5,0,-1.0485330412009484
adult_control_5,0,-0.4117390103006019
adult_control_5,0,-0.7307731081014354
adult_control_5,0,-0.41319519891420453
adult_control_5,0,-0.7137749997493773
adult_control_5,0,-0.9622959407432584
adult_control_5,0,-0.4007960898176245
adult_control_5,0,0.3005956671100628
adult_control_5,0,-0.3029490661213229
adult_control_5,0,-0.17137648625527593
adult_control_5,0,-1.2433562619602236
adult_control_5,0,-0.9468073790292427
adult_control_5,0,-0.21752267090023727
adult_control_5,0,-1.0932098772356769
adult_control_5,0,-1.2898470146961531
adult_control_5,0,-0.8458840696474391
adult_control_5,0,0.10694958358282278
adult_control_5,0,0.07822621929290649
adult_control_5,0,0.263471877634574
adult_control_5,0,-0.5631029939888935
adult_control_5,0,-0.3600086300913493
adult_control_5,0,-0.23511090489837141
adult_control_5,0,-0.7831756523892514
adult_control_5,0,-1.08157774678262
adult_control_5,0,-1.159388243673233
adult_control_5,0,-0.20531498477117874
adult_control_5,0,-0.6167611542245707
adult_control_5,0,-1.875190213524544
adult_control_5,0,-1.2455219927005703
adult_control_5,0,-0.3592065881651879
adult_control_5,0,-0.4152296214602441
adult_control_5,0,-0.576499211666443
adult_control_5,0,-1.1374494008141256
adult_control_5,0,-0.4552996992923649
adult_control_5,0,-0.6868358139107199
adult_control_5,0,-0.07995773093253247
adult_control_5,0,-0.7051184218909955
adult_control_5,0,-0.489437195948481
adult_control_5,0,-0.3618707287905959
adult_control_5,0,-0.43476624260874164
adult_control_5,0,-1.2735746841932531
adult_control_5,0,-1.6307674967600607
adult_control_5,0,-1.3304597428454108
adult_control_5,0,-0.8025833389394154
adult_control_5,0,-1.41455110495201
adult_control_5,0,-0.9045921263691267
adult_control_5,0,-0.8842981286002075
adult_control_5,0,-1.728903579469819
adult_control_5,0,-2.138344710064988
adult_control_5,0,-1.313612787169606
adult_control_5,0,-1.6120966178115836
adult_control_5,0,-0.755792580936549
adult_control_5,0,-0.6150300019510987
adult_control_5,0,-0.8523238284155717
adult_control_5,0,-0.9382804603408869
adult_control_5,0,-0.8526010154185889
adult_control_5,0,-0.6189729081946357
adult_control_5,0,-0.8699844461126317
adult_control_5,0,-0.5774279710320983
adult_control_5,0,-0.6132684191623595
adult_control_5,0,-0.9169730311783376
adult_control_5,0,-0.8100742585951711
adult_control_5,0,-1.6132652782961212
adult_control_5,0,-1.5483417301210658
adult_control_5,0,-0.6789916330029951
adult_control_5,0,-0.9325266481511377
adult_control_5,0,-1.1704598887758297
adult_control_5,0,-1.2066236096758227
adult_control_5,0,-0.6179416678269235
adult_control_5,0,-1.2850879354348068
adult_control_5,0,-0.7834303368515932
adult_control_5,0,-0.8953745717072626
adult_control_5,0,-0.7358601643057544
adult_control_5,0,-0.34624066112881635
adult_control_5,0,0.18616138107864674
adult_control_5,0,-0.91443033180659
adult_control_5,0,-1.1479019967842454
adult_control_5,0,-1.117095831599633
adult_control_5,0,-0.4420492012999392
adult_control_5,0,-0.5085360902880972
adult_control_5,0,-1.3594895404817877
adult_control_5,0,-0.04390772990026539
adult_control_5,0,0.24257679667341722
adult_control_5,0,-0.031300149460216
adult_control_5,0,-1.2702870739832428
adult_control_5,0,-1.0306115779690774
adult_control_5,0,-1.0768898821785644
adult_control_5,0,-1.1648041123439317
adult_control_5,0,-1.0022677001441394
adult_control_5,0,-0.3497605571627299
adult_control_5,0,0.5587845636030219
adult_control_5,0,-0.5030266763896457
adult_control_5,0,-0.14717941583141272
adult_control_5,0,-0.9253154729600207
adult_control_5,0,-1.2572625774621087
adult_control_6,0,-0.2552517320430433
adult_control_6,0,0.3504151610093166
adult_control_6,0,-0.03150471002660451
adult_control_6,0,-0.3735499065073137
adult_control_6,0,-0.6943535498266894
adult_control_6,0,0.3139352553419409
adult_control_6,0,-0.13845368465161992
adult_control_6,0,0.18689122622273277
adult_control_6,0,0.34241961198010407
adult_control_6,0,-0.05235406772276221
adult_control_6,0,-0.7548033259956103
adult_control_6,0,0.2690571569761039
adult_control_6,0,0.24731791896112662
adult_control_6,0,-0.13903516674391572
adult_control_6,0,-0.3643156094467276
adult_control_6,0,-0.4849779481709059
adult_control_6,0,-0.48808284514851186
adult_control_6,0,-0.36675535526387415
adult_control_6,0,-0.856188158799211
adult_control_6,0,0.010089295981834924
adult_control_6,0,0.5974766663004131
adult_control_6,0,0.5567759848181867
adult_control_6,0,0.0018523459717650695
adult_control_6,0,-0.06552076221969641
adult_control_6,0,0.22899188796114087
adult_control_6,0,-0.10021035227225097
adult_control_6,0,0.1556084401946479
adult_control_6,0,0.42608534114068786
adult_control_6,0,-0.13343734711049474
adult_control_6,0,-0.11120352281511528
adult_control_6,0,0.3672660949572123
adult_control_6,0,-0.16349118541863775
adult_control_6,0,-0.42225984803164296
adult_control_6,0,-0.40417228660998095
adult_control_6,0,0.058969349063430966
adult_control_6,0,0.2576585623751769
adult_control_6,0,-0.13277167307748075
adult_control_6,0,-0.25790022132644796
adult_control_6,0,0.19065738601819468
adult_control_6,0,0.38972133465661385
adult_control_6,0,-0.445149007193251
adult_control_6,0,-0.2981120771567686
adult_control_6,0,-0.28174941368204987
adult_control_6,0,-0.6588299246862318
adult_control_6,0,-0.3311348728145672
adult_control_6,0,0.00543602206564895
adult_control_6,0,0.5456360192214512
adult_control_6,0,0.09827461199666096
adult_control_6,0,0.19429533544604735
adult_control_6,0,0.08311077606480718
adult_control_6,0,0.11527301035540347
adult_control_6,0,0.17970314070098023
adult_control_6,0,0.05059374427355721
adult_control_6,0,0.11945049657713555
adult_control_6,0,0.23442819489501296
adult_control_6,0,-0.7443017075744803
adult_control_6,0,-0.11727562774553482
adult_control_6,0,0.03751903579051872
adult_control_6,0,0.549568294382247
adult_control_6,0,-0.4641904987289166
adult_control_6,0,-0.6121125442530019
adult_control_6,0,-0.4790251607753325
adult_control_6,0,-1.0073685046669603
adult_control_6,0,-0.8316171525628419
adult_control_6,0,-0.6940632815313189
adult_control_6,0,-0.41614472015971626
adult_control_6,0,0.28235092078270674
adult_control_6,0,-0.36400295732887133
adult_control_6,0,-0.13673833623271828
adult_control_6,0,0.4807966554673496
adult_control_6,0,0.6004159952380898
adult_control_6,0,0.3500823065691968
adult_control_6,0,0.4703849151630136
adult_control_6,0,0.41581026867022663
adult_control_6,0,-0.01727906681587523
adult_control_6,0,0.13110314469819925
adult_control_6,0,-0.341236421113145
adult_control_6,0,0.16900219885704146
adult_control_6,0,0.19516136305259976
adult_control_6,0,-0.49755659749772574
adult_control_6,0,0.33037530235241797
adult_control_6,0,0.5767630106474991
adult_control_6,0,-0.551873919890486
adult_control_6,0,-0.5980273851195602
adult_control_6,0,-0.028181148693997925
adult_control_6,0,0.7402898509456796
adult_control_6,0,0.6587708665205444
adult_control_6,0,-0.40891674384267673
adult_control_6,0,0.43927513533946405
adult_control_6,0,0.7421861217957312
adult_control_6,0,0.5653742593984138
adult_control_6,0,0.07890698601688237
adult_control_6,0,-0.023627897908830152
adult_control_6,0,0.4163062960367553
adult_control_6,0,0.7645465503887424
adult_control_6,0,0.6458663855607806
adult_control_6,0,-0.9126565180529974
adult_control_6,0,-0.5143677947186064
adult_control_6,0,0.008287391360418984
adult_control_6,0,0.6465856899614432
adult_control_6,0,-0.2980477232328681
adult_control_6,0,-0.2677508316349847
adult_control_6,0,0.22978347429303855
adult_control_6,0,0.0687996704977892
adult_control_6,0,0.5169422817233414
adult_control_6,0,-0.09500508298237423
adult_control_6,0,0.735691272017094
adult_control_6,0,0.39451958574104895
adult_control_6,0,0.3619595874287286
adult_control_6,0,-0.4046561600971098
adult_control_6,0,-0.07257015638283129
adult_control_6,0,-0.4077106346428011
adult_control_6,0,-0.42986039749911675
adult_control_6,0,-0.12135101884859659
adult_control_6,0,-0.016162102850657688
adult_control_6,0,0.5085830253750939
adult_control_6,0,0.25825546793628906
adult_control_6,0,0.24459556034499572
adult_control_6,0,-0.2837735667447351
adult_control_6,0,-0.11936904394512596
adult_control_6,0,-0.15619056496544995
adult_control_6,0,-0.18047772109038576
adult_control_6,0,0.022225456258926003
adult_control_6,0,0.9132596620277488
adult_control_6,0,1.1613675295439307
adult_control_6,0,0.4119775593463776
adult_control_6,0,-0.44303172807175295
adult_control_6,0,-0.17671549634196584
adult_control_6,0,0.015084574705310862
adult_control_6,0,0.2761979332328056
adult_control_6,0,0.6975143145164308
adult_control_6,0,0.05466918472258362
adult_control_6,0,0.29009581843842647
adult_control_6,0,0.4197744512084084
adult_control_6,0,0.465817699118957
adult_control_6,0,0.4985308158569183
adult_control_6,0,-0.5790424584122439
adult_control_6,0,-0.3884038815145162
adult_control_6,0,0.7311711161214808
adult_control_6,0,0.09646645384898686
adult_control_6,0,-0.35496626536367903
adult_control_6,0,0.4036781990129811
adult_control_6,0,0.790982904399614
adult_control_6,0,0.77414272916154
adult_control_6,0,0.5125576878012211
adult_control_6,0,0.530907172684005
adult_control_6,0,0.7768430792912185
adult_control_6,0,-0.09630831129588549
adult_control_6,0,0.24580940392435577
adult_control_6,0,0.6645574591649127
adult_control_6,0,0.25422100011561055
adult_control_6,0,0.23063135405953625
adult_control_6,0,0.33331805354412014
adult_control_6,0,-0.6515350671474883
adult_control_6,0,-0.5986116919131289
adult_control_6,0,-0.6905458185667616
adult_control_6,0,-0.5993344774189969
adult_control_6,0,-0.3914215658622243
adult_control_6,0,-0.4492231409459254
adult_control_6,0,0.36833792000759147
adult_control_6,0,0.8542645106429886
adult_control_6,0,0.281804909311517
adult_control_6,0,0.5603807006931333
adult_control_6,0,0.5207795511374714
adult_control_6,0,0.7395326635577418
adult_control_6,0,0.26767599353691385
adult_control_6,0,0.3125427134351658
adult_control_6,0,0.25830593605124197
adult_control_6,0,0.307544457216138
adult_control_6,0,-0.07845291080193775
adult_control_6,0,0.10925356204204126
adult_control_6,0,0.11788340647629089
adult_control_6,0,1.5258218929585619
adult_control_6,0,1.0688387929196805
adult_control_6,0,-0.20201210378427473
adult_control_6,0,-0.1271315772240488
adult_control_6,0,-0.2878517322325783
adult_control_6,0,0.9127568738946633
adult_control_6,0,0.6533398528052082
adult_control_6,0,0.5863283858671663
adult_control_6,0,0.4054265022949265
adult_control_6,0,0.39590062235081025
adult_control_6,0,-0.4745501777088451
adult_control_6,0,-0.035435476998006886
adult_control_6,0,0.2910371268345632
adult_control_6,0,0.3724231597073727
adult_control_6,0,0.24859915222983417
adult_control_6,0,0.5096465512875504
adult_control_6,0,0.8014243028906206
adult_control_6,0,0.15127721532388091
adult_control_6,0,0.1231584366336925
adult_control_6,0,-0.31515493425618
adult_control_6,0,-0.22550084417274743
adult_control_6,0,-0.33101322669792566
adult_control_6,0,0.6149032739081158
adult_control_6,0,0.8901680695172877
adult_control_6,0,0.6068798637544638
adult_control_6,0,0.08348576556992135
adult_control_6,0,-0.2250687116478515
adult_control_6,0,0.4150823282526571
adult_control_6,0,1.7832951740204952
adult_control_6,0,1.1331395345291262
adult_control_6,0,0.4156353580394222
adult_control_6,0,0.7092555495030904
adult_control_6,0,0.916137194528084
adult_control_6,0,0.8264563589905408
adult_control_6,0,1.3349341428734922
adult_control_6,0,1.4007852014553341
adult_control_6,0,0.7838821168945499
adult_control_6,0,0.5854510948584221
adult_control_6,0,0.8411160868653705
adult_control_6,0,0.09260997574903138
adult_control_6,0,1.8146847834344246
adult_control_6,0,0.8404327545206624
adult_control_6,0,0.829906483638987
adult_control_6,0,0.6265229225334493
adult_control_6,0,0.5171700955744908
adult_control_6,0,0.646919105297017
adult_control_6,0,1.147808662937758
adult_control_6,0,0.11325829329904433
adult_control_6,0,0.07218230944665124
adult_control_6,0,0.6156366807627728
adult_control_6,0,-0.45589839437649615
adult_control_6,0,-0.6111390132425564
adult_control_6,0,0.9051522895939038
adult_control_6,0,0.5533394004172939
adult_control_6,0,-0.37048676107715106
adult_control_6,0,0.8610441052113639
adult_control_6,0,1.2566585902224414
adult_control_6,0,0.9974246046895049
adult_control_6,0,0.5721853824299395
adult_control_6,0,0.5624296869759321
adult_control_6,0,1.0324880723014767
adult_control_6,0,-0.05669898604342496
adult_control_6,0,0.2582318176606401
adult_control_6,0,-0.7087126837931014
adult_control_6,0,-0.02089364471533397
adult_control_6,0,-0.1218612159599183
adult_control_6,0,0.15539908947262412
adult_control_6,0,0.9708991251096061
adult_control_6,0,-0.6161394558807637
adult_control_6,0,-1.359893768525625
adult_control_6,0,0.7451506767761572
adult_control_6,0,-0.05192687900282857
adult_control_6,0,0.21525626275981677
adult_control_6,0,-0.3562930740079636
adult_control_6,0,0.6407492180458295
adult_control_6,0,-0.08023724594750484
adult_control_6,0,-0.3653803560860859
adult_control_6,0,0.5998864721982483
adult_control_6,0,0.2739493709301374
adult_control_6,0,0.499926608001939
adult_control_6,0,0.8763443246349382
adult_control_6,0,0.48406543063732876
adult_control_6,0,-0.16549117242221492
adult_control_6,0,-0.5318148602187825
adult_control_6,0,-0.14539650587957578
adult_control_6,0,0.1712568153426753
adult_control_6,0,0.6185146361055841
adult_control_6,0,0.8479420354785049
adult_control_6,0,-0.40121395503252344
adult_control_6,0,-0.522826980422212
adult_control_6,0,0.04207097770802424
adult_control_6,0,1.0661239928384685
adult_control_6,0,0.7906581653526247
adult_control_6,0,0.6507781449473483
adult_control_6,0,0.6320040154345575
adult_control_6,0,0.6110142021798991
adult_control_6,0,0.5063849730928506
adult_control_6,0,-0.17676441881790286
adult_control_6,0,0.34042898350667683
adult_control_6,0,0.15761723796117497
adult_control_6,0,0.41923664789026127
adult_control_6,0,0.49205614788962093
adult_control_6,0,0.36403889247763976
adult_control_6,0,0.3956409162476665
adult_control_6,0,0.40831185412406346
adult_control_6,0,1.1097424745299316
adult_control_6,0,0.9638934791419552
adult_control_6,0,-0.19117439491081925
adult_control_6,0,-0.37586600961920247
adult_control_6,0,0.03238042083682533
adult_control_6,0,0.25723600804996105
adult_control_6,0,-0.7964267100061447
adult_control_6,0,-0.8692041660804736
adult_control_6,0,0.32597253242759694
adult_control_6,0,0.45664192899680656
adult_control_6,0,-0.17479459163319513
adult_control_6,0,0.4609382703151278
adult_control_6,0,0.4266514352694989
adult_control_6,0,0.3447712759113061
adult_control_6,0,0.6270596770396014
adult_control_6,0,0.4121953911237687
adult_control_6,0,-0.23632130817127753
adult_control_6,0,-0.5553292441449965
adult_control_6,0,0.31484671450258583
adult_control_6,0,0.8507813158749161
adult_control_6,0,-0.4598935096246891
adult_control_6,0,0.44252102211045286
adult_control_6,0,0.4027387882346761
adult_control_6,0,0.6141447565228072
adult_control_6,0,0.3770368473105955
adult_control_6,0,0.35998327612402525
adult_control_6,0,1.198480245062377
adult_control_6,0,0.7491778226328508
adult_control_6,0,0.2728617222265407
adult_control_6,0,-0.06454876237960985
adult_control_6,0,0.3927927500711249
adult_control_6,0,0.351656410074512
adult_control_6,0,0.6979437077519092
adult_control_6,0,0.07751585073199427
adult_control_6,0,0.6124135757655124
adult_control_6,0,-0.00661544540857175
adult_control_6,0,-0.144401379368761
adult_control_6,0,-0.35033851896678436
adult_control_6,0,-0.4959071227222086
adult_control_6,0,0.736660208886376
adult_control_6,0,0.8090055670674002
adult_control_6,0,0.9452529177009393
adult_control_6,0,1.2781485368279393
adult_control_6,0,0.6317746019271865
adult_control_6,0,0.08742071416194816
adult_control_6,0,-0.21952372774081655
adult_control_6,0,-0.1122512221609461
adult_control_6,0,0.20108813440598636
adult_control_6,0,0.9978277018688494
adult_control_6,0,0.1269650866309929
adult_control_6,0,-0.669419883615617
adult_control_6,0,-0.006191390095686165
adult_control_6,0,0.5312595918680559
adult_control_6,0,1.0537684898342383
adult_control_6,0,0.21615341988828893
adult_control_6,0,0.04646296243943535
adult_control_6,0,0.01092453724324969
adult_control_6,0,0.5423867369023193
adult_control_6,0,0.7385315427697298
adult_control_6,0,0.7641600026311496
adult_control_6,0,0.34609898998780075
adult_control_6,0,0.8511248713149336
adult_control_6,0,0.976110201742424
adult_control_6,0,-0.34728156181369696
adult_control_6,0,0.27382257390435927
adult_control_6,0,0.6587224708616636
adult_control_6,0,1.002673841995457
adult_control_6,0,0.6784380747115454
adult_control_6,0,0.2092609156245749
adult_control_6,0,-0.05944002233220393
adult_control_6,0,0.590279679779577
adult_control_6,0,0.05218049589926164
adult_control_6,0,0.4525988788581189
adult_control_6,0,0.39624882989362364
adult_control_6,0,-0.08703666836627724
adult_control_6,0,0.853425485943773
adult_control_6,0,0.8890622365147413
adult_control_6,0,0.20272946370975128
adult_control_6,0,1.1494249395848435
adult_control_6,0,0.6158614588562822
adult_control_6,0,-0.6819506927465245
adult_control_6,0,-0.5560488926317192
adult_control_6,0,-0.12813044283088795
adult_control_6,0,0.8479543172848653
adult_control_6,0,0.6013029871355774
adult_control_6,0,0.32029981199332147
adult_control_6,0,0.29753836970707737
adult_control_6,0,0.5191417597169058
adult_control_6,0,0.711360402909048
adult_control_6,0,0.8589931769904539
adult_control_6,0,1.1128745542309337
adult_control_6,0,0.630891641250909
adult_control_6,0,0.523823136065611
adult_control_6,0,0.9589095798891846
adult_control_6,0,1.1683956779017373
adult_control_6,0,0.0015675675288409976
adult_control_6,0,-0.4181029487639124
adult_control_6,0,0.3833379125597959
adult_control_6,0,1.00866803049776
adult_control_6,0,0.3212570870883532
adult_control_6,0,1.0931805556170784
adult_control_6,0,0.6128763400061664
adult_control_6,0,-0.17247376028843223
adult_control_6,0,-0.40311881561192064
adult_control_6,0,-0.2987296061791568
adult_control_6,0,0.25968574294575053
adult_control_6,0,-0.42912292370791494
adult_control_6,0,-0.1838788902544274
adult_control_6,0,0.2179303925560739
adult_control_6,0,1.0456359491111127
adult_control_6,0,0.04692781152025569
adult_control_6,0,-0.07583637664263856
adult_control_6,0,0.30074369192801254
adult_control_6,0,0.2689971500029197
adult_control_6,0,0.40530232995803905
adult_control_6,0,0.569316529930295
adult_control_6,0,0.19691110072932813
adult_control_6,0,-0.06792403603006028
adult_control_6,0,0.1460920731472589
adult_control_6,0,0.14097090487924788
adult_control_6,0,-0.30872694931790867
adult_control_6,0,0.27367243167430166
adult_control_6,0,0.47456376306663606
adult_control_6,0,0.6619824440195982
adult_control_6,0,0.06888183749709906
adult_control_6,0,0.1156160147404158
adult_control_6,0,0.24165917865183859
adult_control_6,0,0.061162494401094315
adult_control_6,0,0.9094607043802588
adult_control_6,0,1.5301249876825915
adult_control_6,0,0.4029907705596686
adult_control_6,0,0.7912470936019745
adult_control_6,0,1.117416555536701
adult_control_6,0,1.0001882374665865
adult_control_6,0,-0.12768099570568517
adult_control_6,0,-0.5080382336507839
adult_control_6,0,0.6437362943983352
adult_control_6,0,-0.07376311157417473
adult_control_6,0,-0.02568022057324617
adult_control_6,0,0.28709376486666127
adult_control_6,0,0.1433194653244488
adult_control_6,0,-0.06720292800969477
adult_control_6,0,0.44987884383130095
adult_control_6,0,0.7702944010129308
adult_control_6,0,-0.41906169725933606
adult_control_6,0,-0.04716912612916815
adult_control_6,0,0.03903527680488059
adult_control_6,0,0.22944770641260934
adult_control_6,0,-0.30177103279172124
adult_control_6,0,-0.2314069716937003
adult_control_6,0,-0.1447395069163621
adult_control_6,0,0.2891944924266646
adult_control_6,0,-0.37247955884771045
adult_control_6,0,0.23033467900524637
adult_control_6,0,-0.06110163966945805
adult_control_6,0,0.2245019921904073
adult_control_6,0,-0.6789575552639587
adult_control_6,0,0.1840870224236056
adult_control_6,0,-0.036310450688562666
adult_control_6,0,-0.15755078992632301
adult_control_6,0,-0.46809795934465803
adult_control_6,0,-1.0093930334086205
adult_control_6,0,-0.5980413177096303
adult_control_6,0,0.3239436504663048
adult_control_6,0,0.19614698696129604
adult_control_6,0,0.08526163178449683
adult_control_6,0,0.40296725590688764
adult_control_6,0,0.2706916187817999
adult_control_6,0,-0.031482718240351114
adult_control_6,0,0.020240752322019252
adult_control_6,0,0.9103096727911036
adult_control_6,0,1.0166747349764353
adult_control_6,0,0.967356373330624
adult_control_6,0,0.40810387965491757
adult_control_6,0,-0.313544823145801
adult_control_6,0,0.11320283911770854
adult_control_6,0,0.20023473510930287
adult_control_6,0,0.14798233113540035
adult_control_6,0,0.20926342335900125
adult_control_6,0,0.26464664977401775
adult_control_6,0,0.23450662395775587
adult_control_6,0,-0.43445591336804534
adult_control_6,0,-0.11410759642396454
adult_control_6,0,-0.2287967328630475
adult_control_6,0,-0.5238238717871456
adult_control_6,0,-0.10851183171110881
adult_control_6,0,0.009115654343011405
adult_control_6,0,0.7660563961507255
adult_control_6,0,1.1555688317351
adult_control_6,0,0.7396308570256332
adult_control_6,0,0.0602271411618772
adult_control_6,0,-0.35935568776392424
adult_control_6,0,-0.38178859011210287
adult_control_6,0,0.30417795372186707
adult_control_6,0,-0.12055641581483592
adult_control_6,0,0.2603793998460989
adult_control_6,0,0.44934004195992794
adult_control_6,0,0.29317765498884685
adult_control_6,0,0.0004973292556350387
adult_control_6,0,0.7106696474310038
adult_control_6,0,0.1426729921723143
adult_control_6,0,0.6105576778720724
adult_control_6,0,1.0910650612298367
adult_control_6,0,0.5867369833376751
adult_control_6,0,0.6642670868932697
adult_control_6,0,0.26403713380709004
adult_control_6,0,-0.6263500597997002
adult_control_6,0,-0.301257625609923
adult_control_6,0,-0.27774785846498495
adult_control_6,0,0.45980552173142597
adult_control_6,0,-0.1560866492139791
adult_control_6,0,0.27836162709975476
adult_control_6,0,0.15961801453348387
adult_control_6,0,0.25883556805109553
adult_control_6,0,1.532598036080389
adult_control_6,0,0.3856586890204975
adult_control_6,0,-0.5898538451642267
adult_control_6,0,-0.17764853326106414
adult_control_6,0,1.1852191111825898
adult_control_6,0,0.5712471008867982
adult_control_6,0,0.8345203745737911
adult_control_6,0,0.8427009758904621
adult_control_6,0,0.07524508221441514
adult_control_6,0,0.13984243213928202
adult_control_6,0,0.06591362060079761
adult_control_6,0,-0.345906883932379
adult_control_6,0,0.06872531901767384
adult_control_6,0,0.41399647771463377
adult_control_6,0,0.539772742863213
adult_control_6,0,-0.43557171330336597
adult_control_6,0,-0.1013768094503659
adult_control_6,0,-0.42457257391121084
adult_control_6,0,-0.26691830829793195
adult_control_6,0,0.2389461196898411
adult_control_6,0,0.2093753316027361
adult_control_6,0,0.4126002461008774
adult_control_6,0,0.8584396024216222
adult_control_6,0,0.9734635116792459
adult_control_6,0,0.25975825227318705
adult_control_6,0,0.5654662852681024
adult_control_6,0,-0.03387327310948809
adult_control_6,0,-0.5063014731144951
adult_control_6,0,0.3025406769621536
adult_control_6,0,0.8732259869323428
adult_control_6,0,0.2567854290760133
adult_control_6,0,0.10050082696659421
adult_control_6,0,-0.3872938337363049
adult_control_6,0,-0.39041265876118014
adult_control_6,0,0.6451347577559036
adult_control_6,0,1.0314997198069293
adult_control_6,0,0.8031608439342467
adult_control_6,0,0.32928080469213283
adult_control_6,0,0.3613223945040308
adult_control_6,0,0.33726946147604064
adult_control_6,0,0.17723012089242882
adult_control_6,0,0.39119426038583616
adult_control_6,0,0.214813872848132
adult_control_6,0,-0.02705403012615184
adult_control_6,0,-0.24131087930272824
adult_control_6,0,-0.21943087998340208
adult_control_6,0,-0.10570555700462406
adult_control_6,0,0.47885237407548964
adult_control_6,0,0.04556230447451091
adult_control_6,0,0.5870672709818506
adult_control_6,0,0.4946723950340003
adult_control_6,0,-0.8582107097886115
adult_control_6,0,-0.40307807105705107
adult_control_6,0,-0.16856185361083034
adult_control_6,0,0.6852328869046086
adult_control_6,0,0.12060386519724284
adult_control_6,0,0.3053711718639117
adult_control_6,0,0.9590991234978131
adult_control_6,0,0.6585306305360105
adult_control_6,0,-0.07004590586107798
adult_control_6,0,0.09438526626132945
adult_control_6,0,0.036661393637728336
adult_control_6,0,-0.7605485003287907
adult_control_6,0,0.22510469390256613
adult_control_6,0,-0.03485374497852325
adult_control_6,0,0.123855493674034
adult_control_6,0,0.3487141154330581
adult_control_6,0,0.00015418463769565488
adult_control_6,0,0.03494358302940368
adult_control_6,0,-0.255559192676709
adult_control_6,0,0.20879426308879986
adult_control_6,0,-0.20681767759597705
adult_control_6,0,-0.1177894097246858
adult_control_6,0,-0.24896789722621984
adult_control_6,0,-1.2226185250828547
adult_control_6,0,0.07414359853480876
adult_control_6,0,-0.807039207167417
adult_control_6,0,-0.742428887580857
adult_control_6,0,-0.6834514283372365
adult_control_6,0,0.2997661472716163
adult_control_6,0,0.5451366943838504
adult_control_6,0,-0.7232888994900172
adult_control_6,0,0.032056895512654206
adult_control_6,0,0.17126277562480227
adult_control_6,0,-0.5649223727754275
adult_control_6,0,-0.3009319136793217
adult_control_6,0,-0.6310264857546656
adult_control_6,0,-0.547483490931496
adult_control_6,0,-0.403998846846059
adult_control_6,0,0.548356664044989
adult_control_6,0,-0.273142473265909
adult_control_6,0,-0.9964882522012605
adult_control_6,0,0.23746506016315658
adult_control_6,0,-0.600340558474619
adult_control_6,0,-0.6491144406834465
adult_control_6,0,-0.04167225724426462
adult_control_6,0,-0.31454442111475733
adult_control_6,0,-0.13442588886696907
adult_control_6,0,0.6832599591474852
adult_control_6,0,0.20562306965904273
adult_control_6,0,0.3882465135120886
adult_control_6,0,-0.39305097430809866
adult_control_6,0,-0.35575936446750356
adult_control_6,0,-0.2928910875155658
adult_control_6,0,1.3272642264248176
adult_control_6,0,1.4790757567027266
adult_control_6,0,0.4786513296809588
adult_control_6,0,0.7110292071231276
adult_control_6,0,-0.9339151308410848
adult_control_6,0,-1.598238444546645
adult_control_6,0,-0.2610224487939584
adult_control_6,0,0.4976462072550657
adult_control_6,0,-0.23163604897417214
adult_control_6,0,0.2119062380108648
adult_control_6,0,1.0307394762045452
adult_control_6,0,0.4170586990102906
adult_control_6,0,0.9330191101077633
adult_control_6,0,0.5038586919981488
adult_control_6,0,-0.5652467161020905
adult_control_7,0,-1.5144217595188074
adult_control_7,0,-0.5940144137595172
adult_control_7,0,-0.08921544137055362
adult_control_7,0,-0.6950333007157073
adult_control_7,0,-0.6267376252123696
adult_control_7,0,-0.07303516510118505
adult_control_7,0,0.21943890638866578
adult_control_7,0,-0.7163875326960584
adult_control_7,0,-0.880022506964563
adult_control_7,0,-0.5454561084093331
adult_control_7,0,0.128783139285754
adult_control_7,0,-0.9662479547702064
adult_control_7,0,-0.8638144138739307
adult_control_7,0,-0.2511305225291903
adult_control_7,0,-0.12752761685818195
adult_control_7,0,-0.6774736072865067
adult_control_7,0,-0.7440870401029346
adult_control_7,0,-0.7275680932241028
adult_control_7,0,-0.0292652061495823
adult_control_7,0,-0.7816931318044226
adult_control_7,0,-0.8151227340869748
adult_control_7,0,-0.46792462503509025
adult_control_7,0,-0.23608051185374182
adult_control_7,0,-0.39671291626636795
adult_control_7,0,-1.0191122217520103
adult_control_7,0,-1.0113400876663605
adult_control_7,0,-0.7805593751983192
adult_control_7,0,-0.7038028129893535
adult_control_7,0,-1.0120753803643696
adult_control_7,0,-0.7865766239076558
adult_control_7,0,-0.8341078008343853
adult_control_7,0,-0.7484808542876723
adult_control_7,0,-1.02948217017431
adult_control_7,0,-0.7159681313409066
adult_control_7,0,-1.1114757288485786
adult_control_7,0,-1.0292802478116698
adult_control_7,0,-0.6531162826519149
adult_control_7,0,-0.8014676080857147
adult_control_7,0,-0.47801882881446633
adult_control_7,0,-0.3843828500266423
adult_control_7,0,-0.20896393688049733
adult_control_7,0,-0.6958458669912438
adult_control_7,0,-0.7169456072404453
adult_control_7,0,-0.8151469148135825
adult_control_7,0,-0.8836192030219817
adult_control_7,0,-0.8282275454062596
adult_control_7,0,-0.903002122364918
adult_control_7,0,-0.019080970376077387
adult_control_7,0,-0.7938282957744461
adult_control_7,0,-0.7159054041876111
adult_control_7,0,-0.7270940116251102
adult_control_7,0,-0.7801029802214171
adult_control_7,0,-1.1339594492338114
adult_control_7,0,-0.6686206984479454
adult_control_7,0,-0.7673794836796629
adult_control_7,0,-1.6799840315544912
adult_control_7,0,-1.247995131267559
adult_control_7,0,-1.4260531450343392
adult_control_7,0,-0.983875365987655
adult_control_7,0,-0.8821152753693017
adult_control_7,0,-0.8108232638226197
adult_control_7,0,-0.7959420566689078
adult_control_7,0,-0.81853418331873
adult_control_7,0,-0.5412191648771806
adult_control_7,0,-1.0132782394787427
adult_control_7,0,-0.8365692568870474
adult_control_7,0,-0.8710136021881353
adult_control_7,0,-0.8036141416728116
adult_control_7,0,-0.637814956394123
adult_control_7,0,-0.6930769986913797
adult_control_7,0,-0.6177192378611424
adult_control_7,0,-0.4449360270243926
adult_control_7,0,-0.6967583221520489
adult_control_7,0,-0.647391832281416
adult_control_7,0,-0.7564644235681154
adult_control_7,0,-0.631806684287647
adult_control_7,0,-0.5129228356127834
adult_control_7,0,-0.8104618376879177
adult_control_7,0,-0.9869379941429391
adult_control_7,0,-0.20232664340545128
adult_control_7,0,-0.3631502376447523
adult_control_7,0,-0.44978595807936717
adult_control_7,0,-1.1681530624712708
adult_control_7,0,-1.0907208957940835
adult_control_7,0,-0.7230728928207547
adult_control_7,0,-0.5640252332690764
adult_control_7,0,-0.4849209126177393
adult_control_7,0,-0.12583109373934045
adult_control_7,0,-0.4225297667996982
adult_control_7,0,-0.9163170322370376
adult_control_7,0,-0.8924489864032868
adult_control_7,0,-0.7746307764383639
adult_control_7,0,-0.9315848174190132
adult_control_7,0,-0.558743662266794
adult_control_7,0,-0.5175072587096471
adult_control_7,0,-0.7180287121756449
adult_control_7,0,-0.7411841741476269
adult_control_7,0,-0.3196535247561564
adult_control_7,0,-1.2479571302934314
adult_control_7,0,-1.0493217379178925
adult_control_7,0,0.11826267225268525
adult_control_7,0,-0.15587804427444754
adult_control_7,0,-0.5507232612757836
adult_control_7,0,-0.7082805560773585
adult_control_7,0,-0.9545787693462912
adult_control_7,0,-0.7764952730379558
adult_control_7,0,-0.9322834515447344
adult_control_7,0,-0.7485911177090666
adult_control_7,0,-0.6201699225179155
adult_control_7,0,-0.1647274792874497
adult_control_7,0,-0.2522440355879042
adult_control_7,0,-0.7719893871900475
adult_control_7,0,-0.5588099252441333
adult_control_7,0,-0.30870965897630753
adult_control_7,0,-0.9690969626848539
adult_control_7,0,-0.8626097854225873
adult_control_7,0,-0.6870716211309759
adult_control_7,0,-0.8977399058813281
adult_control_7,0,-0.9589452408671811
adult_control_7,0,-0.8523597077550734
adult_control_7,0,-1.032227869558397
adult_control_7,0,-0.5282100065101004
adult_control_7,0,-0.919396153489687
adult_control_7,0,-1.221883368832581
adult_control_7,0,-0.9575534060105676
adult_control_7,0,-0.49316589934239674
adult_control_7,0,-0.5947054028971598
adult_control_7,0,-0.48120254686033526
adult_control_7,0,-0.4288398255194229
adult_control_7,0,-1.0042316481690574
adult_control_7,0,-0.4736529466813887
adult_control_7,0,-0.9110635594401332
adult_control_7,0,-0.707402653124744
adult_control_7,0,-0.9411215344985159
adult_control_7,0,-0.8353473371169898
adult_control_7,0,-0.7445085930045522
adult_control_7,0,-1.0443750938308498
adult_control_7,0,-0.3070124023070039
adult_control_7,0,-0.6401961549795175
adult_control_7,0,-0.314461486366313
adult_control_7,0,-0.048835718621977796
adult_control_7,0,-0.9768091257569494
adult_control_7,0,-0.6052155475263009
adult_control_7,0,-0.3554493933264248
adult_control_7,0,-0.5488542122739467
adult_control_7,0,-1.079883016142086
adult_control_7,0,-1.1364335436934456
adult_control_7,0,-0.5923604110556767
adult_control_7,0,-0.5897065155218012
adult_control_7,0,-0.8146147895490293
adult_control_7,0,-0.6263265656246019
adult_control_7,0,-0.7563909858042538
adult_control_7,0,-0.6351828527115216
adult_control_7,0,-0.7901638918054065
adult_control_7,0,-0.6182973711620757
adult_control_7,0,-0.1688502153832098
adult_control_7,0,-0.44800006131637227
adult_control_7,0,-0.5288884044270564
adult_control_7,0,-0.5983107669714455
adult_control_7,0,-0.4618578545705251
adult_control_7,0,-0.6593995379161929
adult_control_7,0,-1.3950731346051783
adult_control_7,0,-0.7184994287569165
adult_control_7,0,-0.143308901655033
adult_control_7,0,-0.38034529124185645
adult_control_7,0,-0.8545976919303765
adult_control_7,0,-0.5648246011543242
adult_control_7,0,-1.4138443780556376
adult_control_7,0,-1.4544912497135134
adult_control_7,0,-1.0039308860977099
adult_control_7,0,-0.426609149926639
adult_control_7,0,-0.5200087817206075
adult_control_7,0,-0.6240158839458919
adult_control_7,0,-0.7641964844343846
adult_control_7,0,-0.21090360116213117
adult_control_7,0,-0.40821593890998364
adult_control_7,0,-0.3731831238839124
adult_control_7,0,-0.7590769769915447
adult_control_7,0,0.27680923965055027
adult_control_7,0,0.6488912861428134
adult_control_7,0,-0.06308194147977533
adult_control_7,0,-0.4578209275111579
adult_control_7,0,-0.9421245891899072
adult_control_7,0,-0.7755534694348202
adult_control_7,0,-0.4172548681378804
adult_control_7,0,-0.10620485659705894
adult_control_7,0,-0.496458266813394
adult_control_7,0,-1.0007000829348955
adult_control_7,0,-0.38559982221223377
adult_control_7,0,-0.555560272335501
adult_control_7,0,-0.6327939381374054
adult_control_7,0,-0.6601373449749864
adult_control_7,0,-0.4834878518274056
adult_control_7,0,-0.011063549074823785
adult_control_7,0,-0.6563711828108237
adult_control_7,0,-0.5596095790600101
adult_control_7,0,-0.7736004413724057
adult_control_7,0,-0.33699479487905293
adult_control_7,0,-0.5895601920912478
adult_control_7,0,-0.9258562202850572
adult_control_7,0,-0.7787208528418365
adult_control_7,0,-0.5321842784967238
adult_control_7,0,-0.9107351492083321
adult_control_7,0,-1.2287575101544062
adult_control_7,0,-0.4527869358376918
adult_control_7,0,-0.9058637666153778
adult_control_7,0,-0.8934564488480848
adult_control_7,0,-0.904512802223424
adult_control_7,0,-0.5082906170854721
adult_control_7,0,-0.42755332179126737
adult_control_7,0,-0.5898826651272339
adult_control_7,0,-0.7220784669078356
adult_control_7,0,-0.1758967322093418
adult_control_7,0,0.07918856873047905
adult_control_7,0,-0.710883931727292
adult_control_7,0,-0.009451165194637755
adult_control_7,0,-0.06741983937453658
adult_control_7,0,-0.05653700790163798
adult_control_7,0,-0.8871557834746681
adult_control_7,0,-0.7865146252736491
adult_control_7,0,-0.6428278991594766
adult_control_7,0,-0.5685411467030222
adult_control_7,0,-0.7884071715698305
adult_control_7,0,-0.8297272732616306
adult_control_7,0,-0.5592114834195602
adult_control_7,0,-1.127576629264854
adult_control_7,0,-0.948183243439951
adult_control_7,0,-0.35052589078820773
adult_control_7,0,-0.6070657805047909
adult_control_7,0,-0.7266720841475939
adult_control_7,0,-1.059801837655234
adult_control_7,0,-0.4679659254596461
adult_control_7,0,-0.5886557099682758
adult_control_7,0,-0.19594453833241002
adult_control_7,0,-0.2218496382022507
adult_control_7,0,-0.475094072324861
adult_control_7,0,-1.0197457181164187
adult_control_7,0,-1.0690553231944664
adult_control_7,0,-0.6830064244405033
adult_control_7,0,-0.7938586949856495
adult_control_7,0,-0.5059615349767047
adult_control_7,0,-0.2904982250545277
adult_control_7,0,-1.0946064626493954
adult_control_7,0,-1.1989822017385068
adult_control_7,0,-0.932388785856041
adult_control_7,0,-0.6907944418320165
adult_control_7,0,-0.2021707614353895
adult_control_7,0,-0.8610141140774331
adult_control_7,0,-1.084731331942919
adult_control_7,0,-0.6019315244632207
adult_control_7,0,-0.9389748003720543
adult_control_7,0,-0.9191867264834811
adult_control_7,0,-0.568160849358322
adult_control_7,0,-0.61753168701992
adult_control_7,0,-0.48715660008540584
adult_control_7,0,-0.3070292439070802
adult_control_7,0,-1.1764805717386104
adult_control_7,0,-0.6393410618065672
adult_control_7,0,-0.3384052387007451
adult_control_7,0,0.027244384070050566
adult_control_7,0,-0.030300487349537518
adult_control_7,0,-0.3183612299482682
adult_control_7,0,-0.22925379112491076
adult_control_7,0,-0.6375378599884839
adult_control_7,0,-0.22956282147491072
adult_control_7,0,-0.6432396730230722
adult_control_7,0,-0.9071391918929937
adult_control_7,0,-0.8940307668350597
adult_control_7,0,-0.679920859529718
adult_control_7,0,-0.6575379944099161
adult_control_7,0,-0.7043859673442426
adult_control_7,0,-0.8977012203822249
adult_control_7,0,-0.7147257028857753
adult_control_7,0,-0.7614109573200122
adult_control_7,0,-0.5822537255418533
adult_control_7,0,-0.8138558331760003
adult_control_7,0,-1.215610107180495
adult_control_7,0,-0.9319170787753371
adult_control_7,0,-0.5181530715234873
adult_control_7,0,-0.8843845953740493
adult_control_7,0,-0.8578587234566405
adult_control_7,0,-0.4241657485664193
adult_control_7,0,-0.5643652821607427
adult_control_7,0,-0.42144499335668983
adult_control_7,0,-0.8374608546421575
adult_control_7,0,-0.9632084064944081
adult_control_7,0,-0.7852991394668555
adult_control_7,0,-0.2771594850284512
adult_control_7,0,-0.5110023946709464
adult_control_7,0,-0.2583017019266117
adult_control_7,0,-0.7768221943730208
adult_control_7,0,-0.45921241387716083
adult_control_7,0,-0.7796066223343251
adult_control_7,0,-0.5257267751656735
adult_control_7,0,-0.5407250182823028
adult_control_7,0,0.21150683275203094
adult_control_7,0,-0.4594543847041076
adult_control_7,0,-0.47870735659140784
adult_control_7,0,0.12997187604847324
adult_control_7,0,-0.3212406399900124
adult_control_7,0,-0.6233453255873277
adult_control_7,0,-0.5800859017486787
adult_control_7,0,-0.8096401936019729
adult_control_7,0,-0.6079899476821623
adult_control_7,0,-0.5520633629294059
adult_control_7,0,-0.9082498522640309
adult_control_7,0,-1.1495110498570917
adult_control_7,0,-0.6129639450352687
adult_control_7,0,-0.361003776584523
adult_control_7,0,-0.15984498762786262
adult_control_7,0,-0.6277316578940016
adult_control_7,0,-0.3729813805152705
adult_control_7,0,-0.6835525780915249
adult_control_7,0,-0.6751721902933462
adult_control_7,0,-0.39880929677072385
adult_control_7,0,-0.6347897649147604
adult_control_7,0,-0.11460064787516347
adult_control_7,0,-0.6956464460955786
adult_control_7,0,-0.8795339766393514
adult_control_7,0,-0.27003496097360313
adult_control_7,0,-0.5946862052733367
adult_control_7,0,-0.11558591210689509
adult_control_7,0,0.4053205282925051
adult_control_7,0,-0.755862716247277
adult_control_7,0,-0.9861201312808218
adult_control_7,0,-0.8024372267046095
adult_control_7,0,-0.5712924450010902
adult_control_7,0,-0.5604274829763861
adult_control_7,0,-0.1678035272137345
adult_control_7,0,-0.346625062691026
adult_control_7,0,-0.32847495029191476
adult_control_7,0,-0.17854967026133597
adult_control_7,0,-0.731690199970127
adult_control_7,0,-0.6327885423122303
adult_control_7,0,-0.21111692789952832
adult_control_7,0,-0.4442182995555285
adult_control_7,0,-0.6031900014167045
adult_control_7,0,-0.2796501203643612
adult_control_7,0,-1.3856869642478427
adult_control_7,0,-0.3302072398066914
adult_control_7,0,-0.5142663124519439
adult_control_7,0,-0.5173127131421523
adult_control_7,0,-0.564857910601824
adult_control_7,0,-0.634186534415868
adult_control_7,0,-0.7008424723700858
adult_control_7,0,-0.5894579372207683
adult_control_7,0,-0.8129148593382464
adult_control_7,0,-0.8023249859673663
adult_control_7,0,-0.33261377439181794
adult_control_7,0,-0.9085028153415146
adult_control_7,0,-0.16611340488846107
adult_control_7,0,-0.49641007236885526
adult_control_7,0,-0.4613570205236365
adult_control_7,0,-0.17565114809004748
adult_control_7,0,-0.4009075018019729
adult_control_7,0,-0.34551324774051506
adult_control_7,0,-0.2750989161698344
adult_control_7,0,-1.2154024543849418
adult_control_7,0,-0.8813230983159762
adult_control_7,0,-0.7956864622336662
adult_control_7,0,-0.6460270321963465
adult_control_7,0,-0.887811527885375
adult_control_7,0,-0.9965954537070391
adult_control_7,0,-0.6030739791662282
adult_control_7,0,-0.6167227745737359
adult_control_7,0,-0.6771941184349343
adult_control_7,0,-0.7614536746187545
adult_control_7,0,-1.2159154158482135
adult_control_7,0,-0.4925433315694566
adult_control_7,0,-0.09722135799942758
adult_control_7,0,-0.4560406756220522
adult_control_7,0,-0.6421323988016517
adult_control_7,0,-0.5077456753351116
adult_control_7,0,-0.6250930405242564
adult_control_7,0,-0.25712950004702495
adult_control_7,0,-0.11271029885999742
adult_control_7,0,0.0754864852116289
adult_control_7,0,-0.3476861391970102
adult_control_7,0,-0.7819758089062193
adult_control_7,0,-0.8763749020470913
adult_control_7,0,-0.9963198421919998
adult_control_7,0,-0.3921390957505281
adult_control_7,0,-1.1809937198773168
adult_control_7,0,0.38059591689058936
adult_control_7,0,-0.3787403737357907
adult_control_7,0,-1.1571817692396338
adult_control_7,0,-0.4747069598263022
adult_control_7,0,-0.4769658220555194
adult_control_7,0,-0.6967365642173177
adult_control_7,0,-0.2577991576507007
adult_control_7,0,-0.4093532117135953
adult_control_7,0,-0.634478418174042
adult_control_7,0,-0.5384511872050818
adult_control_7,0,-0.21834156257121587
adult_control_7,0,-0.6546752806632464
adult_control_7,0,-0.4195865400224469
adult_control_7,0,-0.603009183078341
adult_control_7,0,-0.4060595551757754
adult_control_7,0,-0.7814364300652564
adult_control_7,0,-0.5663231108440198
adult_control_7,0,-0.6018977366174302
adult_control_7,0,-0.3036511674258823
adult_control_7,0,-0.7468332719567939
adult_control_7,0,-0.7118802980488236
adult_control_7,0,-0.8010099980879705
adult_control_7,0,-0.9950372826748092
adult_control_7,0,-1.0444988735699652
adult_control_7,0,-0.7070137646532756
adult_control_7,0,-1.0431777851341382
adult_control_7,0,-0.8734546602031571
adult_control_7,0,-0.3812542152395174
adult_control_7,0,-0.31781710578886047
adult_control_7,0,-0.3766906892327916
adult_control_7,0,-0.7307439791195874
adult_control_7,0,-0.962684875758144
adult_control_7,0,-0.031175033021882646
adult_control_7,0,-0.8415337450002739
adult_control_7,0,-0.8061318418716595
adult_control_7,0,-1.3889205791108883
adult_control_7,0,-0.883088477765355
adult_control_7,0,-0.9909927150845664
adult_control_7,0,-1.3283911998470428
adult_control_7,0,-0.7232714026864672
adult_control_7,0,-0.34422400083554583
adult_control_7,0,-0.30194606585247585
adult_control_7,0,-0.2836780647223883
adult_control_7,0,-0.6545702534807706
adult_control_7,0,-0.9608769693456446
adult_control_7,0,-0.6104102532528882
adult_control_7,0,0.06423866124411912
adult_control_7,0,-0.3588011519597297
adult_control_7,0,-0.39205988061422026
adult_control_7,0,-0.6773684529743228
adult_control_7,0,-0.81724874287113
adult_control_7,0,-0.4037580131707087
adult_control_7,0,-0.8959722020323263
adult_control_7,0,-1.0565068164478393
adult_control_7,0,-0.7138895470094203
adult_control_7,0,-0.4925945711504317
adult_control_7,0,-0.1299839495887384
adult_control_7,0,-0.3546656931716744
adult_control_7,0,-0.4989352299986519
adult_control_7,0,-0.5193656576400313
adult_control_7,0,-0.4177505555074664
adult_control_7,0,-0.4953694544789936
adult_control_7,0,-0.7102969521237003
adult_control_7,0,-0.41003722636601514
adult_control_7,0,-0.7338414937522918
adult_control_7,0,-0.902397706767576
adult_control_7,0,-0.9791059335186397
adult_control_7,0,-0.6522279762691369
adult_control_7,0,-0.172464178669442
adult_control_7,0,-1.031229059367552
adult_control_7,0,-0.9772684698914883
adult_control_7,0,-0.48040755063893437
adult_control_7,0,-0.3368055939024378
adult_control_7,0,-0.8232991151153474
adult_control_7,0,-0.22147521176390397
adult_control_7,0,-0.7833033462515332
adult_control_7,0,-0.38189714282165965
adult_control_7,0,-0.5322401619130009
adult_control_7,0,-0.7758910528614534
adult_control_7,0,-0.4127357989595296
adult_control_7,0,-0.830302989001204
adult_control_7,0,-1.1317652938123142
adult_control_7,0,-0.42195046365964994
adult_control_7,0,-1.0066439659069841
adult_control_7,0,-1.1387480965377015
adult_control_7,0,-0.42757522376943224
adult_control_7,0,-1.046883330512499
adult_control_7,0,-0.7326571026044827
adult_control_7,0,-0.47627744418287576
adult_control_7,0,0.10261416412269239
adult_control_7,0,-0.21788872528863648
adult_control_7,0,-0.43742937870171017
adult_control_7,0,-0.8050493721588227
adult_control_7,0,-0.7490353995499869
adult_control_7,0,-0.5638104994005596
adult_control_7,0,-0.7937188801455072
adult_control_7,0,-1.1755905941848206
adult_control_7,0,-0.6834894701570179
adult_control_7,0,-0.43452741238508474
adult_control_7,0,-0.4037828839729619
adult_control_7,0,-0.12487722238936474
adult_control_7,0,-0.6236423599342692
adult_control_7,0,-0.10271351744660598
adult_control_7,0,-0.22962271824414673
adult_control_7,0,-0.22055351161686457
adult_control_7,0,-0.6614388564797901
adult_control_7,0,-0.8239812030675141
adult_control_7,0,-0.765637971224625
adult_control_7,0,-0.6109984071648883
adult_control_7,0,-0.6077493785956055
adult_control_7,0,-0.518509784998264
adult_control_7,0,-0.5837302531441296
adult_control_7,0,-0.5337474905296274
adult_control_7,0,-0.5738026824029444
adult_control_7,0,-0.6611569430126546
adult_control_7,0,-0.7978304509035005
adult_control_7,0,-0.3698179139005394
adult_control_7,0,-0.6446433376879147
adult_control_7,0,-0.36738729955111393
adult_control_7,0,-0.30029526796870865
adult_control_7,0,-0.3076032627693518
adult_control_7,0,-0.4946644113804254
adult_control_7,0,-0.5205211399548507
adult_control_7,0,0.021157466841892437
adult_control_7,0,-0.10231383453905787
adult_control_7,0,-0.10639202305718146
adult_control_7,0,-0.20507452644439353
adult_control_7,0,-0.9951883494977002
adult_control_7,0,-1.0331504993965175
adult_control_7,0,-1.2378678328231452
adult_control_7,0,-0.9068315820743557
adult_control_7,0,-0.2968007377127283
adult_control_7,0,-0.47635761465204307
adult_control_7,0,-0.6131809433860521
adult_control_7,0,-0.6594484095936529
adult_control_7,0,-0.5902703653804701
adult_control_7,0,-0.4592842650170649
adult_control_7,0,-0.9481262259160829
adult_control_7,0,-0.786863805023914
adult_control_7,0,-0.004207259976914644
adult_control_7,0,-0.46007670900353215
adult_control_7,0,-0.5914639814159338
adult_control_7,0,-0.6947450474726947
adult_control_7,0,-0.6480629592331727
adult_control_7,0,-0.33511274908792676
adult_control_7,0,-0.4642270011509265
adult_control_7,0,-0.38955334473276737
adult_control_7,0,-0.49772704568118475
adult_control_7,0,-0.21680134581626334
adult_control_7,0,-0.429292512861985
adult_control_7,0,-0.5048019204003248
adult_control_7,0,-0.7910965338466766
adult_control_7,0,-0.6544030590961171
adult_control_7,0,-0.8539076496618504
adult_control_7,0,-0.5318227046457101
adult_control_7,0,-0.42284265611376826
adult_control_7,0,-0.27980455297574724
adult_control_7,0,-0.6890762955378208
adult_control_7,0,-0.7559744653781534
adult_control_7,0,-0.7053188702825602
adult_control_7,0,-0.578606803374602
adult_control_7,0,-0.5188697015954705
adult_control_7,0,-0.03131832386422131
adult_control_7,0,-0.374285812271128
adult_control_7,0,-1.2071414659291855
adult_control_7,0,-0.3555057908951683
adult_control_7,0,-0.21512501674620346
adult_control_7,0,-0.7627839888784304
adult_control_7,0,-0.6681854037903493
adult_control_7,0,-0.7517874314287057
adult_control_7,0,-0.798576722825214
adult_control_7,0,-0.8524268646001952
adult_control_7,0,-0.6974874176722733
adult_control_7,0,-1.118133919101267
adult_control_7,0,-0.7932439522871028
adult_control_7,0,-0.9233986216394664
adult_control_7,0,-0.8639491383704442
adult_control_7,0,-0.7744645609583326
adult_control_7,0,-0.5122950793694095
adult_control_7,0,-0.6305853425737403
adult_control_7,0,-0.7817556379579557
adult_control_7,0,-0.502123272950047
adult_control_7,0,-0.19403103931591117
adult_control_7,0,-0.5902853453806757
adult_control_7,0,-0.3172321390073084
adult_control_7,0,-0.4103517783132363
adult_control_7,0,-1.120511163695734
adult_control_7,0,-0.5115392175494201
adult_control_7,0,-0.4409709853196334
adult_control_7,0,-0.7085817530786088
adult_control_7,0,-0.6481661123427974
adult_control_7,0,-0.5550451101269606
adult_control_7,0,-1.2092807044545841
adult_control_7,0,-1.1586762532860986
adult_control_7,0,-0.6424516244910498
adult_control_7,0,-0.7011292628064559
adult_control_7,0,-0.6016236723092038
adult_control_7,0,-0.9402555438862351
adult_control_7,0,-1.0090274077484414
adult_control_7,0,-0.7042513049036189
adult_control_7,0,-1.178264883909458
adult_control_7,0,-0.5592203241835908
adult_control_7,0,-0.8430169937506377
adult_control_7,0,-0.2698201085316455
adult_control_7,0,0.004929280843438556
adult_control_7,0,-0.6120029421466965
adult_control_7,0,-0.9588972416427656
adult_control_7,0,-0.8563094620897179
adult_control_7,0,-0.8556227989609057
adult_control_7,0,-1.1254693259281305
adult_control_7,0,-0.6171240045540335
adult_control_7,0,-0.48900194671874686
adult_control_7,0,-0.32917395295493923
adult_control_7,0,-0.9313806303403215
adult_control_7,0,-0.7789122465539243
adult_control_7,0,-0.08645828153129057
adult_control_7,0,-0.4212761041925662
adult_control_7,0,-0.7581040506477249
adult_control_7,0,-0.1748105044066061
adult_control_7,0,-0.4630016240465439
adult_control_7,0,-0.646584478363167
adult_control_7,0,-0.9375294227823557
adult_control_7,0,-0.6792758985871056
adult_control_7,0,-0.7362569594421448
adult_control_7,0,-0.6365804144650625
adult_control_7,0,-0.2974614397143348
adult_control_7,0,-0.30443950316278856
adult_control_7,0,-0.5727171870126172
adult_control_7,0,-0.9109599420892581
adult_control_7,0,-1.1419727119438945
adult_control_7,0,-1.1769953974684992
adult_control_7,0,-0.6068360004454986
adult_control_7,0,-0.7804744059249583
adult_control_7,0,-1.0163772285453025
adult_control_7,0,-0.8575499177585993
adult_control_7,0,-1.2431839011982562
adult_control_7,0,-0.7740031782228981
adult_control_8,0,-1.01277031913195
adult_control_8,0,-1.672359876253462
adult_control_8,0,-1.637171730817065
adult_control_8,0,-1.8206101398155903
adult_control_8,0,-1.7863286594905374
adult_control_8,0,-2.1510755037874323
adult_control_8,0,-2.1411707633238364
adult_control_8,0,-2.8479435166912
adult_control_8,0,-1.816044390650017
adult_control_8,0,-1.7375269799211073
adult_control_8,0,-2.233118053053839
adult_control_8,0,-1.862863821572348
adult_control_8,0,-2.0198806627779304
adult_control_8,0,-2.6797473518083867
adult_control_8,0,-2.253276781829587
adult_control_8,0,-1.7593965527972204
adult_control_8,0,-2.002415238098309
adult_control_8,0,-2.0707841468052
adult_control_8,0,-2.250588735191002
adult_control_8,0,-0.8446827268268237
adult_control_8,0,-1.7285332697204048
adult_control_8,0,-2.065490318885989
adult_control_8,0,-2.8960591839930094
adult_control_8,0,-2.478990310888043
adult_control_8,0,-1.883147715243898
adult_control_8,0,-1.3916368322335835
adult_control_8,0,-1.5876254934372458
adult_control_8,0,-1.6110681069045656
adult_control_8,0,-1.1713287370065175
adult_control_8,0,-1.0378642340220674
adult_control_8,0,-1.9851035724422332
adult_control_8,0,-2.199906648138297
adult_control_8,0,-1.2699047175780689
adult_control_8,0,-1.512154448348244
adult_control_8,0,-1.3276514596388869
adult_control_8,0,-0.518304897183551
adult_control_8,0,-1.0835904582690485
adult_control_8,0,-1.642066158897272
adult_control_8,0,-1.888754753511091
adult_control_8,0,-1.7843214649816064
adult_control_8,0,-1.848661298832847
adult_control_8,0,-2.1006660327726734
adult_control_8,0,-2.67460885670351
adult_control_8,0,-2.332167090854867
adult_control_8,0,-1.443116521914483
adult_control_8,0,-2.507133278341063
adult_control_8,0,-1.8542126343252703
adult_control_8,0,-2.46535562982153
adult_control_8,0,-2.071912017155181
adult_control_8,0,-1.233856598428292
adult_control_8,0,-1.922804914295679
adult_control_8,0,-2.3456391182470924
adult_control_8,0,-2.1500450631124473
adult_control_8,0,-1.7941646960861455
adult_control_8,0,-2.524023977070584
adult_control_8,0,-2.272231988225192
adult_control_8,0,-1.2728664894782549
adult_control_8,0,-1.108242630676345
adult_control_8,0,-0.7324529883574277
adult_control_8,0,-1.1659552903361892
adult_control_8,0,-1.9301454208452586
adult_control_8,0,-1.023780612296719
adult_control_8,0,-1.326192936810493
adult_control_8,0,-2.2142322071246934
adult_control_8,0,-2.4162941156339843
adult_control_8,0,-2.8595126451470185
adult_control_8,0,-2.37109555917083
adult_control_8,0,-1.1191965158888397
adult_control_8,0,-1.8891547001169997
adult_control_8,0,-1.9535594418882627
adult_control_8,0,-1.0313287348162157
adult_control_8,0,-1.5528981350159952
adult_control_8,0,-1.7153589120879338
adult_control_8,0,-1.30057685784723
adult_control_8,0,-0.7212554054740029
adult_control_8,0,-1.250142125946577
adult_control_8,0,-1.9611430929244884
adult_control_8,0,-1.3712827978075288
adult_control_8,0,-1.1882070111929517
adult_control_8,0,-1.781804985502688
adult_control_8,0,-2.536758813103739
adult_control_8,0,-1.818856557308754
adult_control_8,0,-1.9394756718322506
adult_control_8,0,-1.9359507552257278
adult_control_8,0,-1.8468218184624279
adult_control_8,0,-1.5781174424166515
adult_control_8,0,-1.5683587090324007
adult_control_8,0,-1.1390866766379504
adult_control_8,0,-1.9528539918943446
adult_control_8,0,-1.5721104981479521
adult_control_8,0,-0.9812996421271348
adult_control_8,0,-1.2761706341900179
adult_control_8,0,-1.4340689991380762
adult_control_8,0,-1.6286689822216416
adult_control_8,0,-1.260594908845515
adult_control_8,0,-0.7865475076664364
adult_control_8,0,-0.9304429147980681
adult_control_8,0,-1.2014517391857376
adult_control_8,0,-0.012252554315520657
adult_control_8,0,-1.5532146546835763
adult_control_8,0,-0.98109212295236
adult_control_8,0,-1.2254177608797865
adult_control_8,0,-1.3717467195890443
adult_control_8,0,-1.414864738772641
adult_control_8,0,-1.0365006841200444
adult_control_8,0,-0.9828760889624942
adult_control_8,0,-1.5484042729706369
adult_control_8,0,-1.8707170659685122
adult_control_8,0,-1.9453029712813326
adult_control_8,0,-0.8101929067855055
adult_control_8,0,-1.0254712143694187
adult_control_8,0,-2.2802196171248985
adult_control_8,0,-2.926202200124755
adult_control_8,0,-1.7113168469207722
adult_control_8,0,-2.324550240243608
adult_control_8,0,-1.5694922943140606
adult_control_8,0,-1.7677911944542117
adult_control_8,0,-1.801473693563676
adult_control_8,0,-1.4134067654460525
adult_control_8,0,-2.0259506894902053
adult_control_8,0,-1.2154867274919403
adult_control_8,0,-1.4886442502776656
adult_control_8,0,-2.1627140313212347
adult_control_8,0,-2.6803786380157852
adult_control_8,0,-1.8997770256670097
adult_control_8,0,-1.6245461204974925
adult_control_8,0,-2.426983066934862
adult_control_8,0,-1.9572063624085954
adult_control_8,0,-1.2664445854461346
adult_control_8,0,-1.3109937193682306
adult_control_8,0,-0.8563396484137188
adult_control_8,0,-1.4841474523225635
adult_control_8,0,-1.8837475413203029
adult_control_8,0,-1.152287093053665
adult_control_8,0,-1.2262488499610145
adult_control_8,0,-1.6597984487101112
adult_control_8,0,-2.395792462405313
adult_control_8,0,-1.4283563936533064
adult_control_8,0,-1.414169289827207
adult_control_8,0,-1.5945595864960165
adult_control_8,0,-1.2135997761466517
adult_control_8,0,-1.1274425419904035
adult_control_8,0,-1.0371767934733715
adult_control_8,0,-1.09562676902169
adult_control_8,0,-1.668938277465033
adult_control_8,0,-1.848075982942079
adult_control_8,0,-1.7056855004640958
adult_control_8,0,-1.4716894868152548
adult_control_8,0,-2.20189033121051
adult_control_8,0,-1.8608136204245858
adult_control_8,0,-1.4918044081696844
adult_control_8,0,-2.0675910160364985
adult_control_8,0,-2.1315004785729617
adult_control_8,0,-2.1099670416464438
adult_control_8,0,-1.999531180654882
adult_control_8,0,-1.6005815590405597
adult_control_8,0,-1.0911534697335883
adult_control_8,0,-1.8485970962314813
adult_control_8,0,-1.7936839152388728
adult_control_8,0,-2.0048628208967267
adult_control_8,0,-1.8159763679967873
adult_control_8,0,-2.005530301014029
adult_control_8,0,-1.0521841842049477
adult_control_8,0,-1.20024495254187
adult_control_8,0,-2.520806408301915
adult_control_8,0,-1.411373307754932
adult_control_8,0,-1.5432475801975793
adult_control_8,0,-1.4028999284160815
adult_control_8,0,-1.5950253384532234
adult_control_8,0,-1.2187144127243852
adult_control_8,0,-1.3885086954623236
adult_control_8,0,-1.1852942599986256
adult_control_8,0,-2.180171962272724
adult_control_8,0,-1.3697971916363052
adult_control_8,0,-1.1102629829007373
adult_control_8,0,-1.646609577494499
adult_control_8,0,-1.634414902561712
adult_control_8,0,-1.5216901936072205
adult_control_8,0,-0.9640366257895673
adult_control_8,0,-0.43280641367280637
adult_control_8,0,-1.4524239829411085
adult_control_8,0,-1.2419137716534223
adult_control_8,0,-1.2402063311914415
adult_control_8,0,-1.3696370100131547
adult_control_8,0,-0.7366931066390426
adult_control_8,0,-0.9128019729266929
adult_control_8,0,-1.3961666846124587
adult_control_8,0,-1.0049338993595232
adult_control_8,0,-0.49398754195842576
adult_control_8,0,-0.5327421650685683
adult_control_8,0,-0.7237742956567178
adult_control_8,0,-1.4928581179111609
adult_control_8,0,-1.4569769971270716
adult_control_8,0,-1.0996451540016756
adult_control_8,0,-1.3991157434759978
adult_control_8,0,-2.2275518605418623
adult_control_8,0,-2.647725159296164
adult_control_8,0,-1.953474430252018
adult_control_8,0,-1.0844134865195785
adult_control_8,0,-0.6791885964980992
adult_control_8,0,-1.2194519955632046
adult_control_8,0,-1.6928696731043171
adult_control_8,0,-1.6463161146950527
adult_control_8,0,-2.1760589419698886
adult_control_8,0,-1.2543027187242766
adult_control_8,0,-0.7408476882082334
adult_control_8,0,-0.9740105417600374
adult_control_8,0,-1.114254494802669
adult_control_8,0,-0.9371763350883219
adult_control_8,0,-1.1721287393313427
adult_control_8,0,-1.4364964067327475
adult_control_8,0,-1.2454679879962844
adult_control_8,0,-0.8798082656060616
adult_control_8,0,-0.9936446525099764
adult_control_8,0,-1.4668852158047052
adult_control_8,0,-1.908619806377423
adult_control_8,0,-1.9110336412665938
adult_control_8,0,-1.9613843153332873
adult_control_8,0,-1.1710671711496854
adult_control_8,0,-1.9321815882523428
adult_control_8,0,-1.83441147091645
adult_control_8,0,-2.495430753781418
adult_control_8,0,-1.872790581769741
adult_control_8,0,-1.167577378505384
adult_control_8,0,-0.47059062954450226
adult_control_8,0,-1.410076791156138
adult_control_8,0,-1.8889675779889656
adult_control_8,0,-2.0935185435349424
adult_control_8,0,-2.1966729425959404
adult_control_8,0,-2.2584095990697004
adult_control_8,0,-2.0016521796922344
adult_control_8,0,-1.6266325757642957
adult_control_8,0,-2.0888275712860898
adult_control_8,0,-2.0103635298043274
adult_control_8,0,-1.8828579624100463
adult_control_8,0,-2.105511855356554
adult_control_8,0,-1.6988158446211732
adult_control_8,0,-2.601631230129854
adult_control_8,0,-2.0848144401868764
adult_control_8,0,-1.8347413319516188
adult_control_8,0,-1.341200748323537
adult_control_8,0,-1.34515952631849
adult_control_8,0,-1.5787606679127366
adult_control_8,0,-2.0729539631385547
adult_control_8,0,-2.3314421015617173
adult_control_8,0,-1.606742174106023
adult_control_8,0,-0.8552377265282564
adult_control_8,0,-2.283848882444468
adult_control_8,0,-2.315336033278339
adult_control_8,0,-1.3306586796233502
adult_control_8,0,-1.0484052488247464
adult_control_8,0,-1.6639145609751065
adult_control_8,0,-1.7323141154650048
adult_control_8,0,-1.9137570674554492
adult_control_8,0,-1.6705755598586625
adult_control_8,0,-1.9844186864429383
adult_control_8,0,-1.8946821956832305
adult_control_8,0,-2.04331851361181
adult_control_8,0,-2.0221577606664347
adult_control_8,0,-1.8902409495102441
adult_control_8,0,-1.662053077976239
adult_control_8,0,-2.460841808771257
adult_control_8,0,-2.165731908133656
adult_control_8,0,-1.2468475923690354
adult_control_8,0,-1.0363765825690714
adult_control_8,0,-1.360316571636773
adult_control_8,0,-2.620091593662437
adult_control_8,0,-2.7191761534162007
adult_control_8,0,-1.6289225076731895
adult_control_8,0,-2.2165134369925172
adult_control_8,0,-2.049285164511353
adult_control_8,0,-2.15686851530159
adult_control_8,0,-2.0012495124432443
adult_control_8,0,-1.113324044242336
adult_control_8,0,-1.3640841597567461
adult_control_8,0,-1.439168716039085
adult_control_8,0,-1.0332884582282351
adult_control_8,0,-1.0980048651813505
adult_control_8,0,-1.5168312214644746
adult_control_8,0,-2.021371527693015
adult_control_8,0,-2.083753545352261
adult_control_8,0,-2.2471614786058196
adult_control_8,0,-1.1931008964788115
adult_control_8,0,-1.8631994858534902
adult_control_8,0,-2.4134435856658136
adult_control_8,0,-1.6574423062291568
adult_control_8,0,-1.412207964782187
adult_control_8,0,-1.7902993289315905
adult_control_8,0,-2.0986412005784567
adult_control_8,0,-1.9207150582981107
adult_control_8,0,-1.426125849656518
adult_control_8,0,-0.9256286238137877
adult_control_8,0,-0.9514012283651264
adult_control_8,0,-1.5369113222835398
adult_control_8,0,-1.0651871109494615
adult_control_8,0,-1.8806198912351975
adult_control_8,0,-2.0537095806040213
adult_control_8,0,-1.1449241016990435
adult_control_8,0,-1.7072523883403417
adult_control_8,0,-1.1962319548283817
adult_control_8,0,-0.8118562630164051
adult_control_8,0,-1.8761484962983577
adult_control_8,0,-1.340726234930774
adult_control_8,0,-1.035362037608781
adult_control_8,0,-1.6884648013251171
adult_control_8,0,-1.9308530445740404
adult_control_8,0,-1.1087441502973943
adult_control_8,0,-1.8559373532792756
adult_control_8,0,-1.938862329838067
adult_control_8,0,-0.9472683953647828
adult_control_8,0,-1.6250222530904388
adult_control_8,0,-3.1134248393848374
adult_control_8,0,-2.8611631879384225
adult_control_8,0,-2.1813710588143476
adult_control_8,0,-2.5389522239926157
adult_control_8,0,-1.8831626461882776
adult_control_8,0,-1.6525026687895918
adult_control_8,0,-0.9250708226714378
adult_control_8,0,-1.1362935467398465
adult_control_8,0,-1.599408564431768
adult_control_8,0,-1.129616844908584
adult_control_8,0,-1.0474928943667834
adult_control_8,0,-1.4447761495371392
adult_control_8,0,-0.6336226945012536
adult_control_8,0,-2.300813153679215
adult_control_8,0,-3.3909986832285224
adult_control_8,0,-2.6709106409738714
adult_control_8,0,-2.3445916174256305
adult_control_8,0,-2.089698758421245
adult_control_8,0,-1.5769867225263576
adult_control_8,0,-1.2109399141920152
adult_control_8,0,-1.59231508476452
adult_control_8,0,-1.5087731379688183
adult_control_8,0,-1.828523546187729
adult_control_8,0,-1.622066689551513
adult_control_8,0,-2.2161466289172362
adult_control_8,0,-1.8219628795385994
adult_control_8,0,-1.3728526724128347
adult_control_8,0,-1.7102662229735088
adult_control_8,0,-1.5145746835078682
adult_control_8,0,-1.623203871662139
adult_control_8,0,-1.4395969771685264
adult_control_8,0,-1.523854285090327
adult_control_8,0,-1.4486112381188514
adult_control_8,0,-2.5427774710991784
adult_control_8,0,-1.9490685280165585
adult_control_8,0,-1.8452326971253208
adult_control_8,0,-1.8242009611384487
adult_control_8,0,-1.6725339226639728
adult_control_8,0,-1.0057296422803526
adult_control_8,0,-1.727769625952095
adult_control_8,0,-1.4831991986248174
adult_control_8,0,-1.577419768817026
adult_control_8,0,-1.0632966321141377
adult_control_8,0,-1.2631546752941674
adult_control_8,0,-1.15208814953334
adult_control_8,0,-1.3702449605281282
adult_control_8,0,-1.7265013979480215
adult_control_8,0,-2.1132070488963235
adult_control_8,0,-2.1126141481980487
adult_control_8,0,-1.3609826596888364
adult_control_8,0,-1.2430064677492303
adult_control_8,0,-1.6199862159330527
adult_control_8,0,-1.5874674543069602
adult_control_8,0,-2.201822745305164
adult_control_8,0,-2.0965840088443946
adult_control_8,0,-2.027964986209109
adult_control_8,0,-2.2289049014545856
adult_control_8,0,-1.644608952651999
adult_control_8,0,-1.4209717473005057
adult_control_8,0,-1.979013644754843
adult_control_8,0,-1.9483254622237496
adult_control_8,0,-1.4706842053049
adult_control_8,0,-1.8392390248299155
adult_control_8,0,-2.334721326489157
adult_control_8,0,-2.255700403466056
adult_control_8,0,-1.5910874466805733
adult_control_8,0,-1.493151745879886
adult_control_8,0,-0.8231411268526062
adult_control_8,0,-1.5352665634035443
adult_control_8,0,-2.2344667934131164
adult_control_8,0,-1.4808357275294957
adult_control_8,0,-1.6588379691218513
adult_control_8,0,-1.0758597859286976
adult_control_8,0,-1.1627466651635272
adult_control_8,0,-0.8550837975541409
adult_control_8,0,-0.7618317831464217
adult_control_8,0,-1.4691826695959964
adult_control_8,0,-1.6592333113991353
adult_control_8,0,-1.337955572454442
adult_control_8,0,-1.491108317500804
adult_control_8,0,-1.7586275353374492
adult_control_8,0,-1.5099296159953841
adult_control_8,0,-1.3444863194401981
adult_control_8,0,-1.2808760578646918
adult_control_8,0,-1.6857163622904277
adult_control_8,0,-1.7378326898371093
adult_control_8,0,-1.145497173087454
adult_control_8,0,-0.956470353897087
adult_control_8,0,-1.5966077730451271
adult_control_8,0,-2.0241059995486586
adult_control_8,0,-1.7842718776878628
adult_control_8,0,-1.685079512843974
adult_control_8,0,-1.8232609800246022
adult_control_8,0,-2.4208960321311146
adult_control_8,0,-2.1449088657393642
adult_control_8,0,-2.355702239359286
adult_control_8,0,-2.4382726745125187
adult_control_8,0,-1.858892645457248
adult_control_8,0,-1.919008827861635
adult_control_8,0,-1.083326544673176
adult_control_8,0,-1.0246949279239788
adult_control_8,0,-1.1428241906722492
adult_control_8,0,-1.4786178750243613
adult_control_8,0,-1.969224607258548
adult_control_8,0,-1.568954361527914
adult_control_8,0,-1.396464770748893
adult_control_8,0,-1.983697268680817
adult_control_8,0,-1.777837407408673
adult_control_8,0,-2.008732415246188
adult_control_8,0,-1.506003627946248
adult_control_8,0,-1.4324275484728757
adult_control_8,0,-2.758248974934743
adult_control_8,0,-2.4127289202899016
adult_control_8,0,-1.7417233358642372
adult_control_8,0,-1.9746402464505328
adult_control_8,0,-2.368791843933312
adult_control_8,0,-1.466716876079495
adult_control_8,0,-1.4519262638763775
adult_control_8,0,-1.5823875457452101
adult_control_8,0,-1.098879373287371
adult_control_8,0,-0.8476315983824682
adult_control_8,0,-1.1676613148452133
adult_control_8,0,-1.5303793313414995
adult_control_8,0,-1.2619286033347437
adult_control_8,0,-1.844386108576182
adult_control_8,0,-0.6107340340200457
adult_control_8,0,-0.9955505233145242
adult_control_8,0,-1.5488413939325945
adult_control_8,0,-1.7266791757331834
adult_control_8,0,-2.062088560361214
adult_control_8,0,-2.3502455979915333
adult_control_8,0,-2.1942769036527072
adult_control_8,0,-1.526358788507804
adult_control_8,0,-1.2002836591396142
adult_control_8,0,-2.0951739856254576
adult_control_8,0,-2.7451679139042082
adult_control_8,0,-2.210287711333469
adult_control_8,0,-1.5147115316212085
adult_control_8,0,-2.412039419327
adult_control_8,0,-2.0241294912006844
adult_control_8,0,-1.6454723052227571
adult_control_8,0,-2.0687647319340154
adult_control_8,0,-2.196762197302399
adult_control_8,0,-1.863676519183445
adult_control_8,0,-1.6890572426432726
adult_control_8,0,-2.141813630543909
adult_control_8,0,-1.6695579457310257
adult_control_8,0,-0.9841870707030588
adult_control_8,0,-2.1922311512462276
adult_control_8,0,-1.8185683932513204
adult_control_8,0,-1.3864103689219842
adult_control_8,0,-2.4104495764348406
adult_control_8,0,-1.4409303369193678
adult_control_8,0,-1.4352146039400342
adult_control_8,0,-1.9014493782616855
adult_control_8,0,-1.7415743140846196
adult_control_8,0,-1.6313889623642366
adult_control_8,0,-2.0347374821808137
adult_control_8,0,-2.837160904898581
adult_control_8,0,-2.1990607852884074
adult_control_8,0,-1.6385054999312088
adult_control_8,0,-1.7877653841586358
adult_control_8,0,-1.6552120279294078
adult_control_8,0,-2.2325492182033555
adult_control_8,0,-1.4019252286548363
adult_control_8,0,-1.8257064327508723
adult_control_8,0,-1.9037452332010698
adult_control_8,0,-1.0795784065545533
adult_control_8,0,-1.6541278488823585
adult_control_8,0,-1.9667382733483016
adult_control_8,0,-1.9797514637994693
adult_control_8,0,-1.9262596413637154
adult_control_8,0,-1.674903441719426
adult_control_8,0,-1.1764543604530076
adult_control_8,0,-1.7721848791143526
adult_control_8,0,-1.5388325703452503
adult_control_8,0,-1.1368341539377163
adult_control_8,0,-1.3384617413466384
adult_control_8,0,-1.475851161803409
adult_control_8,0,-1.2717568457051063
adult_control_8,0,-1.2608226159108402
adult_control_8,0,-2.093161938674884
adult_control_8,0,-2.1452813013749394
adult_control_8,0,-2.1785872657001337
adult_control_8,0,-1.6780317721907676
adult_control_8,0,-2.2830842319723423
adult_control_8,0,-1.8147767867242472
adult_control_8,0,-1.2389467320079435
adult_control_8,0,-1.9870314509227631
adult_control_8,0,-1.4297269937170087
adult_control_8,0,-2.2221524387239304
adult_control_8,0,-2.0866172687511773
adult_control_8,0,-1.3967392778995285
adult_control_8,0,-1.4914972210348316
adult_control_8,0,-1.471826683466165
adult_control_8,0,-1.8216907350237586
adult_control_8,0,-1.385272795862008
adult_control_8,0,-1.421696732315858
adult_control_8,0,-2.4743590379802627
adult_control_8,0,-1.757403997382002
adult_control_8,0,-1.7187904704920962
adult_control_8,0,-1.8586815464257835
adult_control_8,0,-1.5459195030296318
adult_control_8,0,-1.3160325164989035
adult_control_8,0,-1.9146895188734967
adult_control_8,0,-2.767047664295947
adult_control_8,0,-2.340848727484352
adult_control_8,0,-1.5436760900087036
adult_control_8,0,-0.7618700478305439
adult_control_8,0,-1.0011162097335289
adult_control_8,0,-1.4497961204772545
adult_control_8,0,-1.8260518914353288
adult_control_8,0,-1.8071213486780207
adult_control_8,0,-1.8732411828786537
adult_control_8,0,-1.1731771778750137
adult_control_8,0,-1.1253682073394344
adult_control_8,0,-1.8929496037266684
adult_control_8,0,-1.8043973387898764
adult_control_8,0,-1.9105762127723427
adult_control_8,0,-1.8868290560280498
adult_control_8,0,-1.8860867593652757
adult_control_8,0,-1.8618719435578663
adult_control_8,0,-1.7202083594148379
adult_control_8,0,-2.167491666298843
adult_control_8,0,-2.046832311783216
adult_control_8,0,-1.5492060329261887
adult_control_8,0,-1.2507970601348255
adult_control_8,0,-0.6629666267778059
adult_control_8,0,-1.3663721672610096
adult_control_8,0,-1.512385152567997
adult_control_8,0,-1.9630674934053962
adult_control_8,0,-1.885240126942763
adult_control_8,0,-2.0517030481519347
adult_control_8,0,-1.7507811674242357
adult_control_8,0,-1.447397392082996
adult_control_8,0,-0.7926696323820729
adult_control_8,0,-1.8477154441067998
adult_control_8,0,-2.776667595334467
adult_control_8,0,-1.7613493472335922
adult_control_8,0,-1.7602450769858344
adult_control_8,0,-2.686983795785138
adult_control_8,0,-1.783532105992951
adult_control_8,0,-1.6067750110409644
adult_control_8,0,-1.1935980847341234
adult_control_8,0,-1.328773399588961
adult_control_8,0,-2.035958071633866
adult_control_8,0,-1.895804559350434
adult_control_8,0,-1.5965573170103822
adult_control_8,0,-1.2322306490826636
adult_control_8,0,-1.754389459295159
adult_control_8,0,-1.976551073528507
adult_control_8,0,-2.1217108186202527
adult_control_8,0,-1.8215720650952094
adult_control_8,0,-1.3906885431437304
adult_control_8,0,-1.483899309313304
adult_control_8,0,-1.8991426175298787
adult_control_8,0,-1.968387068942135
adult_control_8,0,-1.9460360194977326
adult_control_8,0,-1.4767605519831668
adult_control_8,0,-1.5737593764953433
adult_control_8,0,-2.7157090876050876
adult_control_8,0,-2.22841986545002
adult_control_8,0,-1.208987812802743
adult_control_8,0,-2.2217691237688673
adult_control_8,0,-2.8104081898538755
adult_control_8,0,-2.4051942727260327
adult_control_8,0,-2.7742656961269945
adult_control_8,0,-2.2874015778047623
adult_control_8,0,-2.1735497552313943
adult_control_8,0,-1.665731333914005
adult_control_8,0,-1.3623797977064775
adult_control_8,0,-1.8003927623386038
adult_control_8,0,-1.7482173185014367
adult_control_8,0,-2.1118342512795074
adult_control_8,0,-2.3140540505155345
adult_control_8,0,-2.2722402582045254
adult_control_8,0,-1.569388885333066
adult_control_8,0,-1.5872911066910191
adult_control_8,0,-1.2997571012990643
adult_control_8,0,-1.1865624129494838
adult_control_8,0,-1.2739228938522755
adult_control_8,0,-1.0596257476905966
adult_control_8,0,-1.3804376287760838
adult_control_8,0,-2.074503318134106
adult_control_8,0,-2.4461734712273184
adult_control_8,0,-1.118712966662478
adult_control_8,0,-1.1953118473443123
adult_control_8,0,-1.7360636252612478
adult_control_8,0,-1.3841023638004537
adult_control_8,0,-1.5516543047580886
adult_control_8,0,-1.28788605683663
adult_control_8,0,-1.979992276384972
adult_control_8,0,-2.2337838069325366
adult_control_8,0,-1.8603265870993333
adult_control_8,0,-1.4867605797174228
adult_control_8,0,-1.413406610422796
adult_control_8,0,-1.351763008399343
adult_control_8,0,-1.5580677911568293
adult_control_8,0,-1.879986443669674
adult_control_8,0,-1.6693531873761622
adult_control_8,0,-1.6657233675412528
adult_control_8,0,-0.8918118338526501
adult_control_8,0,-1.226759417936358
adult_control_8,0,-1.5591063176442934
adult_control_8,0,-2.1527319844904684
adult_control_8,0,-2.4407274302312767
adult_control_8,0,-1.5236748594687493
adult_control_8,0,-1.6613584064826394
adult_control_8,0,-1.6287751224295306
