subject_id,y_true,y_score
adult_adhd_1,1,0.943958055965679
adult_adhd_1,1,0.9298227477076741
adult_adhd_1,1,0.7787484387632982
adult_adhd_1,1,0.7148803167555379
adult_adhd_1,1,0.9671523102540012
adult_adhd_1,1,0.9255763888352058
adult_adhd_1,1,0.8365438179440657
adult_adhd_1,1,0.14722986161132118
adult_adhd_1,1,0.15739398646813538
adult_adhd_1,1,0.6824952741024903
adult_adhd_1,1,0.3567733720863502
adult_adhd_1,1,0.3204491085598919
adult_adhd_1,1,0.26074732547819796
adult_adhd_1,1,0.47050181128731583
adult_adhd_1,1,0.4234872995895309
adult_adhd_1,1,0.297717973756906
adult_adhd_1,1,0.3229879544377676
adult_adhd_1,1,0.20460831128121418
adult_adhd_1,1,0.13810108424920378
adult_adhd_1,1,0.17750461040594687
adult_adhd_1,1,0.01709098276355787
adult_adhd_1,1,0.26856720922364447
adult_adhd_1,1,0.5177282589899511
adult_adhd_1,1,0.22437618219926359
adult_adhd_1,1,0.2040977705551095
adult_adhd_1,1,0.41336110718615443
adult_adhd_1,1,0.2757710356292941
adult_adhd_1,1,0.22484467231759392
adult_adhd_1,1,0.09393380458257501
adult_adhd_1,1,0.4209391754440971
adult_adhd_1,1,0.3652860746488322
adult_adhd_1,1,0.9430178322969488
adult_adhd_1,1,0.9431313054191096
adult_adhd_1,1,0.018071042502849122
adult_adhd_1,1,0.15055587681633728
adult_adhd_1,1,0.4931553487629943
adult_adhd_1,1,0.24902433900925794
adult_adhd_1,1,0.28393600130378055
adult_adhd_1,1,0.2463303265517639
adult_adhd_1,1,0.36708876147928876
adult_adhd_1,1,0.7444987099449454
adult_adhd_1,1,0.3539643259168538
adult_adhd_1,1,0.0511251046058596
adult_adhd_1,1,0.1339301412516377
adult_adhd_1,1,0.17737962320641695
adult_adhd_1,1,0.44718046902258557
adult_adhd_1,1,0.6265289383735357
adult_adhd_1,1,0.49583356474213564
adult_adhd_1,1,0.7067673644477379
adult_adhd_1,1,0.4351669447310394
adult_adhd_1,1,0.2578972410176961
adult_adhd_1,1,0.18978833241171836
adult_adhd_1,1,0.2938818586064986
adult_adhd_1,1,0.23290351997850667
adult_adhd_1,1,0.5477507557138811
adult_adhd_1,1,0.7010553936746949
adult_adhd_1,1,0.5621077238590348
adult_adhd_1,1,0.7312977782907369
adult_adhd_1,1,0.3359991685942819
adult_adhd_1,1,0.37662490865341586
adult_adhd_1,1,0.14494027627650208
adult_adhd_1,1,0.16398953039965727
adult_adhd_1,1,0.05906393162626834
adult_adhd_1,1,0.32414140392300744
adult_adhd_1,1,0.3874308640701082
adult_adhd_1,1,0.6345979105148527
adult_adhd_1,1,0.21068135799794813
adult_adhd_1,1,0.3602393665555141
adult_adhd_1,1,0.15889310767601028
adult_adhd_1,1,0.07308661474861296
adult_adhd_1,1,0.09686885699135106
adult_adhd_1,1,0.13185822800571043
adult_adhd_1,1,0.08016294458507275
adult_adhd_1,1,0.16167158307252
adult_adhd_1,1,0.8588843758118793
adult_adhd_1,1,0.6236852662518063
adult_adhd_1,1,0.38013134515872915
adult_adhd_1,1,0.14269748842565144
adult_adhd_1,1,0.5196749351380133
adult_adhd_1,1,0.4639271092554886
adult_adhd_1,1,0.12172026242104687
adult_adhd_1,1,0.4043569429178343
adult_adhd_1,1,0.28262279822511704
adult_adhd_1,1,0.8036070770559783
adult_adhd_1,1,0.05066177296722892
adult_adhd_1,1,0.01984807573497202
adult_adhd_1,1,0.6499338513147053
adult_adhd_1,1,0.6252930375951697
adult_adhd_1,1,0.3057086965239362
adult_adhd_1,1,0.35218840368927307
adult_adhd_1,1,0.7001334117048478
adult_adhd_1,1,0.5029496870144126
adult_adhd_1,1,0.4068070351648015
adult_adhd_1,1,0.25784372696973407
adult_adhd_1,1,0.43003075284645736
adult_adhd_1,1,0.53293420131551
adult_adhd_1,1,0.5893298870214764
adult_adhd_1,1,0.07190809732574398
adult_adhd_1,1,0.13427163151975655
adult_adhd_1,1,0.6448100523307655
adult_adhd_1,1,0.5611699919388927
adult_adhd_1,1,0.46563990066881866
adult_adhd_1,1,0.04339026789867782
adult_adhd_1,1,0.027993531622469883
adult_adhd_1,1,0.4062617643338086
adult_adhd_1,1,0.32658023057466906
adult_adhd_1,1,0.5060624180542252
adult_adhd_1,1,0.6106804081219213
adult_adhd_1,1,0.32066201402876804
adult_adhd_1,1,0.18484806197741283
adult_adhd_1,1,0.3336400345153168
adult_adhd_1,1,0.21669184304625957
adult_adhd_1,1,0.7237894958686931
adult_adhd_1,1,0.8152629348827877
adult_adhd_1,1,0.5371561366950712
adult_adhd_1,1,0.2382531488603794
adult_adhd_1,1,0.2007893639581552
adult_adhd_1,1,0.23582364302616582
adult_adhd_1,1,0.576358765673482
adult_adhd_1,1,0.42364867071164436
adult_adhd_1,1,0.17263124064567315
adult_adhd_1,1,0.26470595236574634
adult_adhd_1,1,0.688658970668691
adult_adhd_1,1,0.5517459390389704
adult_adhd_1,1,0.4696713568815077
adult_adhd_1,1,0.34196454597753695
adult_adhd_1,1,0.08352248887262843
adult_adhd_1,1,0.69023934441828
adult_adhd_1,1,0.7264600932482247
adult_adhd_1,1,0.3311885162241176
adult_adhd_1,1,0.32934017729277704
adult_adhd_1,1,0.19805304111496427
adult_adhd_1,1,0.506222789729173
adult_adhd_1,1,0.08937442475146208
adult_adhd_1,1,0.3578205914640016
adult_adhd_1,1,0.676604467630421
adult_adhd_1,1,0.6668896500814393
adult_adhd_1,1,0.6045546707357119
adult_adhd_1,1,0.6977740366716407
adult_adhd_1,1,0.672237505474403
adult_adhd_1,1,0.3093831505085976
adult_adhd_1,1,0.16502244894431076
adult_adhd_1,1,0.467806065963697
adult_adhd_1,1,0.3840743672389831
adult_adhd_1,1,0.34958816031163586
adult_adhd_1,1,0.27495449510183884
adult_adhd_1,1,0.3755853424736025
adult_adhd_1,1,0.4316717918299386
adult_adhd_1,1,0.16031744266965942
adult_adhd_1,1,0.2149836512055413
adult_adhd_1,1,0.09629092524970966
adult_adhd_1,1,0.23222380482902924
adult_adhd_1,1,0.3021023762895514
adult_adhd_1,1,0.6704538558510063
adult_adhd_1,1,0.7782847546667283
adult_adhd_1,1,0.4762125284337306
adult_adhd_1,1,0.5267275529016591
adult_adhd_1,1,0.7152674552666204
adult_adhd_1,1,0.17927555880943824
adult_adhd_1,1,0.21995735514026163
adult_adhd_1,1,0.2996314615795662
adult_adhd_1,1,0.3874008581693383
adult_adhd_1,1,0.5938604822594594
adult_adhd_1,1,0.5537727981713825
adult_adhd_1,1,0.471051851407522
adult_adhd_1,1,0.3365559092939607
adult_adhd_1,1,0.34846461150798075
adult_adhd_1,1,0.3120261056018016
adult_adhd_1,1,0.31473156118109524
adult_adhd_1,1,0.33906277952519087
adult_adhd_1,1,0.12177221643142126
adult_adhd_1,1,0.14874866658136476
adult_adhd_1,1,0.22840074574261862
adult_adhd_1,1,0.402000045108796
adult_adhd_1,1,0.07495567207294136
adult_adhd_1,1,0.4780227333616186
adult_adhd_1,1,0.5125765911971005
adult_adhd_1,1,0.4499307772640454
adult_adhd_1,1,0.25248691898634396
adult_adhd_1,1,0.2501445835249564
adult_adhd_1,1,0.5168243066650989
adult_adhd_1,1,0.12569717487435733
adult_adhd_1,1,0.33931794214105293
adult_adhd_1,1,0.7269818201731846
adult_adhd_1,1,0.7460748703462987
adult_adhd_1,1,0.7827801646322211
adult_adhd_1,1,0.6452316234358554
adult_adhd_1,1,0.472546070579134
adult_adhd_1,1,0.2185545443068127
adult_adhd_1,1,0.353585453256578
adult_adhd_1,1,0.2411894245083493
adult_adhd_1,1,0.13208093337381027
adult_adhd_1,1,0.4574904942082543
adult_adhd_1,1,0.8224974443002541
adult_adhd_1,1,0.284628722631787
adult_adhd_1,1,0.5653055672090249
adult_adhd_1,1,0.3573214641341953
adult_adhd_1,1,0.1894006697415711
adult_adhd_1,1,0.07079736228640485
adult_adhd_1,1,0.18575447356431576
adult_adhd_1,1,0.24512664138513252
adult_adhd_1,1,0.6774737281713263
adult_adhd_1,1,0.6924825554924672
adult_adhd_1,1,0.7830247506890642
adult_adhd_1,1,0.37368439031188294
adult_adhd_1,1,0.39871307619054436
adult_adhd_1,1,0.7629270289128844
adult_adhd_1,1,0.8255842442022705
adult_adhd_1,1,0.8591844302518826
adult_adhd_1,1,0.5963371400759275
adult_adhd_1,1,0.3210158191025639
adult_adhd_1,1,0.15253594724345224
adult_adhd_1,1,0.6608635220497173
adult_adhd_1,1,0.18786877729908724
adult_adhd_1,1,0.25047853807937404
adult_adhd_1,1,0.8249250909027502
adult_adhd_1,1,0.599841485748508
adult_adhd_1,1,0.8725516234024121
adult_adhd_1,1,0.5528066720607052
adult_adhd_1,1,0.21586830875768975
adult_adhd_1,1,0.4631582389272575
adult_adhd_1,1,0.5348444947255353
adult_adhd_1,1,0.5506177033666672
adult_adhd_1,1,0.5254084562225493
adult_adhd_1,1,0.5278532634789791
adult_adhd_1,1,0.8826096840342641
adult_adhd_1,1,0.3686009234074996
adult_adhd_1,1,0.4098044058986105
adult_adhd_1,1,0.6150132078178088
adult_adhd_1,1,0.06932690605923068
adult_adhd_1,1,0.04590761947864713
adult_adhd_1,1,0.3697683718012797
adult_adhd_1,1,0.10641103121626566
adult_adhd_1,1,0.7719870862386835
adult_adhd_1,1,0.8210714135285709
adult_adhd_1,1,0.7212239406114522
adult_adhd_1,1,0.2855496705889213
adult_adhd_1,1,0.5155581481122339
adult_adhd_1,1,0.4946254364401735
adult_adhd_1,1,0.3848175072577449
adult_adhd_1,1,0.8188135116867837
adult_adhd_1,1,0.35556340737983766
adult_adhd_1,1,0.2920420434742146
adult_adhd_1,1,0.6751495502857705
adult_adhd_1,1,0.6303225481947972
adult_adhd_1,1,0.24920800471663312
adult_adhd_1,1,0.4058300713294142
adult_adhd_1,1,0.3778735480695138
adult_adhd_1,1,0.3227318172907243
adult_adhd_1,1,0.1137052953175954
adult_adhd_1,1,0.16925258858923234
adult_adhd_1,1,0.5327864092141518
adult_adhd_1,1,0.16662853779578696
adult_adhd_1,1,0.6742105103014928
adult_adhd_1,1,0.4075807719539151
adult_adhd_1,1,0.2217746883291618
adult_adhd_1,1,0.465985008384067
adult_adhd_1,1,0.668922663663224
adult_adhd_1,1,0.19954437187440852
adult_adhd_1,1,0.09254620628957334
adult_adhd_1,1,0.15290917332165274
adult_adhd_1,1,0.6206658073920487
adult_adhd_1,1,0.4347883073817688
adult_adhd_1,1,0.17575793854617958
adult_adhd_1,1,0.4915808852759358
adult_adhd_1,1,0.5561498953713452
adult_adhd_1,1,0.5834733514959446
adult_adhd_1,1,0.5939329952423331
adult_adhd_1,1,0.2984650203820168
adult_adhd_1,1,0.3283481408836053
adult_adhd_1,1,0.10913482157535113
adult_adhd_1,1,0.34399438644101515
adult_adhd_1,1,0.03870536111468043
adult_adhd_1,1,0.1389488569426476
adult_adhd_1,1,0.6956518723445373
adult_adhd_1,1,0.24276545115327175
adult_adhd_1,1,0.4080802858291326
adult_adhd_1,1,0.7274784048205836
adult_adhd_1,1,0.23447695370638408
adult_adhd_1,1,0.12199126074163995
adult_adhd_1,1,0.33527293066096214
adult_adhd_1,1,0.40326854223228586
adult_adhd_1,1,0.5643306676159617
adult_adhd_1,1,0.6747989318972488
adult_adhd_1,1,0.35475557885296743
adult_adhd_1,1,0.1474030431513563
adult_adhd_1,1,0.2127759032448752
adult_adhd_1,1,0.1627253125226433
adult_adhd_1,1,0.07694231608606923
adult_adhd_1,1,0.08287722696470326
adult_adhd_1,1,0.21537541858677497
adult_adhd_1,1,0.18048257707271598
adult_adhd_1,1,0.05455106660791306
adult_adhd_1,1,0.43465690809917523
adult_adhd_1,1,0.46671141560260104
adult_adhd_1,1,0.41990699658515246
adult_adhd_1,1,0.5400232260562677
adult_adhd_1,1,0.6523824663747797
adult_adhd_1,1,0.47074511686381704
adult_adhd_1,1,0.8272277975412782
adult_adhd_1,1,0.5267912343332173
adult_adhd_1,1,0.6344169979998062
adult_adhd_1,1,0.14422104588407963
adult_adhd_1,1,0.22991686670199807
adult_adhd_1,1,0.7114784740598781
adult_adhd_1,1,0.3385485573728741
adult_adhd_1,1,0.05220818548922934
adult_adhd_1,1,0.5143042593916981
adult_adhd_1,1,0.24801631392920775
adult_adhd_1,1,0.15371998231316897
adult_adhd_1,1,0.4254117026982447
adult_adhd_1,1,0.4860215975138122
adult_adhd_1,1,0.6528127070796776
adult_adhd_1,1,0.5322458952130125
adult_adhd_1,1,0.5102766187862914
adult_adhd_1,1,0.5560706980902806
adult_adhd_1,1,0.43060850942345386
adult_adhd_1,1,0.35262105565176727
adult_adhd_1,1,0.1816671540619003
adult_adhd_1,1,0.34560695755723064
adult_adhd_1,1,0.1976409333782824
adult_adhd_1,1,0.2978918722753073
adult_adhd_1,1,0.7794839604400936
adult_adhd_1,1,0.9022046356658425
adult_adhd_1,1,0.6869071901127898
adult_adhd_1,1,0.7282786398346952
adult_adhd_1,1,0.5863402376551365
adult_adhd_1,1,0.11816898394184487
adult_adhd_1,1,0.2851802284281673
adult_adhd_1,1,0.16212722380160777
adult_adhd_1,1,0.6846626168861414
adult_adhd_1,1,0.42919223475633417
adult_adhd_1,1,0.6180193127905482
adult_adhd_1,1,0.7253816809526972
adult_adhd_1,1,0.32155620186303047
adult_adhd_1,1,0.3023363102610782
adult_adhd_1,1,0.29946406447542506
adult_adhd_1,1,0.9276082175578578
adult_adhd_1,1,0.7022936469235954
adult_adhd_1,1,0.8152809363459294
adult_adhd_1,1,0.2591955013610871
adult_adhd_1,1,0.21133054472366727
adult_adhd_1,1,0.5278673882660593
adult_adhd_1,1,0.16311994872519026
adult_adhd_1,1,0.48603449516424885
adult_adhd_1,1,0.4128471194882833
adult_adhd_1,1,0.7524143390581294
adult_adhd_1,1,0.7232515163303616
adult_adhd_1,1,0.40903761403543626
adult_adhd_1,1,0.43545024939274823
adult_adhd_1,1,0.326553419292259
adult_adhd_1,1,0.5592085435222195
adult_adhd_1,1,0.1979412178998052
adult_adhd_1,1,0.4588623121329596
adult_adhd_1,1,0.8176089341724727
adult_adhd_1,1,0.5862732577480759
adult_adhd_1,1,0.45477511261811526
adult_adhd_1,1,0.6261823093101461
adult_adhd_1,1,0.3986813262348602
adult_adhd_1,1,0.3564413864781546
adult_adhd_1,1,0.40881768151163583
adult_adhd_1,1,0.5168329790010142
adult_adhd_1,1,0.37032898667049485
adult_adhd_1,1,0.28384974430837423
adult_adhd_1,1,0.7526653947384878
adult_adhd_1,1,0.6441932314069586
adult_adhd_1,1,0.543848098467308
adult_adhd_1,1,0.5771623316831374
adult_adhd_1,1,0.6027520453458606
adult_adhd_1,1,0.5307230279293174
adult_adhd_1,1,0.7624304937238097
adult_adhd_1,1,0.3430802199913593
adult_adhd_1,1,0.08894475986235731
adult_adhd_1,1,0.5275844147592791
adult_adhd_1,1,0.57869214687956
adult_adhd_1,1,0.8927276455498294
adult_adhd_1,1,0.5081333352940318
adult_adhd_1,1,0.45067018986009416
adult_adhd_1,1,0.5517228745201498
adult_adhd_1,1,0.7953222170182781
adult_adhd_1,1,0.6504152250428049
adult_adhd_1,1,0.46242392144937
adult_adhd_1,1,0.4265397693082612
adult_adhd_1,1,0.5928098124049583
adult_adhd_1,1,0.31890152089399487
adult_adhd_1,1,0.06860144947283113
adult_adhd_1,1,0.4482213597798709
adult_adhd_1,1,0.6851996992473488
adult_adhd_1,1,0.35345262223347096
adult_adhd_1,1,0.3229495653325734
adult_adhd_1,1,0.1732411232015015
adult_adhd_1,1,0.0969942829181266
adult_adhd_1,1,0.2340945739410423
adult_adhd_1,1,0.6014213878361406
adult_adhd_1,1,0.5991993657827284
adult_adhd_1,1,0.6320318124201911
adult_adhd_1,1,0.47597924251162205
adult_adhd_1,1,0.6583413676113671
adult_adhd_1,1,0.548496369302124
adult_adhd_1,1,0.3701198640051305
adult_adhd_1,1,0.18004274406411572
adult_adhd_1,1,0.21040925324134585
adult_adhd_1,1,0.42128609697614744
adult_adhd_1,1,0.760792910705615
adult_adhd_1,1,0.4851689439361711
adult_adhd_1,1,0.03994263737938423
adult_adhd_1,1,0.8357547314030623
adult_adhd_1,1,0.46615539926325744
adult_adhd_1,1,0.2524213905765289
adult_adhd_1,1,0.23839787048213204
adult_adhd_1,1,0.02724192618643058
adult_adhd_1,1,0.3713501345588287
adult_adhd_1,1,0.30494573015112764
adult_adhd_1,1,0.22542414241298783
adult_adhd_1,1,0.7438183868925315
adult_adhd_1,1,0.6510395298534798
adult_adhd_1,1,0.15962597507147985
adult_adhd_1,1,0.07641632209733834
adult_adhd_1,1,0.2038317928917226
adult_adhd_1,1,0.19889993502928002
adult_adhd_1,1,0.11297152189959861
adult_adhd_1,1,0.3357828638391984
adult_adhd_1,1,0.27447428324485185
adult_adhd_1,1,0.27339960250182965
adult_adhd_1,1,0.1750774600562551
adult_adhd_1,1,0.32435181781403305
adult_adhd_1,1,0.5715408756290892
adult_adhd_1,1,0.5382487682844567
adult_adhd_1,1,0.07962449582297408
adult_adhd_1,1,0.19245093930542104
adult_adhd_1,1,0.6221985553893443
adult_adhd_1,1,0.6001593654235069
adult_adhd_1,1,0.7384302394063029
adult_adhd_1,1,0.6496143398101183
adult_adhd_1,1,0.44300348657629407
adult_adhd_1,1,0.4469187746977843
adult_adhd_1,1,0.15441671547578184
adult_adhd_1,1,0.5273804101069033
adult_adhd_1,1,0.18712141485086786
adult_adhd_1,1,0.4848239429907494
adult_adhd_1,1,0.46923648660656136
adult_adhd_1,1,0.39806016941625166
adult_adhd_1,1,0.29381678277589945
adult_adhd_1,1,0.43548773692772114
adult_adhd_1,1,0.3458957573749917
adult_adhd_1,1,0.520867504529144
adult_adhd_1,1,0.37579476024251357
adult_adhd_1,1,0.4721258728413207
adult_adhd_1,1,0.5895940460384542
adult_adhd_1,1,0.46777373133104955
adult_adhd_1,1,0.4347945281654893
adult_adhd_1,1,0.5476082089954623
adult_adhd_1,1,0.4784460110091808
adult_adhd_1,1,0.10068414545144766
adult_adhd_1,1,0.6782927670556181
adult_adhd_1,1,0.5545787536022121
adult_adhd_1,1,0.6203406277260045
adult_adhd_1,1,0.421172109145432
adult_adhd_1,1,0.7159643463145697
adult_adhd_1,1,0.5802405931552482
adult_adhd_1,1,0.32092137872833976
adult_adhd_1,1,0.6760745926348272
adult_adhd_1,1,0.6291571506382029
adult_adhd_1,1,0.22852413118168602
adult_adhd_1,1,0.16256336157744297
adult_adhd_1,1,0.7199640790267147
adult_adhd_1,1,0.45223593079025
adult_adhd_1,1,0.5666676887671831
adult_adhd_1,1,0.6573511055853939
adult_adhd_1,1,0.22160210478048897
adult_adhd_1,1,0.330917605604843
adult_adhd_1,1,0.8397633983438941
adult_adhd_1,1,0.7371076984038312
adult_adhd_1,1,0.6562014647310743
adult_adhd_1,1,0.2882175295658198
adult_adhd_1,1,0.21244304295069497
adult_adhd_1,1,0.2448068225014402
adult_adhd_1,1,0.18389578538692983
adult_adhd_1,1,0.28010084438704974
adult_adhd_1,1,0.22982028538946708
adult_adhd_1,1,0.35586747335663205
adult_adhd_1,1,0.6281748241284298
adult_adhd_1,1,0.6613534225133959
adult_adhd_1,1,0.35661358619292804
adult_adhd_1,1,0.23095652599958616
adult_adhd_1,1,0.235279096913669
adult_adhd_1,1,0.17265098164186968
adult_adhd_1,1,0.12591309191232355
adult_adhd_1,1,0.6811051200624676
adult_adhd_1,1,0.34053764977490697
adult_adhd_1,1,0.846446836963072
adult_adhd_1,1,0.49288278442817673
adult_adhd_1,1,0.61835916056252
adult_adhd_1,1,0.6114432615935426
adult_adhd_1,1,0.6635996400349686
adult_adhd_1,1,0.6827197370507927
adult_adhd_1,1,0.6834025714737574
adult_adhd_1,1,0.6047208042508296
adult_adhd_1,1,0.799944846867663
adult_adhd_1,1,0.8628463425630233
adult_adhd_1,1,0.8162350301668958
adult_adhd_1,1,0.155283172121265
adult_adhd_1,1,0.08877117357579278
adult_adhd_1,1,0.6827114519262065
adult_adhd_1,1,0.06326100505999009
adult_adhd_1,1,0.16232299201479777
adult_adhd_1,1,0.6069965039659221
adult_adhd_1,1,0.2583871414150043
adult_adhd_1,1,0.06256239126832196
adult_adhd_1,1,0.1041526269854419
adult_adhd_1,1,0.2736059248998451
adult_adhd_1,1,0.03688186593534588
adult_adhd_1,1,0.020733104274590502
adult_adhd_1,1,0.040313675204220085
adult_adhd_1,1,0.2902203572749814
adult_adhd_1,1,0.7742931147190114
adult_adhd_1,1,0.8909909640951491
adult_adhd_1,1,0.5199087154492136
adult_adhd_1,1,0.9362923074638334
adult_adhd_1,1,0.9832936514925917
adult_adhd_1,1,0.16901639853481137
adult_adhd_1,1,0.05439905672782172
adult_adhd_1,1,0.3454769997431562
adult_adhd_1,1,0.5937724137722968
adult_adhd_1,1,0.7279389588188501
adult_adhd_1,1,0.7748749502316171
adult_adhd_1,1,0.39817542365110803
adult_adhd_1,1,0.7929902852129841
adult_adhd_1,1,0.7495647596279883
adult_adhd_1,1,0.05317223375691669
adult_adhd_1,1,0.1443336534198226
adult_adhd_1,1,0.7224024605510568
adult_adhd_1,1,0.5228032739713544
adult_adhd_1,1,0.8786736333053408
adult_adhd_1,1,0.7506223144195887
adult_adhd_1,1,0.5833516414978653
adult_adhd_1,1,0.6000592372217751
adult_adhd_1,1,0.6621163734567366
adult_adhd_1,1,0.42163716106368776
adult_adhd_1,1,0.07895039265212034
adult_adhd_1,1,0.5186872972977584
adult_adhd_1,1,0.5060314243152567
adult_adhd_1,1,0.042163316001403134
adult_adhd_1,1,0.6256461426013536
adult_adhd_1,1,0.6892328241005429
adult_adhd_1,1,0.25641672606463095
adult_adhd_1,1,0.7788348824490893
adult_adhd_1,1,0.9275602956523672
adult_adhd_1,1,0.8375076438897692
adult_adhd_1,1,0.6185298285824208
adult_adhd_1,1,0.28728154573311654
adult_adhd_1,1,0.17871141327937895
adult_adhd_1,1,0.5747478467208473
adult_adhd_1,1,0.6001238228740028
adult_adhd_1,1,0.5485721574830879
adult_adhd_1,1,0.3333434958185423
adult_adhd_1,1,0.2946462359771695
adult_adhd_1,1,0.5836517133235603
adult_adhd_1,1,0.8076327172451186
adult_adhd_1,1,0.9432418568476121
adult_adhd_1,1,0.23286172871530553
adult_adhd_1,1,0.4185401221518632
adult_adhd_1,1,0.5719318496868548
adult_adhd_1,1,0.7740199901215722
adult_adhd_1,1,0.8455036644517101
adult_adhd_1,1,0.9615009370578246
adult_adhd_1,1,0.9039281214016657
adult_adhd_1,1,0.39478520751416946
adult_adhd_1,1,0.5351265743347129
adult_adhd_1,1,0.7711435923952895
adult_adhd_1,1,0.9479179203679521
adult_adhd_1,1,0.9721171081454935
adult_adhd_1,1,0.4167924371326183
adult_adhd_1,1,0.5353142288144442
adult_adhd_1,1,0.8645854230846096
adult_adhd_1,1,0.07841612488206966
adult_adhd_1,1,0.1707725947568429
adult_adhd_1,1,0.31199687336459414
adult_adhd_1,1,0.29687591092600485
adult_adhd_1,1,0.2447932197293885
adult_adhd_1,1,0.18161016088112508
adult_adhd_1,1,0.09076112439009731
adult_adhd_1,1,0.7307940604744791
adult_adhd_1,1,0.9376259352872894
adult_adhd_1,1,0.8333904298848619
adult_adhd_1,1,0.7229379567390886
adult_adhd_1,1,0.553360722607875
adult_adhd_1,1,0.359443370439223
adult_adhd_1,1,0.16326288387771135
adult_adhd_1,1,0.5928956036410077
adult_adhd_1,1,0.3322303189910452
adult_adhd_1,1,0.4545342080476746
adult_adhd_1,1,0.6525395727315544
adult_adhd_1,1,0.5660243745035197
adult_adhd_1,1,0.31098127421010335
adult_adhd_1,1,0.8133589475313736
adult_adhd_1,1,0.21526702205190354
adult_adhd_1,1,0.09475872163443456
adult_adhd_1,1,0.3470802957154777
adult_adhd_1,1,0.1392644791772938
adult_adhd_1,1,0.9056988154724178
adult_adhd_1,1,0.9806636170004148
adult_adhd_1,1,0.9345530639521928
adult_adhd_1,1,0.9490154725899356
adult_adhd_1,1,0.861280825349183
adult_adhd_1,1,0.9041334810324281
adult_adhd_1,1,0.49686584461497696
adult_adhd_1,1,0.8789383654692278
adult_adhd_1,1,0.6962843432564785
adult_adhd_1,1,0.07996444617569204
adult_adhd_1,1,0.263541441598602
adult_adhd_1,1,0.4808895192646851
adult_adhd_1,1,0.20788212830267463
adult_adhd_1,1,0.8742556540919247
adult_adhd_2,1,0.6794150787192602
adult_adhd_2,1,0.7840389306460216
adult_adhd_2,1,0.0804543551926455
adult_adhd_2,1,0.2485962722662181
adult_adhd_2,1,0.13489279875629473
adult_adhd_2,1,0.1887418236465811
adult_adhd_2,1,0.2483540309827705
adult_adhd_2,1,0.2428852652071792
adult_adhd_2,1,0.528861240723013
adult_adhd_2,1,0.1866948401929821
adult_adhd_2,1,0.5352501031323771
adult_adhd_2,1,0.03448205868982912
adult_adhd_2,1,0.08244230446335672
adult_adhd_2,1,0.18683068175324322
adult_adhd_2,1,0.15874003711975423
adult_adhd_2,1,0.06329190000304434
adult_adhd_2,1,0.05851090411375457
adult_adhd_2,1,0.14602118330166083
adult_adhd_2,1,0.030906756886691585
adult_adhd_2,1,0.018274292165631957
adult_adhd_2,1,0.17780714508367995
adult_adhd_2,1,0.30040684066284834
adult_adhd_2,1,0.5710421259283779
adult_adhd_2,1,0.31396561944759405
adult_adhd_2,1,0.29362430866942274
adult_adhd_2,1,0.13431035917428247
adult_adhd_2,1,0.0946252007313174
adult_adhd_2,1,0.055112026746733336
adult_adhd_2,1,0.025804497834587343
adult_adhd_2,1,0.11519658320651555
adult_adhd_2,1,0.16634441795545982
adult_adhd_2,1,0.06747099989639171
adult_adhd_2,1,0.3323720234132067
adult_adhd_2,1,0.19273693962093028
adult_adhd_2,1,0.07964410445461778
adult_adhd_2,1,0.02243167169556602
adult_adhd_2,1,0.02344018135082622
adult_adhd_2,1,0.12050599228120853
adult_adhd_2,1,0.07700035556847638
adult_adhd_2,1,0.32638469278421484
adult_adhd_2,1,0.07074354771151126
adult_adhd_2,1,0.0354286008750432
adult_adhd_2,1,0.009166130104796564
adult_adhd_2,1,0.0030893258890503134
adult_adhd_2,1,0.0030585636716444634
adult_adhd_2,1,0.01112814323378047
adult_adhd_2,1,0.021813793144925323
adult_adhd_2,1,0.12481446908161012
adult_adhd_2,1,0.15978856418845952
adult_adhd_2,1,0.19484625332148084
adult_adhd_2,1,0.5614893320762985
adult_adhd_2,1,0.0171332219672174
adult_adhd_2,1,0.1461250747532785
adult_adhd_2,1,0.1347347486923357
adult_adhd_2,1,0.0061056750082659475
adult_adhd_2,1,0.19505554624708077
adult_adhd_2,1,0.2092529149970137
adult_adhd_2,1,0.013355025816940584
adult_adhd_2,1,0.013092001938494281
adult_adhd_2,1,0.013490384259619369
adult_adhd_2,1,0.005754918569472831
adult_adhd_2,1,0.4401385597955725
adult_adhd_2,1,0.5337830401358703
adult_adhd_2,1,0.0801006223415622
adult_adhd_2,1,0.009788357888870051
adult_adhd_2,1,0.04027210325665063
adult_adhd_2,1,0.09954317711228414
adult_adhd_2,1,0.01342659263499627
adult_adhd_2,1,0.015706587599983352
adult_adhd_2,1,0.015051330627553648
adult_adhd_2,1,0.012885453970636035
adult_adhd_2,1,0.004372920045775081
adult_adhd_2,1,0.010844930407258181
adult_adhd_2,1,0.13958428671271786
adult_adhd_2,1,0.2613161499046376
adult_adhd_2,1,0.03720944662632283
adult_adhd_2,1,0.04771904594071285
adult_adhd_2,1,0.005118407635092439
adult_adhd_2,1,0.18300032576446484
adult_adhd_2,1,0.026124734587782344
adult_adhd_2,1,0.08280492679054234
adult_adhd_2,1,0.31440756668520636
adult_adhd_2,1,0.022242683371175482
adult_adhd_2,1,0.007910998611527763
adult_adhd_2,1,0.008239206743497526
adult_adhd_2,1,0.016281486249025503
adult_adhd_2,1,0.02512234310444209
adult_adhd_2,1,0.15601068717836492
adult_adhd_2,1,0.3063331078461742
adult_adhd_2,1,0.47949055513167854
adult_adhd_2,1,0.45825917237152924
adult_adhd_2,1,0.010638632539953168
adult_adhd_2,1,0.00310236609684043
adult_adhd_2,1,0.001738206712541202
adult_adhd_2,1,0.023476186380600377
adult_adhd_2,1,0.0036912473578750225
adult_adhd_2,1,0.010433598499014832
adult_adhd_2,1,0.014659849648360535
adult_adhd_2,1,0.006484235430506303
adult_adhd_2,1,0.012251958032238863
adult_adhd_2,1,0.1343448743846902
adult_adhd_2,1,0.07113544593365666
adult_adhd_2,1,0.15755878945328297
adult_adhd_2,1,0.02547184836597024
adult_adhd_2,1,0.0030744166927034414
adult_adhd_2,1,0.002571537923988339
adult_adhd_2,1,0.023719891125000125
adult_adhd_2,1,0.09790263034200652
adult_adhd_2,1,0.011784539769871127
adult_adhd_2,1,0.005354876892387002
adult_adhd_2,1,0.00038432574683512215
adult_adhd_2,1,0.003552975087271997
adult_adhd_2,1,0.0814555062435009
adult_adhd_2,1,0.0658425860910537
adult_adhd_2,1,0.006491277462666412
adult_adhd_2,1,0.09043293811927039
adult_adhd_2,1,0.07685532784173633
adult_adhd_2,1,0.28550259040031223
adult_adhd_2,1,0.11486006225727702
adult_adhd_2,1,0.2040073071838086
adult_adhd_2,1,0.0952283523291666
adult_adhd_2,1,0.030181896357359336
adult_adhd_2,1,0.03356947397893441
adult_adhd_2,1,0.03173871610380212
adult_adhd_2,1,0.03790150384660536
adult_adhd_2,1,0.01566164542101012
adult_adhd_2,1,0.014592436816636469
adult_adhd_2,1,0.0022892049834834414
adult_adhd_2,1,0.010605262133492247
adult_adhd_2,1,0.014499337229267334
adult_adhd_2,1,0.007164135212967658
adult_adhd_2,1,0.005041525852767267
adult_adhd_2,1,0.13225521989847877
adult_adhd_2,1,0.08720418309390254
adult_adhd_2,1,0.01727533390673077
adult_adhd_2,1,0.011061522433947611
adult_adhd_2,1,0.02770749649170563
adult_adhd_2,1,0.09217369656629949
adult_adhd_2,1,0.024270654495719718
adult_adhd_2,1,0.06390388407918361
adult_adhd_2,1,0.05814718447252734
adult_adhd_2,1,0.02447903058168478
adult_adhd_2,1,0.051508492705955346
adult_adhd_2,1,0.019988993814225576
adult_adhd_2,1,0.07967813299430206
adult_adhd_2,1,0.24081192156619663
adult_adhd_2,1,0.27718218650043686
adult_adhd_2,1,0.034186002080281545
adult_adhd_2,1,0.03442488789701802
adult_adhd_2,1,0.04967592043971586
adult_adhd_2,1,0.03760683534688151
adult_adhd_2,1,0.01786827453493913
adult_adhd_2,1,0.4569357973496469
adult_adhd_2,1,0.1361597059077599
adult_adhd_2,1,0.035976582699773246
adult_adhd_2,1,0.00621172892709132
adult_adhd_2,1,0.01159695249309887
adult_adhd_2,1,0.03501240504016658
adult_adhd_2,1,0.02922159996183541
adult_adhd_2,1,0.1438117509241578
adult_adhd_2,1,0.027439486925680434
adult_adhd_2,1,0.11221550623750855
adult_adhd_2,1,0.270984895538286
adult_adhd_2,1,0.014250386442916211
adult_adhd_2,1,0.08170262687451751
adult_adhd_2,1,0.07578495694678694
adult_adhd_2,1,0.011777674898001961
adult_adhd_2,1,0.03267897045284499
adult_adhd_2,1,0.21026154709871755
adult_adhd_2,1,0.15944512440997172
adult_adhd_2,1,0.026968866379583723
adult_adhd_2,1,0.014798927611746532
adult_adhd_2,1,0.0011416917597620107
adult_adhd_2,1,0.00845692172122651
adult_adhd_2,1,0.3892568091116809
adult_adhd_2,1,0.5850653901257727
adult_adhd_2,1,0.014691061449111113
adult_adhd_2,1,0.14262475807346223
adult_adhd_2,1,0.13433270149633308
adult_adhd_2,1,0.05438784425678322
adult_adhd_2,1,0.07776573720962322
adult_adhd_2,1,0.15055668269969605
adult_adhd_2,1,0.30715484413335664
adult_adhd_2,1,0.11190283838079777
adult_adhd_2,1,0.04445532399710173
adult_adhd_2,1,0.06767038516258904
adult_adhd_2,1,0.2748167709993036
adult_adhd_2,1,0.10272604794419361
adult_adhd_2,1,0.014415401899631253
adult_adhd_2,1,0.014199044458900046
adult_adhd_2,1,0.019922821763097186
adult_adhd_2,1,0.0454710055471309
adult_adhd_2,1,0.0286043573309031
adult_adhd_2,1,0.05642815368470091
adult_adhd_2,1,0.1107438383256392
adult_adhd_2,1,0.240451418697896
adult_adhd_2,1,0.07155523673984854
adult_adhd_2,1,0.021389035539080566
adult_adhd_2,1,0.015882650165112727
adult_adhd_2,1,0.3513308804728023
adult_adhd_2,1,0.21522725412577345
adult_adhd_2,1,0.0703268121592979
adult_adhd_2,1,0.3221457238705485
adult_adhd_2,1,0.02019867734077309
adult_adhd_2,1,0.0155382460282934
adult_adhd_2,1,0.2571887466196034
adult_adhd_2,1,0.007103696813789274
adult_adhd_2,1,0.010661826891712108
adult_adhd_2,1,0.02425818460270616
adult_adhd_2,1,0.23502722458290257
adult_adhd_2,1,0.05852275253171788
adult_adhd_2,1,0.06321394486187248
adult_adhd_2,1,0.024361275505615516
adult_adhd_2,1,0.05477543864158312
adult_adhd_2,1,0.039933063118554706
adult_adhd_2,1,0.0066502228951654955
adult_adhd_2,1,0.21337076095881213
adult_adhd_2,1,0.13430119743820784
adult_adhd_2,1,0.06063939835058882
adult_adhd_2,1,0.05209751359136978
adult_adhd_2,1,0.0309628671344977
adult_adhd_2,1,0.05963227336965782
adult_adhd_2,1,0.07155798206128253
adult_adhd_2,1,0.05479811599574277
adult_adhd_2,1,0.08382827104335637
adult_adhd_2,1,0.06197129992603881
adult_adhd_2,1,0.01892494300821326
adult_adhd_2,1,0.002932774326066107
adult_adhd_2,1,0.0664952431688528
adult_adhd_2,1,0.0966908787696235
adult_adhd_2,1,0.0928855528980812
adult_adhd_2,1,0.005655798872967541
adult_adhd_2,1,0.02401129319484696
adult_adhd_2,1,0.12225556211588269
adult_adhd_2,1,0.01457920875498698
adult_adhd_2,1,0.12730363049163892
adult_adhd_2,1,0.3038658436177336
adult_adhd_2,1,0.11697137388065151
adult_adhd_2,1,0.03884425032518634
adult_adhd_2,1,0.03827140354871747
adult_adhd_2,1,0.0431358213896929
adult_adhd_2,1,0.0657191745021798
adult_adhd_2,1,0.1605538355134214
adult_adhd_2,1,0.48429777664245605
adult_adhd_2,1,0.12932272268666556
adult_adhd_2,1,0.0588317671758353
adult_adhd_2,1,0.03738627554124511
adult_adhd_2,1,0.0801156021393208
adult_adhd_2,1,0.10794029532647212
adult_adhd_2,1,0.006909683377147583
adult_adhd_2,1,0.006285818319858916
adult_adhd_2,1,0.04583162652631776
adult_adhd_2,1,0.12482685548185006
adult_adhd_2,1,0.08614723434735237
adult_adhd_2,1,0.003865026777155652
adult_adhd_2,1,0.028064583852168666
adult_adhd_2,1,0.08334283723792833
adult_adhd_2,1,0.20024365722370857
adult_adhd_2,1,0.21391387869420705
adult_adhd_2,1,0.04982972487303798
adult_adhd_2,1,0.04473396193402479
adult_adhd_2,1,0.0625347407187042
adult_adhd_2,1,0.025254615870890236
adult_adhd_2,1,0.09187836673995241
adult_adhd_2,1,0.13576383066982364
adult_adhd_2,1,0.11789927125636313
adult_adhd_2,1,0.15934700778459418
adult_adhd_2,1,0.017910353422692496
adult_adhd_2,1,0.0065458750113332465
adult_adhd_2,1,0.0010605327827664219
adult_adhd_2,1,0.09513690980141198
adult_adhd_2,1,0.1650406274066268
adult_adhd_2,1,0.46444775895864976
adult_adhd_2,1,0.4316229719865461
adult_adhd_2,1,0.04163924521332955
adult_adhd_2,1,0.04558231095671914
adult_adhd_2,1,0.05901421994534455
adult_adhd_2,1,0.042264121852262984
adult_adhd_2,1,0.016107881168446747
adult_adhd_2,1,0.12579113110834736
adult_adhd_2,1,0.5020137720627639
adult_adhd_2,1,0.11238654496895652
adult_adhd_2,1,0.01401108820997081
adult_adhd_2,1,0.2340245609585668
adult_adhd_2,1,0.08926136682371101
adult_adhd_2,1,0.07847262125878102
adult_adhd_2,1,0.06263958411826173
adult_adhd_2,1,0.18768691155953834
adult_adhd_2,1,0.15785701173442748
adult_adhd_2,1,0.07810795190218356
adult_adhd_2,1,0.09264371408045143
adult_adhd_2,1,0.02049354660363792
adult_adhd_2,1,0.09050736943605957
adult_adhd_2,1,0.07417797158521183
adult_adhd_2,1,0.012080055849434139
adult_adhd_2,1,0.03297261922308174
adult_adhd_2,1,0.2508920798375576
adult_adhd_2,1,0.17250210409416175
adult_adhd_2,1,0.11210596311327413
adult_adhd_2,1,0.028390887830235422
adult_adhd_2,1,0.005517084699459898
adult_adhd_2,1,0.020248670802070993
adult_adhd_2,1,0.04399760971094152
adult_adhd_2,1,0.31970047893997233
adult_adhd_2,1,0.047268261628594696
adult_adhd_2,1,0.09441857556293597
adult_adhd_2,1,0.12975077932414814
adult_adhd_2,1,0.06238726263210285
adult_adhd_2,1,0.02761743155982907
adult_adhd_2,1,0.08746294604571458
adult_adhd_2,1,0.3270702748029173
adult_adhd_2,1,0.08166786107376534
adult_adhd_2,1,0.33427567967913807
adult_adhd_2,1,0.1964874185568912
adult_adhd_2,1,0.02118350106009135
adult_adhd_2,1,0.01667038224187514
adult_adhd_2,1,0.011614989548564885
adult_adhd_2,1,0.014717460547007831
adult_adhd_2,1,0.09614510799360441
adult_adhd_2,1,0.020153855461992973
adult_adhd_2,1,0.005637562403248435
adult_adhd_2,1,0.005960442695007025
adult_adhd_2,1,0.13957298656345202
adult_adhd_2,1,0.5284599813515789
adult_adhd_2,1,0.2451288667891084
adult_adhd_2,1,0.5610209960824454
adult_adhd_2,1,0.6986421770914639
adult_adhd_2,1,0.13912551728927064
adult_adhd_2,1,0.032845583789840385
adult_adhd_2,1,0.016867414707210163
adult_adhd_2,1,0.17423616047181692
adult_adhd_2,1,0.024066021737631116
adult_adhd_2,1,0.0034817682540902953
adult_adhd_2,1,0.04167631746028166
adult_adhd_2,1,0.19077508988044697
adult_adhd_2,1,0.03676073604464757
adult_adhd_2,1,0.02365397804902529
adult_adhd_2,1,0.01370104779654651
adult_adhd_2,1,0.03743232252706968
adult_adhd_2,1,0.25461421594664857
adult_adhd_2,1,0.04219200906027128
adult_adhd_2,1,0.019777298274415996
adult_adhd_2,1,0.01509565490213229
adult_adhd_2,1,0.0007069910514085841
adult_adhd_2,1,0.0042679258693859995
adult_adhd_2,1,0.01858575350998905
adult_adhd_2,1,0.02789383441190159
adult_adhd_2,1,0.05142481814811752
adult_adhd_2,1,0.025762258257092826
adult_adhd_2,1,0.03721634337397554
adult_adhd_2,1,0.05847032478056716
adult_adhd_2,1,0.045016425885593986
adult_adhd_2,1,0.05241202496249652
adult_adhd_2,1,0.006724250965179171
adult_adhd_2,1,0.0027006175001207423
adult_adhd_2,1,0.026940893489033974
adult_adhd_2,1,0.016085876616801293
adult_adhd_2,1,0.42683315396086186
adult_adhd_2,1,0.3352753739241061
adult_adhd_2,1,0.16876475071337163
adult_adhd_2,1,0.02358485012043278
adult_adhd_2,1,0.019506167014516896
adult_adhd_2,1,0.09985125052611381
adult_adhd_2,1,0.04602665969246606
adult_adhd_2,1,0.05110056687715645
adult_adhd_2,1,0.2847745415548102
adult_adhd_2,1,0.008796189802201688
adult_adhd_2,1,0.009930636497323665
adult_adhd_2,1,0.014779067584019373
adult_adhd_2,1,0.023289134887485945
adult_adhd_2,1,0.017371538853527713
adult_adhd_2,1,0.03874459390042718
adult_adhd_2,1,0.029259238806307215
adult_adhd_2,1,0.040564507308720854
adult_adhd_2,1,0.049250267022020816
adult_adhd_2,1,0.13777892300193953
adult_adhd_2,1,0.11272649430952485
adult_adhd_2,1,0.05927386657330505
adult_adhd_2,1,0.09050357457612065
adult_adhd_2,1,0.10851048057986772
adult_adhd_2,1,0.052553378548114864
adult_adhd_2,1,0.060384846045629534
adult_adhd_2,1,0.0067157259241910645
adult_adhd_2,1,0.059077159286186176
adult_adhd_2,1,0.04215135832538113
adult_adhd_2,1,0.02581482060542463
adult_adhd_2,1,0.12436674881807933
adult_adhd_2,1,0.22757747209453613
adult_adhd_2,1,0.04900844820595586
adult_adhd_2,1,0.013738876305544285
adult_adhd_2,1,0.034495551093937996
adult_adhd_2,1,0.012597294887951648
adult_adhd_2,1,0.003122087663066482
adult_adhd_2,1,0.002694111654756534
adult_adhd_2,1,0.08054310195163489
adult_adhd_2,1,0.03906633033400029
adult_adhd_2,1,0.07724110964835212
adult_adhd_2,1,0.24184503753179534
adult_adhd_2,1,0.07430941939000345
adult_adhd_2,1,0.2800153503803146
adult_adhd_2,1,0.21143522647748902
adult_adhd_2,1,0.02832695562341795
adult_adhd_2,1,0.1345253810246809
adult_adhd_2,1,0.18210645599498518
adult_adhd_2,1,0.15369979624032817
adult_adhd_2,1,0.04475009804143514
adult_adhd_2,1,0.034802745702081736
adult_adhd_2,1,0.4788033459080282
adult_adhd_2,1,0.07670947982699099
adult_adhd_2,1,0.07941720303780765
adult_adhd_2,1,0.7000793482411524
adult_adhd_2,1,0.09824372011691228
adult_adhd_2,1,0.047990853021736
adult_adhd_2,1,0.022406865382771157
adult_adhd_2,1,0.004630358812561051
adult_adhd_2,1,0.0010537926387157591
adult_adhd_2,1,0.020714337286720085
adult_adhd_2,1,0.04560558419372448
adult_adhd_2,1,0.020210121121230804
adult_adhd_2,1,0.08432275881481219
adult_adhd_2,1,0.03482675148552624
adult_adhd_2,1,0.006449353872981667
adult_adhd_2,1,0.4587850883388081
adult_adhd_2,1,0.3190344230581251
adult_adhd_2,1,0.10830571998827791
adult_adhd_2,1,0.02058836170023203
adult_adhd_2,1,0.02737869161945462
adult_adhd_2,1,0.0362992805858408
adult_adhd_2,1,0.006261151343212367
adult_adhd_2,1,0.012278130443249496
adult_adhd_2,1,0.35317455000677017
adult_adhd_2,1,0.15683083029219333
adult_adhd_2,1,0.06009126850448364
adult_adhd_2,1,0.07368375781167101
adult_adhd_2,1,0.07122886707778285
adult_adhd_2,1,0.2601318415006438
adult_adhd_2,1,0.02162145605746313
adult_adhd_2,1,0.0015535150589223322
adult_adhd_2,1,0.00043531411767071374
adult_adhd_2,1,0.05854638258205753
adult_adhd_2,1,0.017459014042414987
adult_adhd_2,1,0.012034604458635816
adult_adhd_2,1,0.10910605881981894
adult_adhd_2,1,0.1482659577575443
adult_adhd_2,1,0.09017826877751403
adult_adhd_2,1,0.01743616433948407
adult_adhd_2,1,0.08338876805026793
adult_adhd_2,1,0.052953927420908535
adult_adhd_2,1,0.024618513367018206
adult_adhd_2,1,0.10839372484518728
adult_adhd_2,1,0.06405094714608293
adult_adhd_2,1,0.031718974898437564
adult_adhd_2,1,0.030244458046606075
adult_adhd_2,1,0.1152511332676457
adult_adhd_2,1,0.32724096829628085
adult_adhd_2,1,0.14798743980499776
adult_adhd_2,1,0.0945546867126854
adult_adhd_2,1,0.042435130992952035
adult_adhd_2,1,0.002229422050524179
adult_adhd_2,1,0.011232797929203443
adult_adhd_2,1,0.004356721621164049
adult_adhd_2,1,0.09178437411008102
adult_adhd_2,1,0.2841175093198879
adult_adhd_2,1,0.28945437033274496
adult_adhd_2,1,0.5663627163413031
adult_adhd_2,1,0.33585253249583735
adult_adhd_2,1,0.013446191595089219
adult_adhd_2,1,0.11593078510567416
adult_adhd_2,1,0.039526616319129994
adult_adhd_2,1,0.11195018812227014
adult_adhd_2,1,0.0932853002913549
adult_adhd_2,1,0.11398649669572163
adult_adhd_2,1,0.08334890666068856
adult_adhd_2,1,0.06246154914632638
adult_adhd_2,1,0.2942299507717199
adult_adhd_2,1,0.22240472764826713
adult_adhd_2,1,0.15214605453814004
adult_adhd_2,1,0.34335323697971404
adult_adhd_2,1,0.06067484995867606
adult_adhd_2,1,0.04619343339188167
adult_adhd_2,1,0.12846110869968216
adult_adhd_2,1,0.16607654544901704
adult_adhd_2,1,0.06938291686112508
adult_adhd_2,1,0.12869497067387684
adult_adhd_2,1,0.6937140028596873
adult_adhd_2,1,0.30796542190219106
adult_adhd_2,1,0.526932335720807
adult_adhd_2,1,0.04350870240057747
adult_adhd_2,1,0.10232180479382642
adult_adhd_2,1,0.2823017190030198
adult_adhd_2,1,0.7605521366656699
adult_adhd_2,1,0.715644416679988
adult_adhd_2,1,0.36249052858145314
adult_adhd_2,1,0.00855846443366748
adult_adhd_2,1,0.10534943788683285
adult_adhd_2,1,0.22031686176017598
adult_adhd_2,1,0.11043830551775739
adult_adhd_2,1,0.10673091816361219
adult_adhd_2,1,0.6697127675520601
adult_adhd_2,1,0.10693947590142908
adult_adhd_2,1,0.0751457950122443
adult_adhd_2,1,0.11494222389004682
adult_adhd_2,1,0.42477958736280824
adult_adhd_2,1,0.2100563082071276
adult_adhd_2,1,0.2782240636903581
adult_adhd_2,1,0.4859910026437301
adult_adhd_2,1,0.15039584737087802
adult_adhd_2,1,0.018243810644728235
adult_adhd_2,1,0.044412493048305954
adult_adhd_2,1,0.14865988620134668
adult_adhd_2,1,0.03728824434695569
adult_adhd_2,1,0.11164228285188253
adult_adhd_2,1,0.4494952811160323
adult_adhd_2,1,0.7696283797538388
adult_adhd_2,1,0.09016511117616104
adult_adhd_2,1,0.02895954199044195
adult_adhd_2,1,0.3409838226581448
adult_adhd_2,1,0.13633424550653808
adult_adhd_2,1,0.3488391723496292
adult_adhd_2,1,0.5407182670786321
adult_adhd_2,1,0.18842844615858464
adult_adhd_2,1,0.046284131403860465
adult_adhd_2,1,0.017092981427042332
adult_adhd_2,1,0.014520699762709718
adult_adhd_2,1,0.06227022989559701
adult_adhd_2,1,0.46680466772633694
adult_adhd_2,1,0.19311645712883113
adult_adhd_2,1,0.032813795693515384
adult_adhd_2,1,0.01113130037104833
adult_adhd_2,1,0.049856233287201714
adult_adhd_2,1,0.04779875424620791
adult_adhd_2,1,0.04000278252126653
adult_adhd_2,1,0.023018961706846336
adult_adhd_2,1,0.5665211612422892
adult_adhd_2,1,0.48371814078521186
adult_adhd_2,1,0.07452986464267926
adult_adhd_2,1,0.10234709078959005
adult_adhd_2,1,0.252460312358804
adult_adhd_2,1,0.13181024546449446
adult_adhd_2,1,0.3107841558924992
adult_adhd_2,1,0.5191060437214289
adult_adhd_2,1,0.20556271506803442
adult_adhd_2,1,0.04070688199137121
adult_adhd_2,1,0.4937281874301347
adult_adhd_2,1,0.4723151869313846
adult_adhd_2,1,0.4032862926816469
adult_adhd_2,1,0.06848740999744135
adult_adhd_2,1,0.42093852288514083
adult_adhd_2,1,0.4383333499938125
adult_adhd_2,1,0.1877113087879146
adult_adhd_2,1,0.025589788042954687
adult_adhd_2,1,0.1130862921133123
adult_adhd_2,1,0.06468379138651106
adult_adhd_2,1,0.016484512307035577
adult_adhd_2,1,0.10620966783014883
adult_adhd_2,1,0.16056667220423007
adult_adhd_2,1,0.7735739448721108
adult_adhd_2,1,0.8393449387308987
adult_adhd_2,1,0.13031899935977234
adult_adhd_2,1,0.30830035799128724
adult_adhd_2,1,0.0716603250090067
adult_adhd_2,1,0.033089560427049525
adult_adhd_2,1,0.02267672597879577
adult_adhd_2,1,0.07771742861527675
adult_adhd_2,1,0.014226791780356947
adult_adhd_2,1,0.024436728937637976
adult_adhd_2,1,0.1828084597354069
adult_adhd_2,1,0.01313462957357256
adult_adhd_2,1,0.016506131763118874
adult_adhd_2,1,0.10067977759383841
adult_adhd_2,1,0.2182914221801494
adult_adhd_2,1,0.4345742533133889
adult_adhd_2,1,0.07341762459407425
adult_adhd_2,1,0.0323282694731898
adult_adhd_2,1,0.04295774004132533
adult_adhd_2,1,0.3511609796954156
adult_adhd_2,1,0.11492605338094447
adult_adhd_2,1,0.06364416124922138
adult_adhd_2,1,0.14335841229573976
adult_adhd_2,1,0.08985704145558898
adult_adhd_2,1,0.7734876290178517
adult_adhd_2,1,0.6616117412712206
adult_adhd_2,1,0.1713838914476532
adult_adhd_2,1,0.0521029379617824
adult_adhd_2,1,0.12044791052058018
adult_adhd_2,1,0.02165585185321037
adult_adhd_2,1,0.013015414509401376
adult_adhd_2,1,0.015988586946927185
adult_adhd_2,1,0.040937638570920365
adult_adhd_2,1,0.015433553380577577
adult_adhd_2,1,0.6687002020375699
adult_adhd_2,1,0.37318695595625306
adult_adhd_2,1,0.2598664826964864
adult_adhd_2,1,0.13864973646425685
adult_adhd_2,1,0.2072830071115587
adult_adhd_2,1,0.022481242178058632
adult_adhd_2,1,0.09917145305837854
adult_adhd_2,1,0.2816210205474344
adult_adhd_2,1,0.6302256694688776
adult_adhd_2,1,0.3598983774077003
adult_adhd_2,1,0.05813277708561218
adult_adhd_2,1,0.020334578324860464
adult_adhd_2,1,0.010422852235722186
adult_adhd_2,1,0.026724197253544836
adult_adhd_2,1,0.04187534874017574
adult_adhd_2,1,0.04132085612093225
adult_adhd_2,1,0.17616223588238028
adult_adhd_2,1,0.13071550731239512
adult_adhd_2,1,0.15997251863259693
adult_adhd_2,1,0.017891217997370853
adult_adhd_2,1,0.03773530823221939
adult_adhd_2,1,0.07612852562517264
adult_adhd_2,1,0.07872855765049117
adult_adhd_2,1,0.11288311325137944
adult_adhd_2,1,0.035539575945389174
adult_adhd_2,1,0.16212345461148361
adult_adhd_3,1,0.22683815498724613
adult_adhd_3,1,0.7668642362547453
adult_adhd_3,1,0.35757212205627026
adult_adhd_3,1,0.020478926941317657
adult_adhd_3,1,0.05095187842508165
adult_adhd_3,1,0.29672875412101946
adult_adhd_3,1,0.010556263854337186
adult_adhd_3,1,0.01669849158084389
adult_adhd_3,1,0.17816831330852753
adult_adhd_3,1,0.036441256866213745
adult_adhd_3,1,0.00199343449176516
adult_adhd_3,1,0.025291902744630834
adult_adhd_3,1,0.11246954337900741
adult_adhd_3,1,0.05966015677506045
adult_adhd_3,1,0.031025749392624525
adult_adhd_3,1,0.08706731839681671
adult_adhd_3,1,0.4183103648531498
adult_adhd_3,1,0.23572475608217947
adult_adhd_3,1,0.2611748925571384
adult_adhd_3,1,0.07489644416366617
adult_adhd_3,1,0.060231444189802266
adult_adhd_3,1,0.12322010217727464
adult_adhd_3,1,0.5983901991393882
adult_adhd_3,1,0.2032741001289304
adult_adhd_3,1,0.051000561480846016
adult_adhd_3,1,0.06004839221339956
adult_adhd_3,1,0.28589479224563263
adult_adhd_3,1,0.20962794313799038
adult_adhd_3,1,0.027273081858250156
adult_adhd_3,1,0.24574486333544635
adult_adhd_3,1,0.6287937373651208
adult_adhd_3,1,0.06587642985439258
adult_adhd_3,1,0.021307041631113785
adult_adhd_3,1,0.10924992214875312
adult_adhd_3,1,0.08066650770309722
adult_adhd_3,1,0.08165069041292926
adult_adhd_3,1,0.06597179240705438
adult_adhd_3,1,0.2936943146871823
adult_adhd_3,1,0.5717441926442187
adult_adhd_3,1,0.16542997209792132
adult_adhd_3,1,0.28837567684698573
adult_adhd_3,1,0.24778351501038015
adult_adhd_3,1,0.18554149856617508
adult_adhd_3,1,0.27428483326648906
adult_adhd_3,1,0.20405183641344352
adult_adhd_3,1,0.010802853696388372
adult_adhd_3,1,0.36727233111224455
adult_adhd_3,1,0.39411342959442675
adult_adhd_3,1,0.10085853785368448
adult_adhd_3,1,0.02938430658631078
adult_adhd_3,1,0.02529039841408236
adult_adhd_3,1,0.10096514030227145
adult_adhd_3,1,0.02641023562773977
adult_adhd_3,1,0.09383399237897334
adult_adhd_3,1,0.18084540082723335
adult_adhd_3,1,0.2811008103143069
adult_adhd_3,1,0.23572373537531097
adult_adhd_3,1,0.11575454715171221
adult_adhd_3,1,0.44683448065414677
adult_adhd_3,1,0.3428318570022684
adult_adhd_3,1,0.13537742150795348
adult_adhd_3,1,0.4884484455174365
adult_adhd_3,1,0.47898454526731593
adult_adhd_3,1,0.36307055050417864
adult_adhd_3,1,0.3273503293284985
adult_adhd_3,1,0.082538091309248
adult_adhd_3,1,0.13050474119732908
adult_adhd_3,1,0.2817083007336041
adult_adhd_3,1,0.45425858890324694
adult_adhd_3,1,0.1502193706566883
adult_adhd_3,1,0.0921670183881698
adult_adhd_3,1,0.11235751427224809
adult_adhd_3,1,0.5729416294876561
adult_adhd_3,1,0.10575194257881593
adult_adhd_3,1,0.014725898279253241
adult_adhd_3,1,0.15962592214459817
adult_adhd_3,1,0.0901937593927623
adult_adhd_3,1,0.08530288562754508
adult_adhd_3,1,0.0841984932623457
adult_adhd_3,1,0.03783045088159888
adult_adhd_3,1,0.07104119711598615
adult_adhd_3,1,0.18458162374343112
adult_adhd_3,1,0.08374983524756305
adult_adhd_3,1,0.11593045435337053
adult_adhd_3,1,0.18407909446421078
adult_adhd_3,1,0.10443421935226918
adult_adhd_3,1,0.024407683679696354
adult_adhd_3,1,0.5228192967291463
adult_adhd_3,1,0.38134947634379
adult_adhd_3,1,0.44279458687710316
adult_adhd_3,1,0.30307967248058554
adult_adhd_3,1,0.5037759485704603
adult_adhd_3,1,0.21621499064348748
adult_adhd_3,1,0.06676998832411786
adult_adhd_3,1,0.2511019352554427
adult_adhd_3,1,0.3169192090184999
adult_adhd_3,1,0.2416247375483083
adult_adhd_3,1,0.1377868866685079
adult_adhd_3,1,0.5264793865507765
adult_adhd_3,1,0.1692846018930949
adult_adhd_3,1,0.24339229023113276
adult_adhd_3,1,0.6734333615371886
adult_adhd_3,1,0.2734172647043891
adult_adhd_3,1,0.27101435177791394
adult_adhd_3,1,0.10694683357173063
adult_adhd_3,1,0.1456590592032344
adult_adhd_3,1,0.14209043797818346
adult_adhd_3,1,0.059023464679457315
adult_adhd_3,1,0.06934240059891256
adult_adhd_3,1,0.01735949058021259
adult_adhd_3,1,0.12016213099470606
adult_adhd_3,1,0.1911940114311913
adult_adhd_3,1,0.1845947736977291
adult_adhd_3,1,0.11998451381827244
adult_adhd_3,1,0.18574069651619116
adult_adhd_3,1,0.09865015988740529
adult_adhd_3,1,0.06438495887717781
adult_adhd_3,1,0.12493725196674353
adult_adhd_3,1,0.15098156162747517
adult_adhd_3,1,0.4994445070539826
adult_adhd_3,1,0.07473761813862187
adult_adhd_3,1,0.37698371075664644
adult_adhd_3,1,0.18170272934846896
adult_adhd_3,1,0.17690622789689142
adult_adhd_3,1,0.07207603132091749
adult_adhd_3,1,0.19251328262699416
adult_adhd_3,1,0.4873563919115578
adult_adhd_3,1,0.30198951968625876
adult_adhd_3,1,0.02976253457270775
adult_adhd_3,1,0.03860263472374112
adult_adhd_3,1,0.2679067943845175
adult_adhd_3,1,0.2541821537168142
adult_adhd_3,1,0.5322000425602537
adult_adhd_3,1,0.7010522499379148
adult_adhd_3,1,0.5234699957949223
adult_adhd_3,1,0.24074036004606222
adult_adhd_3,1,0.02582423072439583
adult_adhd_3,1,0.08884776440249162
adult_adhd_3,1,0.2000618295630869
adult_adhd_3,1,0.2154351068800874
adult_adhd_3,1,0.2640276324080072
adult_adhd_3,1,0.1577499676811419
adult_adhd_3,1,0.5163921841932253
adult_adhd_3,1,0.39002031356608324
adult_adhd_3,1,0.09396985449007783
adult_adhd_3,1,0.533012298245844
adult_adhd_3,1,0.5637797175611998
adult_adhd_3,1,0.5239018477137632
adult_adhd_3,1,0.24043769660159572
adult_adhd_3,1,0.18306379770449868
adult_adhd_3,1,0.09096136538960155
adult_adhd_3,1,0.19933265710773648
adult_adhd_3,1,0.45643335210550534
adult_adhd_3,1,0.6189693638803688
adult_adhd_3,1,0.24225529717111852
adult_adhd_3,1,0.34084463822371447
adult_adhd_3,1,0.45513327008127713
adult_adhd_3,1,0.7536689497925496
adult_adhd_3,1,0.6208547081219125
adult_adhd_3,1,0.8512035849157644
adult_adhd_3,1,0.6516061460357295
adult_adhd_3,1,0.10626194627442577
adult_adhd_3,1,0.4742339963282781
adult_adhd_3,1,0.6512476064028919
adult_adhd_3,1,0.5927876279039653
adult_adhd_3,1,0.3514863300229765
adult_adhd_3,1,0.07743781843727861
adult_adhd_3,1,0.2089751987077219
adult_adhd_3,1,0.3500552796110268
adult_adhd_3,1,0.10795001893133319
adult_adhd_3,1,0.0790866237047459
adult_adhd_3,1,0.21118412550777554
adult_adhd_3,1,0.9135554117988761
adult_adhd_3,1,0.7737060336103827
adult_adhd_3,1,0.6798161439829721
adult_adhd_3,1,0.3798445398993362
adult_adhd_3,1,0.7377343888496867
adult_adhd_3,1,0.3978695684360036
adult_adhd_3,1,0.4749067840421619
adult_adhd_3,1,0.840033933837569
adult_adhd_3,1,0.2385318748775238
adult_adhd_3,1,0.1573040389205101
adult_adhd_3,1,0.1790319366595929
adult_adhd_3,1,0.7107306056144922
adult_adhd_3,1,0.3318481337002579
adult_adhd_3,1,0.1490964873948644
adult_adhd_3,1,0.35795352973996636
adult_adhd_3,1,0.4892867346097416
adult_adhd_3,1,0.35945009248430004
adult_adhd_3,1,0.7392252947869621
adult_adhd_3,1,0.7459586407020654
adult_adhd_3,1,0.674390224386408
adult_adhd_3,1,0.16518956089234332
adult_adhd_3,1,0.26525445679622545
adult_adhd_3,1,0.17181380625833098
adult_adhd_3,1,0.6657508442164614
adult_adhd_3,1,0.708315765156127
adult_adhd_3,1,0.37143111004013224
adult_adhd_3,1,0.010109968677305736
adult_adhd_3,1,0.16417692495565495
adult_adhd_3,1,0.2655956614417241
adult_adhd_3,1,0.18360156711271683
adult_adhd_3,1,0.31680111491903634
adult_adhd_3,1,0.7806319190293804
adult_adhd_3,1,0.4504073754428765
adult_adhd_3,1,0.7906654376731305
adult_adhd_3,1,0.41035153167338195
adult_adhd_3,1,0.39545202048794187
adult_adhd_3,1,0.21119066507415798
adult_adhd_3,1,0.3547357634187456
adult_adhd_3,1,0.47888154175089986
adult_adhd_3,1,0.41136362675213345
adult_adhd_3,1,0.31280204587368654
adult_adhd_3,1,0.14035524641311461
adult_adhd_3,1,0.1555396252869749
adult_adhd_3,1,0.11382920630220122
adult_adhd_3,1,0.6384358399779952
adult_adhd_3,1,0.468132355635546
adult_adhd_3,1,0.6846973617230718
adult_adhd_3,1,0.37723809102226047
adult_adhd_3,1,0.19869368868271825
adult_adhd_3,1,0.7657999366665345
adult_adhd_3,1,0.39045855133554586
adult_adhd_3,1,0.5247843752051315
adult_adhd_3,1,0.762771942356344
adult_adhd_3,1,0.47583146329845827
adult_adhd_3,1,0.5779997039417237
adult_adhd_3,1,0.45616200942644997
adult_adhd_3,1,0.4992121166766368
adult_adhd_3,1,0.7191807779904751
adult_adhd_3,1,0.1615658204749979
adult_adhd_3,1,0.151842499379216
adult_adhd_3,1,0.5049632632104013
adult_adhd_3,1,0.14075760388019523
adult_adhd_3,1,0.44978520915222947
adult_adhd_3,1,0.3343920390574556
adult_adhd_3,1,0.46057878972986294
adult_adhd_3,1,0.1738917109833204
adult_adhd_3,1,0.17680005922517641
adult_adhd_3,1,0.5733892224268279
adult_adhd_3,1,0.4059090803132584
adult_adhd_3,1,0.03962095409164482
adult_adhd_3,1,0.5374025459939685
adult_adhd_3,1,0.18643084496277582
adult_adhd_3,1,0.12961422925879118
adult_adhd_3,1,0.18919244910312566
adult_adhd_3,1,0.5535926226906509
adult_adhd_3,1,0.6798061399664307
adult_adhd_3,1,0.6288321981068555
adult_adhd_3,1,0.8001414077004295
adult_adhd_3,1,0.3375220659915356
adult_adhd_3,1,0.3926711781398635
adult_adhd_3,1,0.8709889484606717
adult_adhd_3,1,0.059781455064401766
adult_adhd_3,1,0.036340841480892415
adult_adhd_3,1,0.08585149032933827
adult_adhd_3,1,0.36457073370430376
adult_adhd_3,1,0.25727730868094806
adult_adhd_3,1,0.21327927208039682
adult_adhd_3,1,0.07735566614887014
adult_adhd_3,1,0.19390703369225162
adult_adhd_3,1,0.15783233453799478
adult_adhd_3,1,0.03814197771965624
adult_adhd_3,1,0.11157350494755296
adult_adhd_3,1,0.28559240395732616
adult_adhd_3,1,0.7582236630778854
adult_adhd_3,1,0.4440472437067882
adult_adhd_3,1,0.14008109766346494
adult_adhd_3,1,0.04910714851080681
adult_adhd_3,1,0.17741951197141642
adult_adhd_3,1,0.0931255579673885
adult_adhd_3,1,0.1427815062133742
adult_adhd_3,1,0.07512778031019512
adult_adhd_3,1,0.24426034873253563
adult_adhd_3,1,0.16243280102430918
adult_adhd_3,1,0.15362409085444073
adult_adhd_3,1,0.09378730819327633
adult_adhd_3,1,0.12530930504869478
adult_adhd_3,1,0.7032209173166699
adult_adhd_3,1,0.3444268908486411
adult_adhd_3,1,0.45486299335699054
adult_adhd_3,1,0.05386949386038552
adult_adhd_3,1,0.7331796163017866
adult_adhd_3,1,0.88441140260443
adult_adhd_3,1,0.368558316902952
adult_adhd_3,1,0.6470695825347068
adult_adhd_3,1,0.3388482882379972
adult_adhd_3,1,0.5201422672886268
adult_adhd_3,1,0.13830970779106283
adult_adhd_3,1,0.15697630663887618
adult_adhd_3,1,0.20153946221568755
adult_adhd_3,1,0.22598268239384406
adult_adhd_3,1,0.09557610703664358
adult_adhd_3,1,0.05260723329992413
adult_adhd_3,1,0.1296991286322641
adult_adhd_3,1,0.2858440293205659
adult_adhd_3,1,0.4602370376372079
adult_adhd_3,1,0.21870047002690235
adult_adhd_3,1,0.05815397635468631
adult_adhd_3,1,0.11986897161683814
adult_adhd_3,1,0.4043668890590715
adult_adhd_3,1,0.10926495699946315
adult_adhd_3,1,0.10553095600103407
adult_adhd_3,1,0.3556913384643898
adult_adhd_3,1,0.35711343308354265
adult_adhd_3,1,0.5060280707431282
adult_adhd_3,1,0.6920488930624342
adult_adhd_3,1,0.630105023086888
adult_adhd_3,1,0.3275173851421255
adult_adhd_3,1,0.13241270575634628
adult_adhd_3,1,0.35329836541175613
adult_adhd_3,1,0.6974169560769378
adult_adhd_3,1,0.8254774881679686
adult_adhd_3,1,0.30024697105541176
adult_adhd_3,1,0.5111810889597206
adult_adhd_3,1,0.40750277196431106
adult_adhd_3,1,0.5723463928504192
adult_adhd_3,1,0.8885541999547968
adult_adhd_3,1,0.7530652443744198
adult_adhd_3,1,0.34884036632293147
adult_adhd_3,1,0.43114678464127576
adult_adhd_3,1,0.5257605045967003
adult_adhd_3,1,0.7858564769058125
adult_adhd_3,1,0.977742824265494
adult_adhd_3,1,0.4054360941300955
adult_adhd_3,1,0.25897060003755523
adult_adhd_3,1,0.5912092717299825
adult_adhd_3,1,0.7725108790991236
adult_adhd_3,1,0.36402936003762326
adult_adhd_3,1,0.5448358595733126
adult_adhd_3,1,0.8440776328339062
adult_adhd_3,1,0.7311536898560088
adult_adhd_3,1,0.7841033114439139
adult_adhd_3,1,0.31422360400850885
adult_adhd_3,1,0.14999003262167138
adult_adhd_3,1,0.38942845554571753
adult_adhd_3,1,0.6688381724749988
adult_adhd_3,1,0.5729410428920003
adult_adhd_3,1,0.6537683461889983
adult_adhd_3,1,0.3679361191837855
adult_adhd_3,1,0.6394843223101362
adult_adhd_3,1,0.5473845212247338
adult_adhd_3,1,0.7535893245712465
adult_adhd_3,1,0.472664219872864
adult_adhd_3,1,0.8332344456516944
adult_adhd_3,1,0.6257563244127178
adult_adhd_3,1,0.7666476516688903
adult_adhd_3,1,0.7241251794089669
adult_adhd_3,1,0.6227259912437433
adult_adhd_3,1,0.8270138566021572
adult_adhd_3,1,0.5154743332838723
adult_adhd_3,1,0.8482165751332221
adult_adhd_3,1,0.5621999256447371
adult_adhd_3,1,0.13463185207129322
adult_adhd_3,1,0.11731463682981819
adult_adhd_3,1,0.15935023948750007
adult_adhd_3,1,0.1393275174692889
adult_adhd_3,1,0.04615328606120702
adult_adhd_3,1,0.04032673004086395
adult_adhd_3,1,0.14898735371533492
adult_adhd_3,1,0.10155315036366971
adult_adhd_3,1,0.4839087083640295
adult_adhd_3,1,0.22699557171407916
adult_adhd_3,1,0.276002495018138
adult_adhd_3,1,0.6931584214046074
adult_adhd_3,1,0.4339098644163994
adult_adhd_3,1,0.17231824754953573
adult_adhd_3,1,0.17205728633272968
adult_adhd_3,1,0.1870916338324787
adult_adhd_3,1,0.1023053027395296
adult_adhd_3,1,0.04330805951489289
adult_adhd_3,1,0.13051677918064788
adult_adhd_3,1,0.19809794030882194
adult_adhd_3,1,0.14823004591668515
adult_adhd_3,1,0.3079421454599836
adult_adhd_3,1,0.16287680932639664
adult_adhd_3,1,0.045080809110688284
adult_adhd_3,1,0.5116963870581304
adult_adhd_3,1,0.5791582889004088
adult_adhd_3,1,0.7403452032578098
adult_adhd_3,1,0.6521815552160026
adult_adhd_3,1,0.5524770236628486
adult_adhd_3,1,0.25737225980663525
adult_adhd_3,1,0.43104057591143
adult_adhd_3,1,0.34960230144421517
adult_adhd_3,1,0.2827429375560455
adult_adhd_3,1,0.27757404878421754
adult_adhd_3,1,0.0842583517937924
adult_adhd_3,1,0.5377770026069834
adult_adhd_3,1,0.7404747364612315
adult_adhd_3,1,0.42263412261961286
adult_adhd_3,1,0.435558143315693
adult_adhd_3,1,0.0840261470199016
adult_adhd_3,1,0.030970411013904638
adult_adhd_3,1,0.9093112032250966
adult_adhd_3,1,0.8859831005429426
adult_adhd_3,1,0.18311382804044835
adult_adhd_3,1,0.0679315336122184
adult_adhd_3,1,0.5514664943760713
adult_adhd_3,1,0.5015193773203925
adult_adhd_3,1,0.03188422310156716
adult_adhd_3,1,0.05220525331424831
adult_adhd_3,1,0.24395273440809317
adult_adhd_3,1,0.1610266565393748
adult_adhd_3,1,0.33589679449105375
adult_adhd_3,1,0.22227729043702518
adult_adhd_3,1,0.042933835229506855
adult_adhd_3,1,0.159081194213553
adult_adhd_3,1,0.0661601705057593
adult_adhd_3,1,0.0419494764618696
adult_adhd_3,1,0.3726766118976424
adult_adhd_3,1,0.4235594981646393
adult_adhd_3,1,0.5776113342543144
adult_adhd_3,1,0.1255568717496469
adult_adhd_3,1,0.6779816863580918
adult_adhd_3,1,0.576516910074751
adult_adhd_3,1,0.19163679340764675
adult_adhd_3,1,0.07598354859684972
adult_adhd_3,1,0.6378282513561072
adult_adhd_3,1,0.4797271050099855
adult_adhd_3,1,0.29908031012880787
adult_adhd_3,1,0.23739116851582986
adult_adhd_3,1,0.14852895175466616
adult_adhd_3,1,0.4301371384864014
adult_adhd_3,1,0.26323221478085174
adult_adhd_3,1,0.6355376549631826
adult_adhd_3,1,0.5866871663893272
adult_adhd_3,1,0.8410434540522158
adult_adhd_3,1,0.5329644129442235
adult_adhd_3,1,0.28877558752257615
adult_adhd_3,1,0.7796190776985118
adult_adhd_3,1,0.663742902907094
adult_adhd_3,1,0.7045476059036893
adult_adhd_3,1,0.8974964815478454
adult_adhd_3,1,0.4932542844466401
adult_adhd_3,1,0.3752544149844738
adult_adhd_3,1,0.2636448220064343
adult_adhd_3,1,0.021871698662339057
adult_adhd_3,1,0.24415449049506743
adult_adhd_3,1,0.4689629720555799
adult_adhd_3,1,0.5992271401228529
adult_adhd_3,1,0.8402322427928717
adult_adhd_3,1,0.9395897573797506
adult_adhd_3,1,0.5849761382200942
adult_adhd_3,1,0.7754603454980036
adult_adhd_3,1,0.732473872843506
adult_adhd_3,1,0.48130921963510986
adult_adhd_3,1,0.37162132372651346
adult_adhd_3,1,0.3787492259229971
adult_adhd_3,1,0.08340003220303067
adult_adhd_3,1,0.24511863267934553
adult_adhd_3,1,0.39014445497074257
adult_adhd_3,1,0.17849407247585886
adult_adhd_3,1,0.4581129560124601
adult_adhd_3,1,0.8686833932826488
adult_adhd_3,1,0.9185219971128037
adult_adhd_3,1,0.25974321899150643
adult_adhd_3,1,0.43188874791168275
adult_adhd_3,1,0.37319582237981314
adult_adhd_3,1,0.29242144779403323
adult_adhd_3,1,0.15674103020856545
adult_adhd_3,1,0.6724892504406672
adult_adhd_3,1,0.6867121639138509
adult_adhd_3,1,0.6400398039345182
adult_adhd_3,1,0.3364045372528695
adult_adhd_3,1,0.40977233086212034
adult_adhd_3,1,0.17475451795732092
adult_adhd_3,1,0.8004353489275311
adult_adhd_3,1,0.2823247994077369
adult_adhd_3,1,0.09077049995422508
adult_adhd_3,1,0.24117331719722906
adult_adhd_3,1,0.5582317925810802
adult_adhd_3,1,0.7360124113992407
adult_adhd_3,1,0.6138477564155765
adult_adhd_3,1,0.5731346918391979
adult_adhd_3,1,0.35711996930534834
adult_adhd_3,1,0.40965345316741997
adult_adhd_3,1,0.11515740452474556
adult_adhd_3,1,0.5616089401694067
adult_adhd_3,1,0.2690534543520424
adult_adhd_3,1,0.19967832904352364
adult_adhd_3,1,0.16057633476951572
adult_adhd_3,1,0.42554550571399513
adult_adhd_3,1,0.006477942155114613
adult_adhd_3,1,0.005148157368719961
adult_adhd_3,1,0.12951496084131692
adult_adhd_3,1,0.023215227016838112
adult_adhd_3,1,0.47232530554006674
adult_adhd_3,1,0.21748242809295026
adult_adhd_3,1,0.09490621641644101
adult_adhd_3,1,0.07028571173354554
adult_adhd_3,1,0.04089479108736047
adult_adhd_3,1,0.11630453180223176
adult_adhd_3,1,0.32391328502435335
adult_adhd_3,1,0.03319370696738191
adult_adhd_3,1,0.017943393347583412
adult_adhd_3,1,0.028448151756837
adult_adhd_3,1,0.018743532245208746
adult_adhd_3,1,0.1205866230432315
adult_adhd_3,1,0.23415345033562823
adult_adhd_3,1,0.03264723046583053
adult_adhd_3,1,0.16085693491074243
adult_adhd_3,1,0.43442574532914785
adult_adhd_3,1,0.16360738674622585
adult_adhd_3,1,0.08511658415291593
adult_adhd_3,1,0.14756718754371484
adult_adhd_3,1,0.11427083073944308
adult_adhd_3,1,0.31708162062311984
adult_adhd_3,1,0.06220384267305409
adult_adhd_3,1,0.44846606387657373
adult_adhd_3,1,0.1080911982999995
adult_adhd_3,1,0.12173365620162464
adult_adhd_3,1,0.12554525273802034
adult_adhd_3,1,0.03998312776123719
adult_adhd_3,1,0.043921153331222984
adult_adhd_3,1,0.08491549772968485
adult_adhd_3,1,0.14499371741189
adult_adhd_3,1,0.23171485392822763
adult_adhd_3,1,0.39336719171201096
adult_adhd_3,1,0.39236884075942974
adult_adhd_3,1,0.33732562497365753
adult_adhd_3,1,0.5645007946952297
adult_adhd_3,1,0.2755314568344509
adult_adhd_3,1,0.03779579452818955
adult_adhd_3,1,0.741302631007753
adult_adhd_3,1,0.7766385180126872
adult_adhd_3,1,0.0845182668577838
adult_adhd_3,1,0.7231626921650535
adult_adhd_3,1,0.2624390187124218
adult_adhd_3,1,0.07510659919882384
adult_adhd_3,1,0.14692962372752008
adult_adhd_3,1,0.23072919099979008
adult_adhd_3,1,0.06275185219274113
adult_adhd_3,1,0.04858717813559538
adult_adhd_3,1,0.08110958345160241
adult_adhd_3,1,0.06428139489741916
adult_adhd_3,1,0.2807405199997005
adult_adhd_3,1,0.04464428871791105
adult_adhd_3,1,0.007652133837865113
adult_adhd_3,1,0.014220326605244873
adult_adhd_3,1,0.08667824896788423
adult_adhd_3,1,0.14391600125597484
adult_adhd_3,1,0.036420690266560196
adult_adhd_3,1,0.048945316204331325
adult_adhd_3,1,0.2673394213871528
adult_adhd_3,1,0.010937216748271488
adult_adhd_3,1,0.013540865448860288
adult_adhd_3,1,0.002311588521491045
adult_adhd_3,1,0.009704509919127932
adult_adhd_3,1,0.031103644218300298
adult_adhd_3,1,0.26899420151720277
adult_adhd_3,1,0.3424302546327128
adult_adhd_3,1,0.24560155275290468
adult_adhd_3,1,0.016216725300777942
adult_adhd_3,1,0.14571491659473365
adult_adhd_3,1,0.1566252403511343
adult_adhd_3,1,0.30976447869883394
adult_adhd_3,1,0.11533898316002185
adult_adhd_3,1,0.012443074273313648
adult_adhd_3,1,0.0583848274315601
adult_adhd_3,1,0.16914720441521996
adult_adhd_3,1,0.021273335855482856
adult_adhd_3,1,0.0500661733708848
adult_adhd_3,1,0.22450302475859332
adult_adhd_3,1,0.17785267666800603
adult_adhd_3,1,0.013356361994874772
adult_adhd_3,1,0.019120174013985497
adult_adhd_3,1,0.16545363575710473
adult_adhd_3,1,0.16089475833450467
adult_adhd_3,1,0.4862500980493701
adult_adhd_3,1,0.061736013789167675
adult_adhd_3,1,0.13118637590122983
adult_adhd_3,1,0.45420234955171584
adult_adhd_3,1,0.523131077263749
adult_adhd_3,1,0.3866471623000781
adult_adhd_3,1,0.028181228699607284
adult_adhd_3,1,0.006505623068551565
adult_adhd_3,1,0.025616410233822606
adult_adhd_3,1,0.30585824136969814
adult_adhd_3,1,0.19191301412721543
adult_adhd_3,1,0.18777401643014244
adult_adhd_3,1,0.18864477772232663
adult_adhd_3,1,0.6258259103507829
adult_adhd_3,1,0.1195996632863639
adult_adhd_3,1,0.03129239857274401
adult_adhd_3,1,0.211402015647691
adult_adhd_3,1,0.3834597018927638
adult_adhd_3,1,0.7257820341345865
adult_adhd_3,1,0.8780898666558763
adult_adhd_3,1,0.4392003729771922
adult_adhd_3,1,0.09096373143794849
adult_adhd_3,1,0.19759421544382272
adult_adhd_3,1,0.07793445631483314
adult_adhd_3,1,0.007701274073265069
adult_adhd_3,1,0.032093133825575514
adult_adhd_3,1,0.18686454940446887
adult_adhd_3,1,0.21587916204434682
adult_adhd_3,1,0.044479545982871266
adult_adhd_3,1,0.07236266381308766
adult_adhd_3,1,0.02687549322920862
adult_adhd_3,1,0.16083086129679194
adult_adhd_3,1,0.2438558919532217
adult_adhd_3,1,0.37867517607932144
adult_adhd_3,1,0.5286504798649468
adult_adhd_3,1,0.05686619630792902
adult_adhd_3,1,0.14934499915742205
adult_adhd_3,1,0.22336016602785544
adult_adhd_3,1,0.2920148497985871
adult_adhd_3,1,0.1851326737717327
adult_adhd_3,1,0.4874219544233919
adult_adhd_3,1,0.06406827683814041
adult_adhd_3,1,0.07061595375265207
adult_adhd_3,1,0.4435620655070447
adult_adhd_3,1,0.4335553266834045
adult_adhd_3,1,0.029469934603520303
adult_adhd_3,1,0.24550416130656733
adult_adhd_3,1,0.010580741961676054
adult_adhd_3,1,0.031129580562512672
adult_adhd_3,1,0.014689090318807328
adult_adhd_3,1,0.3797436069666602
adult_adhd_3,1,0.06980549305799803
adult_adhd_3,1,0.03199475375855338
adult_adhd_3,1,0.1718580684308674
adult_adhd_3,1,0.20147002978033915
adult_adhd_3,1,0.34744156866105697
adult_adhd_3,1,0.6299644606794803
adult_adhd_3,1,0.23707227798208758
adult_adhd_4,1,0.5904498200853789
adult_adhd_4,1,0.22148960010626248
adult_adhd_4,1,0.34255438618351425
adult_adhd_4,1,0.1583853602791226
adult_adhd_4,1,0.32578110422296697
adult_adhd_4,1,0.09397057014761041
adult_adhd_4,1,0.21877223376988592
adult_adhd_4,1,0.3769505617602619
adult_adhd_4,1,0.3769328486116925
adult_adhd_4,1,0.6862500882617619
adult_adhd_4,1,0.9015197766028016
adult_adhd_4,1,0.9312719105110043
adult_adhd_4,1,0.6054218662852202
adult_adhd_4,1,0.5295383316206903
adult_adhd_4,1,0.9488445583320877
adult_adhd_4,1,0.8040340149922575
adult_adhd_4,1,0.2752871802667032
adult_adhd_4,1,0.3408205815826997
adult_adhd_4,1,0.20915496461860264
adult_adhd_4,1,0.09419887399606898
adult_adhd_4,1,0.3460414695536471
adult_adhd_4,1,0.6389835051195231
adult_adhd_4,1,0.45193614200943855
adult_adhd_4,1,0.7107532940252221
adult_adhd_4,1,0.1084862921301895
adult_adhd_4,1,0.04303456842970423
adult_adhd_4,1,0.3984742473436299
adult_adhd_4,1,0.4983953704932204
adult_adhd_4,1,0.3708140674497646
adult_adhd_4,1,0.12206954696401938
adult_adhd_4,1,0.257670569178775
adult_adhd_4,1,0.2879164391335344
adult_adhd_4,1,0.26326117255098663
adult_adhd_4,1,0.6126000248393132
adult_adhd_4,1,0.1480342665465773
adult_adhd_4,1,0.06709505519028722
adult_adhd_4,1,0.2077891564355271
adult_adhd_4,1,0.5000984718004526
adult_adhd_4,1,0.4048029375544591
adult_adhd_4,1,0.8823972775060165
adult_adhd_4,1,0.9135719313766114
adult_adhd_4,1,0.4306481306558177
adult_adhd_4,1,0.4950817690893526
adult_adhd_4,1,0.21717010975836162
adult_adhd_4,1,0.8193639007009677
adult_adhd_4,1,0.6876340731923407
adult_adhd_4,1,0.4064389457708836
adult_adhd_4,1,0.31350689563658396
adult_adhd_4,1,0.2634242026152305
adult_adhd_4,1,0.036411995710896705
adult_adhd_4,1,0.014451530455521878
adult_adhd_4,1,0.16739557343777514
adult_adhd_4,1,0.05435528180622941
adult_adhd_4,1,0.026648828388782072
adult_adhd_4,1,0.526881264723719
adult_adhd_4,1,0.17288023440688016
adult_adhd_4,1,0.48245113085504804
adult_adhd_4,1,0.3576922270406881
adult_adhd_4,1,0.5496403414469516
adult_adhd_4,1,0.20446539988809176
adult_adhd_4,1,0.009841889320678242
adult_adhd_4,1,0.19840065907315999
adult_adhd_4,1,0.9269562144015867
adult_adhd_4,1,0.2222377164037384
adult_adhd_4,1,0.27835122110488225
adult_adhd_4,1,0.5623201122152431
adult_adhd_4,1,0.11353729178401953
adult_adhd_4,1,0.34448839759340305
adult_adhd_4,1,0.6804080922701199
adult_adhd_4,1,0.49840005583182684
adult_adhd_4,1,0.27873653733596676
adult_adhd_4,1,0.4751503907253234
adult_adhd_4,1,0.7448485615962006
adult_adhd_4,1,0.5639808597341907
adult_adhd_4,1,0.13535697815917738
adult_adhd_4,1,0.1458440149403121
adult_adhd_4,1,0.9650939522471387
adult_adhd_4,1,0.1747578843167475
adult_adhd_4,1,0.2050095403358521
adult_adhd_4,1,0.8152459719220075
adult_adhd_4,1,0.6857840292868481
adult_adhd_4,1,0.8316174426908409
adult_adhd_4,1,0.648071816104191
adult_adhd_4,1,0.43054133934056626
adult_adhd_4,1,0.23947050917772303
adult_adhd_4,1,0.3591659802944728
adult_adhd_4,1,0.5780105673010426
adult_adhd_4,1,0.1881489442308982
adult_adhd_4,1,0.1684848113236381
adult_adhd_4,1,0.5155411665772365
adult_adhd_4,1,0.43100921181917085
adult_adhd_4,1,0.40856427946258583
adult_adhd_4,1,0.30298311634922903
adult_adhd_4,1,0.7772692249445325
adult_adhd_4,1,0.33850999179662355
adult_adhd_4,1,0.18901155450444612
adult_adhd_4,1,0.466025767665816
adult_adhd_4,1,0.5812607442260193
adult_adhd_4,1,0.3636234325944443
adult_adhd_4,1,0.15284597980272968
adult_adhd_4,1,0.2890375496143596
adult_adhd_4,1,0.7350436059481166
adult_adhd_4,1,0.8498924185401363
adult_adhd_4,1,0.6700440592972723
adult_adhd_4,1,0.8982263898862688
adult_adhd_4,1,0.9159648350507095
adult_adhd_4,1,0.4959798294552457
adult_adhd_4,1,0.5495603646142055
adult_adhd_4,1,0.4657935900622339
adult_adhd_4,1,0.30827696698030677
adult_adhd_4,1,0.8223037044601328
adult_adhd_4,1,0.8339812979558437
adult_adhd_4,1,0.883767014633438
adult_adhd_4,1,0.7374525459369006
adult_adhd_4,1,0.7990629139892509
adult_adhd_4,1,0.947576353500585
adult_adhd_4,1,0.7301073478224774
adult_adhd_4,1,0.8053600041983703
adult_adhd_4,1,0.6277493490217632
adult_adhd_4,1,0.3121269553665502
adult_adhd_4,1,0.736524402002579
adult_adhd_4,1,0.6740504027201798
adult_adhd_4,1,0.2135814018449469
adult_adhd_4,1,0.21711438918898893
adult_adhd_4,1,0.44545470846643226
adult_adhd_4,1,0.8006152922325334
adult_adhd_4,1,0.8424515420584748
adult_adhd_4,1,0.5706981420845713
adult_adhd_4,1,0.3130690130223416
adult_adhd_4,1,0.07698089416667146
adult_adhd_4,1,0.8054007149006244
adult_adhd_4,1,0.43149617560464715
adult_adhd_4,1,0.6918949690492445
adult_adhd_4,1,0.9720912619128946
adult_adhd_4,1,0.6917389221023726
adult_adhd_4,1,0.43724358437251587
adult_adhd_4,1,0.9009739133196746
adult_adhd_4,1,0.8849166136480577
adult_adhd_4,1,0.2025553345743705
adult_adhd_4,1,0.07853018082527244
adult_adhd_4,1,0.36540724046384776
adult_adhd_4,1,0.3636665955298735
adult_adhd_4,1,0.7589594158441477
adult_adhd_4,1,0.46986617035118217
adult_adhd_4,1,0.6489270532355279
adult_adhd_4,1,0.570712732366042
adult_adhd_4,1,0.6802275156756179
adult_adhd_4,1,0.6612986203744099
adult_adhd_4,1,0.6076193343229532
adult_adhd_4,1,0.7516174469789916
adult_adhd_4,1,0.10651782207465738
adult_adhd_4,1,0.7516052335282478
adult_adhd_4,1,0.41257116691149115
adult_adhd_4,1,0.18378783842964938
adult_adhd_4,1,0.1779894313884253
adult_adhd_4,1,0.7708473359658609
adult_adhd_4,1,0.7911374190688529
adult_adhd_4,1,0.8275210549436547
adult_adhd_4,1,0.3572455186946867
adult_adhd_4,1,0.34062420504453017
adult_adhd_4,1,0.040886616744239615
adult_adhd_4,1,0.24546742299132837
adult_adhd_4,1,0.4468939904634251
adult_adhd_4,1,0.1451036183996267
adult_adhd_4,1,0.636945499046387
adult_adhd_4,1,0.8884271890608878
adult_adhd_4,1,0.8765903747971904
adult_adhd_4,1,0.5879150121837016
adult_adhd_4,1,0.2161989433448299
adult_adhd_4,1,0.3020613966868672
adult_adhd_4,1,0.5376126606316618
adult_adhd_4,1,0.67347560653012
adult_adhd_4,1,0.373630958691144
adult_adhd_4,1,0.9238630652168849
adult_adhd_4,1,0.783771510574427
adult_adhd_4,1,0.31334616094044304
adult_adhd_4,1,0.05023788375446462
adult_adhd_4,1,0.20479618635468058
adult_adhd_4,1,0.1460825557173352
adult_adhd_4,1,0.7241065139099605
adult_adhd_4,1,0.3508792250068766
adult_adhd_4,1,0.11065234460826834
adult_adhd_4,1,0.3731643610993391
adult_adhd_4,1,0.5849260524274273
adult_adhd_4,1,0.15809155913869094
adult_adhd_4,1,0.8594532217702
adult_adhd_4,1,0.482180689621142
adult_adhd_4,1,0.2947146317685034
adult_adhd_4,1,0.20748007131603668
adult_adhd_4,1,0.33181678068240045
adult_adhd_4,1,0.8376021824489953
adult_adhd_4,1,0.1342486589999184
adult_adhd_4,1,0.14473934516331532
adult_adhd_4,1,0.1629598077466204
adult_adhd_4,1,0.8004730417926154
adult_adhd_4,1,0.4215295756114652
adult_adhd_4,1,0.40752079341859027
adult_adhd_4,1,0.016443717426917862
adult_adhd_4,1,0.1898094473342733
adult_adhd_4,1,0.8929099197568037
adult_adhd_4,1,0.6672483888238606
adult_adhd_4,1,0.3125024057626242
adult_adhd_4,1,0.8545380672243889
adult_adhd_4,1,0.8849314992992214
adult_adhd_4,1,0.950054133744933
adult_adhd_4,1,0.9916055962952123
adult_adhd_4,1,0.7079090999080049
adult_adhd_4,1,0.40163286844267676
adult_adhd_4,1,0.7478296528185808
adult_adhd_4,1,0.9382930320832458
adult_adhd_4,1,0.8756987893553199
adult_adhd_4,1,0.8339773249324641
adult_adhd_4,1,0.45491931481636677
adult_adhd_4,1,0.5616451281550813
adult_adhd_4,1,0.7348293064888503
adult_adhd_4,1,0.9366765485245224
adult_adhd_4,1,0.7560140040209218
adult_adhd_4,1,0.4643491015712457
adult_adhd_4,1,0.13980577971456312
adult_adhd_4,1,0.11875278283149768
adult_adhd_4,1,0.27704634636564063
adult_adhd_4,1,0.7911520238025004
adult_adhd_4,1,0.21959932105606192
adult_adhd_4,1,0.5671956286074888
adult_adhd_4,1,0.6424189225402794
adult_adhd_4,1,0.7640958631043149
adult_adhd_4,1,0.8889885570472634
adult_adhd_4,1,0.3394274543368456
adult_adhd_4,1,0.06613777320850274
adult_adhd_4,1,0.8714991846317064
adult_adhd_4,1,0.6517442030995878
adult_adhd_4,1,0.3835756405441791
adult_adhd_4,1,0.3823077683572312
adult_adhd_4,1,0.682712671218573
adult_adhd_4,1,0.90264110171441
adult_adhd_4,1,0.9554642290430171
adult_adhd_4,1,0.8473253024349668
adult_adhd_4,1,0.41449116481836606
adult_adhd_4,1,0.5793622236246553
adult_adhd_4,1,0.5874940258487356
adult_adhd_4,1,0.3525637197739901
adult_adhd_4,1,0.2124518852901485
adult_adhd_4,1,0.5672149857422348
adult_adhd_4,1,0.35193594305296116
adult_adhd_4,1,0.7205710765005344
adult_adhd_4,1,0.4474404994352269
adult_adhd_4,1,0.5170401877340765
adult_adhd_4,1,0.6803815879850607
adult_adhd_4,1,0.6780458681549397
adult_adhd_4,1,0.6359701010260176
adult_adhd_4,1,0.3868110056591143
adult_adhd_4,1,0.6683719396196338
adult_adhd_4,1,0.30892724445075836
adult_adhd_4,1,0.3466102681815778
adult_adhd_4,1,0.7684812601244932
adult_adhd_4,1,0.7085855918918065
adult_adhd_4,1,0.9889604738701031
adult_adhd_4,1,0.9349112037228835
adult_adhd_4,1,0.6111348350714083
adult_adhd_4,1,0.6158301261048156
adult_adhd_4,1,0.6044810298319969
adult_adhd_4,1,0.19046483048383148
adult_adhd_4,1,0.5531933503509322
adult_adhd_4,1,0.7210225689753234
adult_adhd_4,1,0.41412735593739414
adult_adhd_4,1,0.7078981090445676
adult_adhd_4,1,0.11180606204186878
adult_adhd_4,1,0.6248226543453602
adult_adhd_4,1,0.8194107215771121
adult_adhd_4,1,0.6858574970511041
adult_adhd_4,1,0.23331955400865662
adult_adhd_4,1,0.7029864528363644
adult_adhd_4,1,0.8272130970635686
adult_adhd_4,1,0.46878450911325203
adult_adhd_4,1,0.5967637253366587
adult_adhd_4,1,0.31204341950801534
adult_adhd_4,1,0.8010386114255487
adult_adhd_4,1,0.9495248324292639
adult_adhd_4,1,0.7968403816424847
adult_adhd_4,1,0.723071248700177
adult_adhd_4,1,0.34243785108319824
adult_adhd_4,1,0.2787523172008756
adult_adhd_4,1,0.6920389635265207
adult_adhd_4,1,0.791650044840605
adult_adhd_4,1,0.8945177505872739
adult_adhd_4,1,0.9755204124856804
adult_adhd_4,1,0.5093497548156137
adult_adhd_4,1,0.6762540415018752
adult_adhd_4,1,0.11836518345170982
adult_adhd_4,1,0.20312763127729386
adult_adhd_4,1,0.13485139952427125
adult_adhd_4,1,0.8460083993389731
adult_adhd_4,1,0.9531473904462733
adult_adhd_4,1,0.4691491058157356
adult_adhd_4,1,0.5507320735007781
adult_adhd_4,1,0.06331703355580746
adult_adhd_4,1,0.2065318877976768
adult_adhd_4,1,0.49772438129652014
adult_adhd_4,1,0.9854689487998635
adult_adhd_4,1,0.756025793234162
adult_adhd_4,1,0.7747946090531994
adult_adhd_4,1,0.511006864391844
adult_adhd_4,1,0.2362582483241796
adult_adhd_4,1,0.4010110221039977
adult_adhd_4,1,0.4560927747031595
adult_adhd_4,1,0.20590593318246322
adult_adhd_4,1,0.10102942309839101
adult_adhd_4,1,0.2500229249412294
adult_adhd_4,1,0.30182818267509076
adult_adhd_4,1,0.19192335744277467
adult_adhd_4,1,0.2130190381246865
adult_adhd_4,1,0.12350099876037174
adult_adhd_4,1,0.09899214066649793
adult_adhd_4,1,0.8405314258056514
adult_adhd_4,1,0.3133635368288029
adult_adhd_4,1,0.12432179756818872
adult_adhd_4,1,0.8243119804375623
adult_adhd_4,1,0.19376120464035623
adult_adhd_4,1,0.10694195267247944
adult_adhd_4,1,0.13431201204222842
adult_adhd_4,1,0.3425453619617527
adult_adhd_4,1,0.7150003984140498
adult_adhd_4,1,0.1891286488754811
adult_adhd_4,1,0.18352265351568578
adult_adhd_4,1,0.5210680561500445
adult_adhd_4,1,0.45802618959478386
adult_adhd_4,1,0.5994754688775038
adult_adhd_4,1,0.3963682092849205
adult_adhd_4,1,0.36583966477802693
adult_adhd_4,1,0.30912568389219125
adult_adhd_4,1,0.23459024924665783
adult_adhd_4,1,0.19134547853784709
adult_adhd_4,1,0.800716107873445
adult_adhd_4,1,0.8070095262894285
adult_adhd_4,1,0.5668115856042747
adult_adhd_4,1,0.8472540712714938
adult_adhd_4,1,0.3745581639860148
adult_adhd_4,1,0.4172628517591629
adult_adhd_4,1,0.28035336285000545
adult_adhd_4,1,0.8148576808792353
adult_adhd_4,1,0.23313926348435524
adult_adhd_4,1,0.30984020782807775
adult_adhd_4,1,0.3340820430466694
adult_adhd_4,1,0.7755298287983606
adult_adhd_4,1,0.11718933024855414
adult_adhd_4,1,0.03295453391287042
adult_adhd_4,1,0.30277013484135956
adult_adhd_4,1,0.2707282405340201
adult_adhd_4,1,0.060173907391346884
adult_adhd_4,1,0.636996815484575
adult_adhd_4,1,0.7054471245828617
adult_adhd_4,1,0.45838195933789594
adult_adhd_4,1,0.23156291629662384
adult_adhd_4,1,0.7130032362905927
adult_adhd_4,1,0.5281906407419465
adult_adhd_4,1,0.059345226318928274
adult_adhd_4,1,0.5568976405116546
adult_adhd_4,1,0.717210108541994
adult_adhd_4,1,0.48891268011351524
adult_adhd_4,1,0.19860212201722593
adult_adhd_4,1,0.5854181081251513
adult_adhd_4,1,0.2458027975830498
adult_adhd_4,1,0.12260298887024139
adult_adhd_4,1,0.3559365085742836
adult_adhd_4,1,0.6895164061227397
adult_adhd_4,1,0.2705287778546675
adult_adhd_4,1,0.43667187409511626
adult_adhd_4,1,0.13017502003369405
adult_adhd_4,1,0.4023350222129529
adult_adhd_4,1,0.9536149530513358
adult_adhd_4,1,0.6457526506320882
adult_adhd_4,1,0.9500385043986529
adult_adhd_4,1,0.8082587745387803
adult_adhd_4,1,0.7254552273506097
adult_adhd_4,1,0.9198709411987457
adult_adhd_4,1,0.7269497548869945
adult_adhd_4,1,0.6003460475310175
adult_adhd_4,1,0.661229643809936
adult_adhd_4,1,0.945534251203721
adult_adhd_4,1,0.5650988424654552
adult_adhd_4,1,0.07116017638299228
adult_adhd_4,1,0.238247256198956
adult_adhd_4,1,0.2546856079401993
adult_adhd_4,1,0.19243981538965502
adult_adhd_4,1,0.06624329489297044
adult_adhd_4,1,0.20132400714605134
adult_adhd_4,1,0.3448639998383593
adult_adhd_4,1,0.947344492295245
adult_adhd_4,1,0.9454692380717497
adult_adhd_4,1,0.3462818631607666
adult_adhd_4,1,0.49581530088606707
adult_adhd_4,1,0.6146904951178157
adult_adhd_4,1,0.35053401244559257
adult_adhd_4,1,0.6817679196806405
adult_adhd_4,1,0.2414242607993802
adult_adhd_4,1,0.4894087159354466
adult_adhd_4,1,0.8293640961882638
adult_adhd_4,1,0.3919018660751758
adult_adhd_4,1,0.8777482811115765
adult_adhd_4,1,0.7852836155732001
adult_adhd_4,1,0.13412491887958244
adult_adhd_4,1,0.3504162292459394
adult_adhd_4,1,0.6999340031497575
adult_adhd_4,1,0.3254159252771256
adult_adhd_4,1,0.8822106291677322
adult_adhd_4,1,0.13707597402989083
adult_adhd_4,1,0.2702734250601614
adult_adhd_4,1,0.9617996749945917
adult_adhd_4,1,0.5786023888885586
adult_adhd_4,1,0.358518057953838
adult_adhd_4,1,0.8008934392937633
adult_adhd_4,1,0.35739733658091544
adult_adhd_4,1,0.5584109903672083
adult_adhd_4,1,0.7129883460863653
adult_adhd_4,1,0.6028172330028296
adult_adhd_4,1,0.6162817791256966
adult_adhd_4,1,0.5153587639284599
adult_adhd_4,1,0.08373092747561171
adult_adhd_4,1,0.22226004990740983
adult_adhd_4,1,0.8822883560850009
adult_adhd_4,1,0.7727163174852062
adult_adhd_4,1,0.6080369630792231
adult_adhd_4,1,0.7586667337021098
adult_adhd_4,1,0.38053023914822054
adult_adhd_4,1,0.7562534037316055
adult_adhd_4,1,0.09686850256496535
adult_adhd_4,1,0.2919549263847125
adult_adhd_4,1,0.428519036138197
adult_adhd_4,1,0.9281605223552137
adult_adhd_4,1,0.08660639910812629
adult_adhd_4,1,0.4167615211698992
adult_adhd_4,1,0.801082920033641
adult_adhd_4,1,0.5157936201622104
adult_adhd_4,1,0.29931097397751527
adult_adhd_4,1,0.558810931963761
adult_adhd_4,1,0.7281525541602358
adult_adhd_4,1,0.6381266010775893
adult_adhd_4,1,0.36537721523415
adult_adhd_4,1,0.21324450464975842
adult_adhd_4,1,0.7317425192706949
adult_adhd_4,1,0.3099609013059653
adult_adhd_4,1,0.314432271683319
adult_adhd_4,1,0.36649902919607213
adult_adhd_4,1,0.40738235064042266
adult_adhd_4,1,0.5319552862451936
adult_adhd_4,1,0.2861106847391659
adult_adhd_4,1,0.5394732483506629
adult_adhd_4,1,0.7536133099645836
adult_adhd_4,1,0.7372039039903776
adult_adhd_4,1,0.3528767265970303
adult_adhd_4,1,0.9100679794671713
adult_adhd_4,1,0.12540195689615635
adult_adhd_4,1,0.06469780779629261
adult_adhd_4,1,0.6089370656769997
adult_adhd_4,1,0.4138605188233441
adult_adhd_4,1,0.014793873897110666
adult_adhd_4,1,0.011798540619763289
adult_adhd_4,1,0.740012156845328
adult_adhd_4,1,0.7810257536615755
adult_adhd_4,1,0.7093453944993833
adult_adhd_4,1,0.13957923097743616
adult_adhd_4,1,0.5142085470113119
adult_adhd_4,1,0.5441250532431884
adult_adhd_4,1,0.4815272231564771
adult_adhd_4,1,0.8492415517635703
adult_adhd_4,1,0.9516787991757129
adult_adhd_4,1,0.515862357643958
adult_adhd_4,1,0.12610922175512557
adult_adhd_4,1,0.12589873031263232
adult_adhd_4,1,0.0470597624890165
adult_adhd_4,1,0.18006274582879103
adult_adhd_4,1,0.09684233150939182
adult_adhd_4,1,0.6342534652977238
adult_adhd_4,1,0.07916759478661668
adult_adhd_4,1,0.15607028483685523
adult_adhd_4,1,0.620126204426623
adult_adhd_4,1,0.376284140788953
adult_adhd_4,1,0.6477719345401443
adult_adhd_4,1,0.8813722697806499
adult_adhd_4,1,0.8465564391034744
adult_adhd_4,1,0.6626313355897585
adult_adhd_4,1,0.6907221099891697
adult_adhd_4,1,0.7709434471472252
adult_adhd_4,1,0.9050317831317503
adult_adhd_4,1,0.615372232462879
adult_adhd_4,1,0.7439776744382909
adult_adhd_4,1,0.6676052884018875
adult_adhd_4,1,0.29569100692091066
adult_adhd_4,1,0.5904806359985109
adult_adhd_4,1,0.9310333231973247
adult_adhd_4,1,0.945969686690691
adult_adhd_4,1,0.5844297646375667
adult_adhd_4,1,0.8953693707786167
adult_adhd_4,1,0.41634947320305904
adult_adhd_4,1,0.6788533278266026
adult_adhd_4,1,0.13225177467750834
adult_adhd_4,1,0.29218505025585795
adult_adhd_4,1,0.2375952759523465
adult_adhd_4,1,0.35800912870250406
adult_adhd_4,1,0.3276284819606348
adult_adhd_4,1,0.7821129796063604
adult_adhd_4,1,0.950334220928121
adult_adhd_4,1,0.7455658455125459
adult_adhd_4,1,0.7744561123741107
adult_adhd_4,1,0.8548243689966462
adult_adhd_4,1,0.9527865329454992
adult_adhd_4,1,0.5333208253276877
adult_adhd_4,1,0.06299972096606753
adult_adhd_4,1,0.4173927892457888
adult_adhd_4,1,0.7345880190257782
adult_adhd_4,1,0.6904702888298359
adult_adhd_4,1,0.6523348114462882
adult_adhd_4,1,0.11538774041687791
adult_adhd_4,1,0.8170665899390834
adult_adhd_4,1,0.5521971976099127
adult_adhd_4,1,0.8629655583643486
adult_adhd_4,1,0.867272261460725
adult_adhd_4,1,0.41130606012968846
adult_adhd_4,1,0.21079457970353624
adult_adhd_4,1,0.47471072073604487
adult_adhd_4,1,0.6940905605526276
adult_adhd_4,1,0.8449612911065795
adult_adhd_4,1,0.9694049986514695
adult_adhd_4,1,0.8901202319731448
adult_adhd_4,1,0.5183663607632158
adult_adhd_4,1,0.8520942513056328
adult_adhd_4,1,0.6279765994656368
adult_adhd_4,1,0.8660846753395621
adult_adhd_4,1,0.697034637781992
adult_adhd_4,1,0.06280312804842697
adult_adhd_4,1,0.11540345892734752
adult_adhd_4,1,0.7265779198956573
adult_adhd_4,1,0.4244165453634131
adult_adhd_4,1,0.21776947231126448
adult_adhd_4,1,0.6394483991538307
adult_adhd_4,1,0.7085584020320463
adult_adhd_4,1,0.47235736050305216
adult_adhd_4,1,0.3768672249993492
adult_adhd_4,1,0.4034711307560306
adult_adhd_4,1,0.42571695607321275
adult_adhd_4,1,0.7964492380173587
adult_adhd_4,1,0.910144798213904
adult_adhd_4,1,0.7345318500913499
adult_adhd_4,1,0.9697400680427157
adult_adhd_4,1,0.1602477281024783
adult_adhd_4,1,0.3131583209650756
adult_adhd_4,1,0.32496129148680253
adult_adhd_4,1,0.12150026698921045
adult_adhd_4,1,0.26853217528122436
adult_adhd_4,1,0.3639454979758332
adult_adhd_4,1,0.7730847192873067
adult_adhd_4,1,0.31096155367704675
adult_adhd_4,1,0.04849488532377334
adult_adhd_4,1,0.06036277025831232
adult_adhd_4,1,0.07592387401888305
adult_adhd_4,1,0.7125135733962498
adult_adhd_4,1,0.6665357976449026
adult_adhd_4,1,0.6912559247876344
adult_adhd_4,1,0.0902725469684495
adult_adhd_4,1,0.8808564789497171
adult_adhd_4,1,0.49449467976521416
adult_adhd_4,1,0.07657359294443625
adult_adhd_4,1,0.1397490272623943
adult_adhd_4,1,0.5669474335030235
adult_adhd_4,1,0.8478960040360564
adult_adhd_4,1,0.4648374694683391
adult_adhd_4,1,0.7711632148400847
adult_adhd_4,1,0.787432823163606
adult_adhd_4,1,0.4643807086760361
adult_adhd_4,1,0.27076874064605627
adult_adhd_4,1,0.3416722167303621
adult_adhd_4,1,0.21680287166214682
adult_adhd_4,1,0.09509480803631365
adult_adhd_4,1,0.42782711586679106
adult_adhd_4,1,0.8693380571105825
adult_adhd_4,1,0.44460883469799883
adult_adhd_4,1,0.6990804038225775
adult_adhd_4,1,0.891975911115144
adult_adhd_4,1,0.9687787759277472
adult_adhd_4,1,0.9865620283071757
adult_adhd_4,1,0.8507710935252415
adult_adhd_4,1,0.8798659535036856
adult_adhd_4,1,0.8223590351224557
adult_adhd_4,1,0.37091317393732753
adult_adhd_4,1,0.13869581144547977
adult_adhd_4,1,0.42149523018632706
adult_adhd_4,1,0.27284170543248737
adult_adhd_4,1,0.6701159378444707
adult_adhd_4,1,0.3485643335794244
adult_adhd_4,1,0.5362762154412336
adult_adhd_4,1,0.5656412068577377
adult_adhd_4,1,0.779425622077074
adult_adhd_4,1,0.6617487896239048
adult_adhd_4,1,0.244182425690649
adult_adhd_4,1,0.14441749631030598
adult_adhd_4,1,0.25633982600593946
adult_adhd_4,1,0.14355298655331108
adult_adhd_4,1,0.3111952950438421
adult_adhd_4,1,0.6886358191589892
adult_adhd_4,1,0.7438207365920312
adult_adhd_4,1,0.5125536432486981
adult_adhd_4,1,0.6362433312676135
adult_adhd_4,1,0.8449578841899703
adult_adhd_4,1,0.8376284082147846
adult_adhd_4,1,0.36410330155268944
adult_adhd_4,1,0.21560396833568335
adult_adhd_4,1,0.16317855148086505
adult_adhd_4,1,0.6265854851503552
adult_adhd_4,1,0.7879391457780142
adult_adhd_4,1,0.5987434193781218
adult_adhd_4,1,0.06356140705175371
adult_adhd_4,1,0.13108417172770775
adult_adhd_4,1,0.09020506981770124
adult_adhd_4,1,0.580029139876877
adult_adhd_4,1,0.8398046398864654
adult_adhd_4,1,0.863795648306012
adult_adhd_4,1,0.29363317015750146
adult_adhd_4,1,0.6627581797530151
adult_adhd_5,1,0.0010919764614809137
adult_adhd_5,1,0.0012168765118034314
adult_adhd_5,1,0.015958959101088764
adult_adhd_5,1,0.02742303591557753
adult_adhd_5,1,0.09623851052255616
adult_adhd_5,1,0.3358402135738072
adult_adhd_5,1,0.14411791130826287
adult_adhd_5,1,0.13023337380268615
adult_adhd_5,1,0.023329782325070086
adult_adhd_5,1,0.09998995092440396
adult_adhd_5,1,0.18703512864697086
adult_adhd_5,1,0.1332135633615464
adult_adhd_5,1,0.024610704000759744
adult_adhd_5,1,0.25240126084599523
adult_adhd_5,1,0.4454231436427078
adult_adhd_5,1,0.29225950534870204
adult_adhd_5,1,0.06703386646395781
adult_adhd_5,1,0.1970323991329153
adult_adhd_5,1,0.4976101782160929
adult_adhd_5,1,0.12781918819757007
adult_adhd_5,1,0.4877595528107497
adult_adhd_5,1,0.23873139294064757
adult_adhd_5,1,0.5317566047132353
adult_adhd_5,1,0.3612745710760215
adult_adhd_5,1,0.21719771876016516
adult_adhd_5,1,0.3192580743301496
adult_adhd_5,1,0.2330307820973393
adult_adhd_5,1,0.02943383148460493
adult_adhd_5,1,0.007882671986512702
adult_adhd_5,1,0.2916691110019631
adult_adhd_5,1,0.3836768869283932
adult_adhd_5,1,0.23171550007495065
adult_adhd_5,1,0.18750991925481805
adult_adhd_5,1,0.5866358427701798
adult_adhd_5,1,0.26035349248587714
adult_adhd_5,1,0.2806072847599893
adult_adhd_5,1,0.09075223469949212
adult_adhd_5,1,0.11330929574563425
adult_adhd_5,1,0.016027920543955798
adult_adhd_5,1,0.05615643568803519
adult_adhd_5,1,0.012834367528707927
adult_adhd_5,1,0.23092950724550362
adult_adhd_5,1,0.12019340865862829
adult_adhd_5,1,0.024762597730593278
adult_adhd_5,1,0.04664622645084727
adult_adhd_5,1,0.1960141672667177
adult_adhd_5,1,0.07547586476969091
adult_adhd_5,1,0.026565389175325183
adult_adhd_5,1,0.1602196990736098
adult_adhd_5,1,0.14612647290439382
adult_adhd_5,1,0.17240503309976338
adult_adhd_5,1,0.5140723370904492
adult_adhd_5,1,0.09631091786592015
adult_adhd_5,1,0.29098587079270344
adult_adhd_5,1,0.6118113731541316
adult_adhd_5,1,0.3878401360988532
adult_adhd_5,1,0.34541704831476727
adult_adhd_5,1,0.5330081482202222
adult_adhd_5,1,0.26079648480217543
adult_adhd_5,1,0.31874640953696515
adult_adhd_5,1,0.2104451334716641
adult_adhd_5,1,0.32671919458190485
adult_adhd_5,1,0.15890821596223703
adult_adhd_5,1,0.09530906526429989
adult_adhd_5,1,0.1723365005077471
adult_adhd_5,1,0.12387807905319058
adult_adhd_5,1,0.3473174059092684
adult_adhd_5,1,0.5475797309332497
adult_adhd_5,1,0.5503704887234657
adult_adhd_5,1,0.23647128126445838
adult_adhd_5,1,0.21646277811624523
adult_adhd_5,1,0.08446813082531365
adult_adhd_5,1,0.22418779330802793
adult_adhd_5,1,0.08065516934399973
adult_adhd_5,1,0.229323923066194
adult_adhd_5,1,0.13045896440714277
adult_adhd_5,1,0.06297609910171775
adult_adhd_5,1,0.20975675264498864
adult_adhd_5,1,0.3019520896514741
adult_adhd_5,1,0.04419199354309881
adult_adhd_5,1,0.28569918401503847
adult_adhd_5,1,0.5873209564302618
adult_adhd_5,1,0.4184001404029441
adult_adhd_5,1,0.16495914272168494
adult_adhd_5,1,0.3756764643774485
adult_adhd_5,1,0.2373946388447995
adult_adhd_5,1,0.4037088797334679
adult_adhd_5,1,0.5730598196973324
adult_adhd_5,1,0.14273753180339646
adult_adhd_5,1,0.2893872423519498
adult_adhd_5,1,0.08600392159720995
adult_adhd_5,1,0.22296521032809927
adult_adhd_5,1,0.6066585811696158
adult_adhd_5,1,0.42549965814162233
adult_adhd_5,1,0.535098132476106
adult_adhd_5,1,0.5708210533646763
adult_adhd_5,1,0.4787720574079881
adult_adhd_5,1,0.5753595590708042
adult_adhd_5,1,0.5795774548532373
adult_adhd_5,1,0.14292513098252135
adult_adhd_5,1,0.7936656291061984
adult_adhd_5,1,0.5303565077963134
adult_adhd_5,1,0.5930763440348176
adult_adhd_5,1,0.5543211130337438
adult_adhd_5,1,0.4577182324248014
adult_adhd_5,1,0.24545464253302943
adult_adhd_5,1,0.2969253527434309
adult_adhd_5,1,0.05341393906595386
adult_adhd_5,1,0.16434211837111373
adult_adhd_5,1,0.1466475854218455
adult_adhd_5,1,0.8487921098351869
adult_adhd_5,1,0.7753711138722342
adult_adhd_5,1,0.534950240156353
adult_adhd_5,1,0.39858201676412985
adult_adhd_5,1,0.35227849648646115
adult_adhd_5,1,0.6183210625335094
adult_adhd_5,1,0.27364323856119327
adult_adhd_5,1,0.12863935975336183
adult_adhd_5,1,0.7731060440858922
adult_adhd_5,1,0.9346024095865947
adult_adhd_5,1,0.4091513601974362
adult_adhd_5,1,0.1888645463527253
adult_adhd_5,1,0.23118893895434892
adult_adhd_5,1,0.413852993920412
adult_adhd_5,1,0.1745167414731588
adult_adhd_5,1,0.2275338405582213
adult_adhd_5,1,0.40261495538272946
adult_adhd_5,1,0.24376495272514032
adult_adhd_5,1,0.08813721630147626
adult_adhd_5,1,0.45325704296149516
adult_adhd_5,1,0.029437177382311098
adult_adhd_5,1,0.13003118131348487
adult_adhd_5,1,0.022350702691846937
adult_adhd_5,1,0.11937692980215563
adult_adhd_5,1,0.21333086267228574
adult_adhd_5,1,0.12009237198443691
adult_adhd_5,1,0.1501482709133495
adult_adhd_5,1,0.1256443153531949
adult_adhd_5,1,0.30031612527330476
adult_adhd_5,1,0.6776035997881309
adult_adhd_5,1,0.5154170988119396
adult_adhd_5,1,0.4128259676004019
adult_adhd_5,1,0.3889619428593434
adult_adhd_5,1,0.589784626746537
adult_adhd_5,1,0.09829676082669278
adult_adhd_5,1,0.3042839179912269
adult_adhd_5,1,0.12345359912452637
adult_adhd_5,1,0.11426223063270524
adult_adhd_5,1,0.5838407556483763
adult_adhd_5,1,0.028462982490950015
adult_adhd_5,1,0.027669060046374573
adult_adhd_5,1,0.16679520317420213
adult_adhd_5,1,0.46513033279352306
adult_adhd_5,1,0.5634128699565596
adult_adhd_5,1,0.20131420607303516
adult_adhd_5,1,0.13937036120462495
adult_adhd_5,1,0.6092712445124191
adult_adhd_5,1,0.4541507780669668
adult_adhd_5,1,0.7192758387533141
adult_adhd_5,1,0.2138166051293555
adult_adhd_5,1,0.5708919583898611
adult_adhd_5,1,0.06903869652197363
adult_adhd_5,1,0.1535260513013623
adult_adhd_5,1,0.5292254680244892
adult_adhd_5,1,0.23746243393964003
adult_adhd_5,1,0.43925056808755447
adult_adhd_5,1,0.2965434421255552
adult_adhd_5,1,0.19825639852504803
adult_adhd_5,1,0.6127905931216158
adult_adhd_5,1,0.32178788138031
adult_adhd_5,1,0.29815772332884505
adult_adhd_5,1,0.4358916301697248
adult_adhd_5,1,0.3825801715651707
adult_adhd_5,1,0.46054948293305076
adult_adhd_5,1,0.15941984924832117
adult_adhd_5,1,0.11223129135895214
adult_adhd_5,1,0.6446844127434087
adult_adhd_5,1,0.09773447211992774
adult_adhd_5,1,0.2305510879494099
adult_adhd_5,1,0.7840334181931685
adult_adhd_5,1,0.5180656294385214
adult_adhd_5,1,0.4944914149234128
adult_adhd_5,1,0.5368222712829512
adult_adhd_5,1,0.4096360870327474
adult_adhd_5,1,0.48508696054854494
adult_adhd_5,1,0.39651969704723883
adult_adhd_5,1,0.3281777005535279
adult_adhd_5,1,0.36067865875991734
adult_adhd_5,1,0.7125202938248372
adult_adhd_5,1,0.8886199397180026
adult_adhd_5,1,0.1871005714059729
adult_adhd_5,1,0.3859584281121972
adult_adhd_5,1,0.2987053015324815
adult_adhd_5,1,0.28459827920570996
adult_adhd_5,1,0.4284158683304654
adult_adhd_5,1,0.32566168122566586
adult_adhd_5,1,0.49048638274347706
adult_adhd_5,1,0.1967461935591077
adult_adhd_5,1,0.2066534151068824
adult_adhd_5,1,0.43546913515320074
adult_adhd_5,1,0.5054649534105873
adult_adhd_5,1,0.1141240575106526
adult_adhd_5,1,0.5570975213830655
adult_adhd_5,1,0.27101613126919394
adult_adhd_5,1,0.5998648031108526
adult_adhd_5,1,0.5123732173244472
adult_adhd_5,1,0.1047366134562994
adult_adhd_5,1,0.571533304831722
adult_adhd_5,1,0.7661426985453722
adult_adhd_5,1,0.487239182759173
adult_adhd_5,1,0.3984576007901158
adult_adhd_5,1,0.21398581903151595
adult_adhd_5,1,0.7285431307789244
adult_adhd_5,1,0.6158167589676372
adult_adhd_5,1,0.35626488058967853
adult_adhd_5,1,0.25080088397206957
adult_adhd_5,1,0.6948949422732219
adult_adhd_5,1,0.4346979393021074
adult_adhd_5,1,0.7376521995404357
adult_adhd_5,1,0.6663827619504594
adult_adhd_5,1,0.5011945420072141
adult_adhd_5,1,0.2745214796394777
adult_adhd_5,1,0.508123595753654
adult_adhd_5,1,0.43608946653048025
adult_adhd_5,1,0.593797312507633
adult_adhd_5,1,0.1185751099480153
adult_adhd_5,1,0.0640359398802236
adult_adhd_5,1,0.16609132133223783
adult_adhd_5,1,0.44733437962055556
adult_adhd_5,1,0.8194081185025761
adult_adhd_5,1,0.720664399211409
adult_adhd_5,1,0.6620937905319176
adult_adhd_5,1,0.1845987052659856
adult_adhd_5,1,0.44814279095514437
adult_adhd_5,1,0.22151682964957478
adult_adhd_5,1,0.5809316483634966
adult_adhd_5,1,0.4843217979873741
adult_adhd_5,1,0.3086362501069998
adult_adhd_5,1,0.3172174742632595
adult_adhd_5,1,0.2587718135466563
adult_adhd_5,1,0.5251025776637913
adult_adhd_5,1,0.7582410997494171
adult_adhd_5,1,0.1146861403395461
adult_adhd_5,1,0.4197569275033648
adult_adhd_5,1,0.360583918910549
adult_adhd_5,1,0.3723205192199881
adult_adhd_5,1,0.302927763447481
adult_adhd_5,1,0.42600605236328976
adult_adhd_5,1,0.6987531866687741
adult_adhd_5,1,0.19204734383644076
adult_adhd_5,1,0.07682815883843346
adult_adhd_5,1,0.2719558267751576
adult_adhd_5,1,0.2969646818513502
adult_adhd_5,1,0.39813673103200725
adult_adhd_5,1,0.051718927276909604
adult_adhd_5,1,0.16228468086716746
adult_adhd_5,1,0.32260132648192824
adult_adhd_5,1,0.2963962509480304
adult_adhd_5,1,0.06473385108008234
adult_adhd_5,1,0.08735274274020588
adult_adhd_5,1,0.4365878745815735
adult_adhd_5,1,0.3274100066614082
adult_adhd_5,1,0.3004401081968232
adult_adhd_5,1,0.60585163088759
adult_adhd_5,1,0.7988695618620003
adult_adhd_5,1,0.5930727180099793
adult_adhd_5,1,0.7206414579697563
adult_adhd_5,1,0.37286433649961975
adult_adhd_5,1,0.14148473491752553
adult_adhd_5,1,0.576573873935756
adult_adhd_5,1,0.5333115384195071
adult_adhd_5,1,0.8142599671486942
adult_adhd_5,1,0.7039000534171128
adult_adhd_5,1,0.18576893639169823
adult_adhd_5,1,0.4139206437823831
adult_adhd_5,1,0.05200149083499957
adult_adhd_5,1,0.2830840804267617
adult_adhd_5,1,0.1533737331704806
adult_adhd_5,1,0.5367329619214607
adult_adhd_5,1,0.6104538371779974
adult_adhd_5,1,0.1334861275631271
adult_adhd_5,1,0.43295102872535557
adult_adhd_5,1,0.5750946379358974
adult_adhd_5,1,0.5170696830484053
adult_adhd_5,1,0.4026095026348344
adult_adhd_5,1,0.733317549276571
adult_adhd_5,1,0.3108672959333957
adult_adhd_5,1,0.16465401220824438
adult_adhd_5,1,0.4446438918276812
adult_adhd_5,1,0.1982118162285165
adult_adhd_5,1,0.12753543218955563
adult_adhd_5,1,0.47543171057082095
adult_adhd_5,1,0.03304252730493629
adult_adhd_5,1,0.06224540155094407
adult_adhd_5,1,0.45614206166363963
adult_adhd_5,1,0.8288802335933659
adult_adhd_5,1,0.5080587433050463
adult_adhd_5,1,0.8169837906308465
adult_adhd_5,1,0.6884412898864244
adult_adhd_5,1,0.022073774637835292
adult_adhd_5,1,0.09027149427383606
adult_adhd_5,1,0.053004849355525005
adult_adhd_5,1,0.49365209165163915
adult_adhd_5,1,0.8499317562818647
adult_adhd_5,1,0.5643860724945954
adult_adhd_5,1,0.3868903238367476
adult_adhd_5,1,0.8100048907328273
adult_adhd_5,1,0.12186423046437916
adult_adhd_5,1,0.46950250223550527
adult_adhd_5,1,0.916849896849146
adult_adhd_5,1,0.7454863117115583
adult_adhd_5,1,0.3750540431555962
adult_adhd_5,1,0.0937797260676694
adult_adhd_5,1,0.3341017252122397
adult_adhd_5,1,0.41686250683011433
adult_adhd_5,1,0.33534653937981024
adult_adhd_5,1,0.29662542203596765
adult_adhd_5,1,0.08670482508016422
adult_adhd_5,1,0.5205192346896287
adult_adhd_5,1,0.4120542777207671
adult_adhd_5,1,0.5219568097864719
adult_adhd_5,1,0.4064479471932696
adult_adhd_5,1,0.45295674090855154
adult_adhd_5,1,0.42870434548876146
adult_adhd_5,1,0.4805755744387493
adult_adhd_5,1,0.3264993120198243
adult_adhd_5,1,0.36092848623884133
adult_adhd_5,1,0.3140744505447981
adult_adhd_5,1,0.17304368329436043
adult_adhd_5,1,0.46430352299372907
adult_adhd_5,1,0.6272708281739725
adult_adhd_5,1,0.1706174305942809
adult_adhd_5,1,0.16930770660720082
adult_adhd_5,1,0.43941145583122254
adult_adhd_5,1,0.66354139795978
adult_adhd_5,1,0.6678713789225987
adult_adhd_5,1,0.8306164953251111
adult_adhd_5,1,0.6043238624822703
adult_adhd_5,1,0.6305886597011517
adult_adhd_5,1,0.23387564034674566
adult_adhd_5,1,0.13599757253902853
adult_adhd_5,1,0.061250272823039416
adult_adhd_5,1,0.22768832463960884
adult_adhd_5,1,0.15721284604727515
adult_adhd_5,1,0.12207434972198418
adult_adhd_5,1,0.44819202146583775
adult_adhd_5,1,0.27482042578913957
adult_adhd_5,1,0.25709769661513693
adult_adhd_5,1,0.3343197950888942
adult_adhd_5,1,0.5488276639992736
adult_adhd_5,1,0.7211798107580509
adult_adhd_5,1,0.466584577555983
adult_adhd_5,1,0.14774850214952195
adult_adhd_5,1,0.27462344434815733
adult_adhd_5,1,0.20127801239553772
adult_adhd_5,1,0.5905121398339243
adult_adhd_5,1,0.3414692386370011
adult_adhd_5,1,0.36573769248100235
adult_adhd_5,1,0.5240875502504625
adult_adhd_5,1,0.25974190736865566
adult_adhd_5,1,0.18857921017869347
adult_adhd_5,1,0.25157370892194336
adult_adhd_5,1,0.2478032677948673
adult_adhd_5,1,0.576915578630629
adult_adhd_5,1,0.2506167833350573
adult_adhd_5,1,0.1923633244635348
adult_adhd_5,1,0.3544072454509659
adult_adhd_5,1,0.4729890199401811
adult_adhd_5,1,0.832071483852659
adult_adhd_5,1,0.5895196522866224
adult_adhd_5,1,0.7088705149688371
adult_adhd_5,1,0.5046509634945112
adult_adhd_5,1,0.041910244259495535
adult_adhd_5,1,0.13326051651131793
adult_adhd_5,1,0.29386979562399423
adult_adhd_5,1,0.4649534278237443
adult_adhd_5,1,0.3960609653002132
adult_adhd_5,1,0.12979617505901261
adult_adhd_5,1,0.4315879280892897
adult_adhd_5,1,0.7689582306303457
adult_adhd_5,1,0.3045053713144539
adult_adhd_5,1,0.10381210150120038
adult_adhd_5,1,0.041453039171124396
adult_adhd_5,1,0.2925232509415327
adult_adhd_5,1,0.15901591225473924
adult_adhd_5,1,0.3225467655495346
adult_adhd_5,1,0.474641302950823
adult_adhd_5,1,0.5371242407155872
adult_adhd_5,1,0.5497065952800073
adult_adhd_5,1,0.5683016302598155
adult_adhd_5,1,0.6972990260378237
adult_adhd_5,1,0.6218708170034943
adult_adhd_5,1,0.19763836951107783
adult_adhd_5,1,0.22346348780717337
adult_adhd_5,1,0.1670155909953782
adult_adhd_5,1,0.3976355367036882
adult_adhd_5,1,0.36322697289800915
adult_adhd_5,1,0.6949155804447359
adult_adhd_5,1,0.5002250335711453
adult_adhd_5,1,0.5069671723883965
adult_adhd_5,1,0.48303666429837766
adult_adhd_5,1,0.08834577005505219
adult_adhd_5,1,0.5543767831508839
adult_adhd_5,1,0.6530869694814283
adult_adhd_5,1,0.49360350676818066
adult_adhd_5,1,0.2914013300165549
adult_adhd_5,1,0.26804444343445216
adult_adhd_5,1,0.35009033021638364
adult_adhd_5,1,0.4762550633299497
adult_adhd_5,1,0.329827528760242
adult_adhd_5,1,0.8362533514203944
adult_adhd_5,1,0.8725696319472406
adult_adhd_5,1,0.7924167710614353
adult_adhd_5,1,0.5520133642069651
adult_adhd_5,1,0.27905165763467055
adult_adhd_5,1,0.3420076795892869
adult_adhd_5,1,0.49239917999011074
adult_adhd_5,1,0.37571143054129386
adult_adhd_5,1,0.051507537307829955
adult_adhd_5,1,0.06147967293517987
adult_adhd_5,1,0.3246925693727399
adult_adhd_5,1,0.5224486922186028
adult_adhd_5,1,0.23697874257643153
adult_adhd_5,1,0.3335519211058772
adult_adhd_5,1,0.11795311833635304
adult_adhd_5,1,0.13411929161695618
adult_adhd_5,1,0.21065377556531753
adult_adhd_5,1,0.3332081061822694
adult_adhd_5,1,0.3723691553249585
adult_adhd_5,1,0.7198356025653868
adult_adhd_5,1,0.745529517411971
adult_adhd_5,1,0.6160945142208849
adult_adhd_5,1,0.48501434720143505
adult_adhd_5,1,0.1304935185244905
adult_adhd_5,1,0.3984767906022145
adult_adhd_5,1,0.22751200837862065
adult_adhd_5,1,0.5071547595713238
adult_adhd_5,1,0.5169255194956242
adult_adhd_5,1,0.11487061901312996
adult_adhd_5,1,0.19064393225009324
adult_adhd_5,1,0.5501287168783512
adult_adhd_5,1,0.4871346743561254
adult_adhd_5,1,0.3212065603262832
adult_adhd_5,1,0.5974594806246075
adult_adhd_5,1,0.2684234752060481
adult_adhd_5,1,0.6433300550020371
adult_adhd_5,1,0.8592635122288724
adult_adhd_5,1,0.5900903178991576
adult_adhd_5,1,0.8477706575927055
adult_adhd_5,1,0.6620073383662466
adult_adhd_5,1,0.179000550573891
adult_adhd_5,1,0.22586183910454596
adult_adhd_5,1,0.6867546262778332
adult_adhd_5,1,0.4705854853772662
adult_adhd_5,1,0.3275155949667229
adult_adhd_5,1,0.38197149440138206
adult_adhd_5,1,0.7856640790522419
adult_adhd_5,1,0.31598823041825863
adult_adhd_5,1,0.33481315527444466
adult_adhd_5,1,0.4088903821497436
adult_adhd_5,1,0.33762901145197555
adult_adhd_5,1,0.6366838348222573
adult_adhd_5,1,0.24755285056772905
adult_adhd_5,1,0.30405124277358025
adult_adhd_5,1,0.5554470255641724
adult_adhd_5,1,0.6707538759077687
adult_adhd_5,1,0.7903263411729365
adult_adhd_5,1,0.5180141568019403
adult_adhd_5,1,0.6967912977501219
adult_adhd_5,1,0.6300360304201483
adult_adhd_5,1,0.44929870164502916
adult_adhd_5,1,0.4651159744046997
adult_adhd_5,1,0.4184962090490958
adult_adhd_5,1,0.8617355736634564
adult_adhd_5,1,0.35098341511522907
adult_adhd_5,1,0.24387235643934435
adult_adhd_5,1,0.184181323108541
adult_adhd_5,1,0.06884065833636793
adult_adhd_5,1,0.35170990806442537
adult_adhd_5,1,0.5533147077941487
adult_adhd_5,1,0.6844104005643311
adult_adhd_5,1,0.4366037911885849
adult_adhd_5,1,0.5946944041672035
adult_adhd_5,1,0.6899725505410013
adult_adhd_5,1,0.345115285674863
adult_adhd_5,1,0.31745779264692653
adult_adhd_5,1,0.17906641384772443
adult_adhd_5,1,0.14053551858972588
adult_adhd_5,1,0.26031070500166953
adult_adhd_5,1,0.2145119365427601
adult_adhd_5,1,0.16453127375155563
adult_adhd_5,1,0.21964560603329533
adult_adhd_5,1,0.5703051987177608
adult_adhd_5,1,0.6718487351040414
adult_adhd_5,1,0.150450032580977
adult_adhd_5,1,0.2106663549013584
adult_adhd_5,1,0.5351696342631594
adult_adhd_5,1,0.47090711748708075
adult_adhd_5,1,0.1592435806662375
adult_adhd_5,1,0.12361192887368129
adult_adhd_5,1,0.21630282905691067
adult_adhd_5,1,0.423391390637533
adult_adhd_5,1,0.7361008877043096
adult_adhd_5,1,0.3529223216451876
adult_adhd_5,1,0.10083945520638049
adult_adhd_5,1,0.1547169201946126
adult_adhd_5,1,0.38391272411194927
adult_adhd_5,1,0.3021699482434734
adult_adhd_5,1,0.14452247945478094
adult_adhd_5,1,0.32606921029719454
adult_adhd_5,1,0.6303365709019985
adult_adhd_5,1,0.6913994478918507
adult_adhd_5,1,0.4415880934135761
adult_adhd_5,1,0.7483681755252045
adult_adhd_5,1,0.8536602214764568
adult_adhd_5,1,0.30876993394154967
adult_adhd_5,1,0.2679376168140669
adult_adhd_5,1,0.3709887187940616
adult_adhd_5,1,0.3339311015584153
adult_adhd_5,1,0.6447511336571813
adult_adhd_5,1,0.46409803003579175
adult_adhd_5,1,0.8299496175362321
adult_adhd_5,1,0.8043947718877026
adult_adhd_5,1,0.5176492527775777
adult_adhd_5,1,0.6363061682268659
adult_adhd_5,1,0.4380860711883794
adult_adhd_5,1,0.23325785863338291
adult_adhd_5,1,0.9034875116751214
adult_adhd_5,1,0.797831060538153
adult_adhd_5,1,0.7513359942240022
adult_adhd_5,1,0.9229606414833823
adult_adhd_5,1,0.4495877109038127
adult_adhd_5,1,0.08440586646777079
adult_adhd_5,1,0.34757996481726333
adult_adhd_5,1,0.3392761758888898
adult_adhd_5,1,0.5851645074890531
adult_adhd_5,1,0.2577121259443919
adult_adhd_5,1,0.12738931713485116
adult_adhd_5,1,0.12802535821943217
adult_adhd_5,1,0.1942833924928003
adult_adhd_5,1,0.4693252294023921
adult_adhd_5,1,0.7298385004544006
adult_adhd_5,1,0.1909010461549159
adult_adhd_5,1,0.19788888985996778
adult_adhd_5,1,0.7844259564596664
adult_adhd_5,1,0.34562893098306013
adult_adhd_5,1,0.35730657035592894
adult_adhd_5,1,0.5413315305996858
adult_adhd_5,1,0.639471247520727
adult_adhd_5,1,0.7110488152908527
adult_adhd_5,1,0.2056122276258171
adult_adhd_5,1,0.7161421454825395
adult_adhd_5,1,0.6995850847485687
adult_adhd_5,1,0.87079749764937
adult_adhd_5,1,0.898463470526322
adult_adhd_5,1,0.424580664893412
adult_adhd_5,1,0.6052785701709656
adult_adhd_5,1,0.7293520102298635
adult_adhd_5,1,0.4862640130221565
adult_adhd_5,1,0.5778996925430835
adult_adhd_5,1,0.3722619542619302
adult_adhd_5,1,0.3990494376105425
adult_adhd_5,1,0.349152753300674
adult_adhd_5,1,0.06602790703126193
adult_adhd_5,1,0.22458356654834213
adult_adhd_5,1,0.4239500237671435
adult_adhd_5,1,0.3210686533216312
adult_adhd_5,1,0.44586370773607525
adult_adhd_5,1,0.6254203364640739
adult_adhd_5,1,0.3243831478288895
adult_adhd_5,1,0.2562700071426033
adult_adhd_5,1,0.5668105879803619
adult_adhd_5,1,0.3073879622616401
adult_adhd_5,1,0.09889873377101244
adult_adhd_5,1,0.12954514157898542
adult_adhd_5,1,0.7510657473592797
adult_adhd_5,1,0.4951747278077076
adult_adhd_5,1,0.19759580480185598
adult_adhd_5,1,0.17156709664814276
adult_adhd_5,1,0.4687158328600857
adult_adhd_5,1,0.1625255172781822
adult_adhd_5,1,0.4220992861315874
adult_adhd_5,1,0.03906117443374936
adult_adhd_5,1,0.2131289475687255
adult_adhd_5,1,0.6263867723908092
adult_adhd_5,1,0.4658386217629544
adult_adhd_5,1,0.6607594439294183
adult_adhd_5,1,0.42480988076372383
adult_adhd_5,1,0.4670491274107372
adult_adhd_5,1,0.5848852823769558
adult_adhd_5,1,0.608607439773236
adult_adhd_5,1,0.501038664061069
adult_adhd_5,1,0.18402450202935716
adult_adhd_5,1,0.5204235757828406
adult_adhd_5,1,0.27308259579006416
adult_adhd_5,1,0.37869157788522856
adult_adhd_5,1,0.666120984588364
adult_adhd_5,1,0.8853843821974569
adult_adhd_5,1,0.37441886945004094
adult_adhd_5,1,0.2074576757273897
adult_adhd_5,1,0.6981558933964425
adult_adhd_5,1,0.413429732269515
adult_adhd_5,1,0.5376558076270633
adult_adhd_5,1,0.4245198671112053
adult_adhd_5,1,0.08186564823729814
adult_adhd_5,1,0.13859568421771795
adult_adhd_5,1,0.21613755012446545
adult_adhd_5,1,0.6539554284568811
adult_adhd_5,1,0.5080025133469522
adult_adhd_5,1,0.47127236823945523
adult_adhd_5,1,0.06644654820598009
adult_adhd_5,1,0.46509459272930326
adult_adhd_5,1,0.45748806177890083
adult_adhd_5,1,0.3100864206456797
adult_adhd_6,1,0.1442740145504266
adult_adhd_6,1,0.027900677144401847
adult_adhd_6,1,0.02061341437992235
adult_adhd_6,1,0.12453275256486337
adult_adhd_6,1,0.04671338695170863
adult_adhd_6,1,0.09563531258204827
adult_adhd_6,1,0.20578214104433118
adult_adhd_6,1,0.07753606597395497
adult_adhd_6,1,0.06673930776047206
adult_adhd_6,1,0.08979477437969013
adult_adhd_6,1,0.14212870090308813
adult_adhd_6,1,0.2337275341666511
adult_adhd_6,1,0.326764368087596
adult_adhd_6,1,0.6069004852042927
adult_adhd_6,1,0.3628399802215725
adult_adhd_6,1,0.0085458072112192
adult_adhd_6,1,0.002689903702107289
adult_adhd_6,1,0.13358734884948134
adult_adhd_6,1,0.06410459473657847
adult_adhd_6,1,0.2595069374457543
adult_adhd_6,1,0.2176489630318677
adult_adhd_6,1,0.12608435801140272
adult_adhd_6,1,0.01715024473097231
adult_adhd_6,1,0.04767846435381387
adult_adhd_6,1,0.4245147012724845
adult_adhd_6,1,0.5121400986981057
adult_adhd_6,1,0.41920426219173784
adult_adhd_6,1,0.1738436298411729
adult_adhd_6,1,0.393260724498974
adult_adhd_6,1,0.17072974345662872
adult_adhd_6,1,0.23974922504269996
adult_adhd_6,1,0.23346426641456544
adult_adhd_6,1,0.3596526319459771
adult_adhd_6,1,0.09568915789233437
adult_adhd_6,1,0.054548315162683644
adult_adhd_6,1,0.04543788490878174
adult_adhd_6,1,0.027560376858070664
adult_adhd_6,1,0.042217098826187294
adult_adhd_6,1,0.08607368239583994
adult_adhd_6,1,0.03846289092340202
adult_adhd_6,1,0.7339753787583588
adult_adhd_6,1,0.01795009313131029
adult_adhd_6,1,0.03250760547061756
adult_adhd_6,1,0.0905862029629399
adult_adhd_6,1,0.02416983524794832
adult_adhd_6,1,0.003856743230356566
adult_adhd_6,1,0.0009103682539957909
adult_adhd_6,1,0.05946424913572861
adult_adhd_6,1,0.14059786510447383
adult_adhd_6,1,0.23782696945123658
adult_adhd_6,1,0.011662748162670185
adult_adhd_6,1,0.20772632114446146
adult_adhd_6,1,0.25705947953177893
adult_adhd_6,1,0.14113326637673837
adult_adhd_6,1,0.1613308630030821
adult_adhd_6,1,0.13987418338617566
adult_adhd_6,1,0.02670984753278635
adult_adhd_6,1,0.028401499189153124
adult_adhd_6,1,0.04157704754932148
adult_adhd_6,1,0.9215144575826125
adult_adhd_6,1,0.8335269729475081
adult_adhd_6,1,0.07219829294749944
adult_adhd_6,1,0.09177366072995104
adult_adhd_6,1,0.5573269857228069
adult_adhd_6,1,0.9006875858457085
adult_adhd_6,1,0.052868922982052646
adult_adhd_6,1,0.009487682590790518
adult_adhd_6,1,0.07178340591099146
adult_adhd_6,1,0.11572838194055013
adult_adhd_6,1,0.4629253117956506
adult_adhd_6,1,0.23676649300001767
adult_adhd_6,1,0.22716686686406573
adult_adhd_6,1,0.36521030374880953
adult_adhd_6,1,0.6071155779972156
adult_adhd_6,1,0.14940672107917063
adult_adhd_6,1,0.03878366577065848
adult_adhd_6,1,0.3452998572148133
adult_adhd_6,1,0.15370277954279668
adult_adhd_6,1,0.05194377082913899
adult_adhd_6,1,0.006786341669972002
adult_adhd_6,1,0.01530288429921782
adult_adhd_6,1,0.022901014877875128
adult_adhd_6,1,0.3955861590113147
adult_adhd_6,1,0.15123584822135258
adult_adhd_6,1,0.06157395844814922
adult_adhd_6,1,0.09755125925456241
adult_adhd_6,1,0.27203139559819334
adult_adhd_6,1,0.02766099378627518
adult_adhd_6,1,0.019874957498823478
adult_adhd_6,1,0.12354822146616508
adult_adhd_6,1,0.13958711078547714
adult_adhd_6,1,0.14220234774676122
adult_adhd_6,1,0.22358250506339786
adult_adhd_6,1,0.1289633218806156
adult_adhd_6,1,0.013250850180279031
adult_adhd_6,1,0.045962542573574225
adult_adhd_6,1,0.10244745027044101
adult_adhd_6,1,0.08778966732865152
adult_adhd_6,1,0.14284290585764883
adult_adhd_6,1,0.14411679754591192
adult_adhd_6,1,0.014439196337696072
adult_adhd_6,1,0.01130166593320379
adult_adhd_6,1,0.10552830559102185
adult_adhd_6,1,0.1263632340194256
adult_adhd_6,1,0.19770906056230422
adult_adhd_6,1,0.5629597743542433
adult_adhd_6,1,0.3616253861708092
adult_adhd_6,1,0.0893489135659261
adult_adhd_6,1,0.011628757843839205
adult_adhd_6,1,0.04481020454729003
adult_adhd_6,1,0.1648061821211846
adult_adhd_6,1,0.05952077661541972
adult_adhd_6,1,0.008081822441024318
adult_adhd_6,1,0.017067249812589523
adult_adhd_6,1,0.03821322709271994
adult_adhd_6,1,0.13023402906857798
adult_adhd_6,1,0.008570972897268173
adult_adhd_6,1,0.0028739833495623215
adult_adhd_6,1,0.1549915337598503
adult_adhd_6,1,0.08596531796380395
adult_adhd_6,1,0.031057415742454773
adult_adhd_6,1,0.027363464805789217
adult_adhd_6,1,0.013447756073359792
adult_adhd_6,1,0.010304793857166915
adult_adhd_6,1,0.1856067731231456
adult_adhd_6,1,0.10459960075603317
adult_adhd_6,1,0.02936253173670224
adult_adhd_6,1,0.0781602492755282
adult_adhd_6,1,0.025764398838701873
adult_adhd_6,1,0.025624751820021035
adult_adhd_6,1,0.01300661030005948
adult_adhd_6,1,0.015842465733377522
adult_adhd_6,1,0.037242678842458264
adult_adhd_6,1,0.02374232251945264
adult_adhd_6,1,0.003256459132553984
adult_adhd_6,1,0.032992119268323655
adult_adhd_6,1,0.02755005765195915
adult_adhd_6,1,0.07517248643444512
adult_adhd_6,1,0.6764474619565025
adult_adhd_6,1,0.09067139562737125
adult_adhd_6,1,0.007189441707561356
adult_adhd_6,1,0.028555536924768223
adult_adhd_6,1,0.4424765831297965
adult_adhd_6,1,0.22356264997262482
adult_adhd_6,1,0.31079933510783264
adult_adhd_6,1,0.19074917686348541
adult_adhd_6,1,0.32388814753573025
adult_adhd_6,1,0.20014127390214279
adult_adhd_6,1,0.004478468234899526
adult_adhd_6,1,0.018074164066303966
adult_adhd_6,1,0.12933661266979896
adult_adhd_6,1,0.07324286078360227
adult_adhd_6,1,0.0511883427728584
adult_adhd_6,1,0.07142467250987172
adult_adhd_6,1,0.046678712873657206
adult_adhd_6,1,0.04474576752632948
adult_adhd_6,1,0.008319055722064855
adult_adhd_6,1,0.03893413256383339
adult_adhd_6,1,0.09456359705240672
adult_adhd_6,1,0.24377139880983636
adult_adhd_6,1,0.10219401679924642
adult_adhd_6,1,0.020407927445983826
adult_adhd_6,1,0.025824311058440515
adult_adhd_6,1,0.07918483596086483
adult_adhd_6,1,0.04734674417976838
adult_adhd_6,1,0.012520774731320114
adult_adhd_6,1,0.016280346396812445
adult_adhd_6,1,0.003845578569877458
adult_adhd_6,1,0.025997245691641337
adult_adhd_6,1,0.23240060166036383
adult_adhd_6,1,0.015404884376291186
adult_adhd_6,1,0.02018363995310112
adult_adhd_6,1,0.21887314835414773
adult_adhd_6,1,0.06432474912217638
adult_adhd_6,1,0.05256006171547944
adult_adhd_6,1,0.032592908127032805
adult_adhd_6,1,0.07016472430297047
adult_adhd_6,1,0.031864861436091824
adult_adhd_6,1,0.017203704291858794
adult_adhd_6,1,0.004805744200326857
adult_adhd_6,1,0.094816234267678
adult_adhd_6,1,0.10971217302071606
adult_adhd_6,1,0.0933843448604469
adult_adhd_6,1,0.056348710174046905
adult_adhd_6,1,0.15551289834277776
adult_adhd_6,1,0.02992296254414788
adult_adhd_6,1,0.06578896653638133
adult_adhd_6,1,0.05895704801645645
adult_adhd_6,1,0.11469290187838381
adult_adhd_6,1,0.033319111141270785
adult_adhd_6,1,0.737145067199002
adult_adhd_6,1,0.08405581498509926
adult_adhd_6,1,0.01867623353365402
adult_adhd_6,1,0.06728074945082486
adult_adhd_6,1,0.04858962927964397
adult_adhd_6,1,0.016424992254335396
adult_adhd_6,1,0.08718931386612597
adult_adhd_6,1,0.4288408758839525
adult_adhd_6,1,0.11949936171760588
adult_adhd_6,1,0.5701003182015647
adult_adhd_6,1,0.189997330867739
adult_adhd_6,1,0.016172131161182237
adult_adhd_6,1,0.5614490599510951
adult_adhd_6,1,0.6770527501378415
adult_adhd_6,1,0.3652259932325036
adult_adhd_6,1,0.21142258867343452
adult_adhd_6,1,0.44463695945747334
adult_adhd_6,1,0.6311897542905861
adult_adhd_6,1,0.5723226398631991
adult_adhd_6,1,0.10181115505890463
adult_adhd_6,1,0.5020964664783288
adult_adhd_6,1,0.49236250236654205
adult_adhd_6,1,0.274967613919256
adult_adhd_6,1,0.0813028310508248
adult_adhd_6,1,0.0544534740318882
adult_adhd_6,1,0.3738239807984208
adult_adhd_6,1,0.4323248413682348
adult_adhd_6,1,0.08968413477982444
adult_adhd_6,1,0.25639568576791105
adult_adhd_6,1,0.19834436857261104
adult_adhd_6,1,0.32530841386790665
adult_adhd_6,1,0.02331140990615893
adult_adhd_6,1,0.05481668030291628
adult_adhd_6,1,0.4374632389176321
adult_adhd_6,1,0.2987976164340393
adult_adhd_6,1,0.19915632228136432
adult_adhd_6,1,0.02930277173796699
adult_adhd_6,1,0.006887911130610298
adult_adhd_6,1,0.024899407925416003
adult_adhd_6,1,0.11318145597383049
adult_adhd_6,1,0.11079026327159847
adult_adhd_6,1,0.07254017054337153
adult_adhd_6,1,0.45523064690383325
adult_adhd_6,1,0.26102748839469025
adult_adhd_6,1,0.07399561835519483
adult_adhd_6,1,0.02981065489786521
adult_adhd_6,1,0.0372064482273862
adult_adhd_6,1,0.007930984538344388
adult_adhd_6,1,0.026674123393697406
adult_adhd_6,1,0.017634485592725506
adult_adhd_6,1,0.035366611038005584
adult_adhd_6,1,0.04366416778065623
adult_adhd_6,1,0.008036689842269858
adult_adhd_6,1,0.026391339639714517
adult_adhd_6,1,0.02493561220538266
adult_adhd_6,1,0.012847510670633923
adult_adhd_6,1,0.03450087725523898
adult_adhd_6,1,0.02208037445508063
adult_adhd_6,1,0.092697540189999
adult_adhd_6,1,0.23987005654161675
adult_adhd_6,1,0.26020607264686074
adult_adhd_6,1,0.07542245239762466
adult_adhd_6,1,0.038384993934791216
adult_adhd_6,1,0.01743686674551285
adult_adhd_6,1,0.2538925600846589
adult_adhd_6,1,0.07921907680707854
adult_adhd_6,1,0.2433631428374155
adult_adhd_6,1,0.48024359699680874
adult_adhd_6,1,0.14085816216512048
adult_adhd_6,1,0.14318872553515863
adult_adhd_6,1,0.26372160859638377
adult_adhd_6,1,0.0390322849221
adult_adhd_6,1,0.3737480060370755
adult_adhd_6,1,0.050038246432984296
adult_adhd_6,1,0.003999890754029559
adult_adhd_6,1,0.0011678064500879818
adult_adhd_6,1,0.03271930308607598
adult_adhd_6,1,0.5288377451112167
adult_adhd_6,1,0.6731049954673551
adult_adhd_6,1,0.379682968448329
adult_adhd_6,1,0.10164982873063115
adult_adhd_6,1,0.05496233618440969
adult_adhd_6,1,0.21230870856401138
adult_adhd_6,1,0.3152003654524861
adult_adhd_6,1,0.018978362882216156
adult_adhd_6,1,0.04343763337813487
adult_adhd_6,1,0.02204327847751679
adult_adhd_6,1,0.07019169341232151
adult_adhd_6,1,0.06236104697619964
adult_adhd_6,1,0.015549721690232771
adult_adhd_6,1,0.6042550025644043
adult_adhd_6,1,0.54180447646331
adult_adhd_6,1,0.056937757702056224
adult_adhd_6,1,0.007387114097577912
adult_adhd_6,1,0.020018101707585008
adult_adhd_6,1,0.37598653627195017
adult_adhd_6,1,0.13079587710813517
adult_adhd_6,1,0.13856143676531218
adult_adhd_6,1,0.16449178211389234
adult_adhd_6,1,0.1729275865978397
adult_adhd_6,1,0.3334561977549164
adult_adhd_6,1,0.01650524302853794
adult_adhd_6,1,0.01672397184284536
adult_adhd_6,1,0.3938909966262713
adult_adhd_6,1,0.20695857573439924
adult_adhd_6,1,0.03349749034452543
adult_adhd_6,1,0.18163635954717636
adult_adhd_6,1,0.035496369370642045
adult_adhd_6,1,0.04197307743143958
adult_adhd_6,1,0.013862747304255484
adult_adhd_6,1,0.17684591719125123
adult_adhd_6,1,0.03897945008160972
adult_adhd_6,1,0.006713158320605374
adult_adhd_6,1,0.03462632557119765
adult_adhd_6,1,0.07563891539851796
adult_adhd_6,1,0.05079294470547998
adult_adhd_6,1,0.023076154675746845
adult_adhd_6,1,0.04166992290589164
adult_adhd_6,1,0.11582102118731107
adult_adhd_6,1,0.2056603986509481
adult_adhd_6,1,0.30230743874847427
adult_adhd_6,1,0.300611379319743
adult_adhd_6,1,0.3598038281897978
adult_adhd_6,1,0.09393748505966765
adult_adhd_6,1,0.02107281240007354
adult_adhd_6,1,0.025446047059754055
adult_adhd_6,1,0.23290849332414681
adult_adhd_6,1,0.02061959510605017
adult_adhd_6,1,0.2586153012553189
adult_adhd_6,1,0.3377970396092078
adult_adhd_6,1,0.028149213983042366
adult_adhd_6,1,0.0015011986917529913
adult_adhd_6,1,0.3617079823426546
adult_adhd_6,1,0.48171687138967223
adult_adhd_6,1,0.5182628343350842
adult_adhd_6,1,0.41927467019208065
adult_adhd_6,1,0.3748127480942545
adult_adhd_6,1,0.3795449466405132
adult_adhd_6,1,0.7235283104206649
adult_adhd_6,1,0.0926516255409017
adult_adhd_6,1,0.050684858946942045
adult_adhd_6,1,0.040850531362394985
adult_adhd_6,1,0.023108011625262652
adult_adhd_6,1,0.04476169377754181
adult_adhd_6,1,0.2147124887419896
adult_adhd_6,1,0.26088452213168195
adult_adhd_6,1,0.035827913934585016
adult_adhd_6,1,0.02615813862435919
adult_adhd_6,1,0.45234328727309187
adult_adhd_6,1,0.04988127431232761
adult_adhd_6,1,0.05084703500917771
adult_adhd_6,1,0.5833687984106075
adult_adhd_6,1,0.25832723405849495
adult_adhd_6,1,0.34443730265543854
adult_adhd_6,1,0.37632259007219054
adult_adhd_6,1,0.5029977988153574
adult_adhd_6,1,0.4624851667308946
adult_adhd_6,1,0.14136431330968766
adult_adhd_6,1,0.025959436161577427
adult_adhd_6,1,0.0012438685418164831
adult_adhd_6,1,0.010353390761878222
adult_adhd_6,1,0.02375912406408845
adult_adhd_6,1,0.02969631582433698
adult_adhd_6,1,0.011921304664527267
adult_adhd_6,1,0.16940595230536573
adult_adhd_6,1,0.06522283808909302
adult_adhd_6,1,0.13570202650744326
adult_adhd_6,1,0.8018225564423825
adult_adhd_6,1,0.012376526736587446
adult_adhd_6,1,0.011575546715927788
adult_adhd_6,1,0.018474845770118042
adult_adhd_6,1,0.002181930371944281
adult_adhd_6,1,0.003721543080613191
adult_adhd_6,1,0.027032596891780176
adult_adhd_6,1,0.01672037749952563
adult_adhd_6,1,0.003426430966953246
adult_adhd_6,1,0.009000781142323763
adult_adhd_6,1,0.010179290711337876
adult_adhd_6,1,0.047771346082772365
adult_adhd_6,1,0.09224617100914474
adult_adhd_6,1,0.05329243584980626
adult_adhd_6,1,0.00525217374528048
adult_adhd_6,1,0.006621528350624749
adult_adhd_6,1,0.15783648044519683
adult_adhd_6,1,0.028766655639658686
adult_adhd_6,1,0.0263835686249163
adult_adhd_6,1,0.06417888216557237
adult_adhd_6,1,0.10722540329813902
adult_adhd_6,1,0.03983841637770203
adult_adhd_6,1,0.18291767574836268
adult_adhd_6,1,0.02880166811521642
adult_adhd_6,1,0.0033748695192971877
adult_adhd_6,1,0.021418150118642888
adult_adhd_6,1,0.4944209422486406
adult_adhd_6,1,0.010668669470411049
adult_adhd_6,1,0.0598278009992362
adult_adhd_6,1,0.014839491662220403
adult_adhd_6,1,0.14198836416434954
adult_adhd_6,1,0.06780537802479901
adult_adhd_6,1,0.05697120615528751
adult_adhd_6,1,0.02988811019738385
adult_adhd_6,1,0.035100656987498535
adult_adhd_6,1,0.03404185591716992
adult_adhd_6,1,0.04103108656187877
adult_adhd_6,1,0.052977669729174115
adult_adhd_6,1,0.03629590709134637
adult_adhd_6,1,0.17146998203427363
adult_adhd_6,1,0.2982013038685054
adult_adhd_6,1,0.03634688061929124
adult_adhd_6,1,0.23508144373094078
adult_adhd_6,1,0.76253349241357
adult_adhd_6,1,0.1842364422126991
adult_adhd_6,1,0.12719137525044724
adult_adhd_6,1,0.1377699137895207
adult_adhd_6,1,0.07050817965907237
adult_adhd_6,1,0.05050511433619164
adult_adhd_6,1,0.23253198987615795
adult_adhd_6,1,0.02522994817691608
adult_adhd_6,1,0.05396831172326554
adult_adhd_6,1,0.09090111734323442
adult_adhd_6,1,0.03660828769775825
adult_adhd_6,1,0.01751814492454614
adult_adhd_6,1,0.03074331711831107
adult_adhd_6,1,0.014477898424777586
adult_adhd_6,1,0.035983502497415734
adult_adhd_6,1,0.04446926691823113
adult_adhd_6,1,0.056342273115366895
adult_adhd_6,1,0.295647247584839
adult_adhd_6,1,0.23103593459094957
adult_adhd_6,1,0.036557564702734226
adult_adhd_6,1,0.11930206737934827
adult_adhd_6,1,0.06778962962024306
adult_adhd_6,1,0.046172275750833845
adult_adhd_6,1,0.022340478946202696
adult_adhd_6,1,0.22228882254117854
adult_adhd_6,1,0.09354672373527534
adult_adhd_6,1,0.035952461366167095
adult_adhd_6,1,0.051575282958994426
adult_adhd_6,1,0.13433486450384594
adult_adhd_6,1,0.04553517081024118
adult_adhd_6,1,0.017709698166664463
adult_adhd_6,1,0.009828508468628903
adult_adhd_6,1,0.041993275770878497
adult_adhd_6,1,0.011420249407795608
adult_adhd_6,1,0.06390932442660685
adult_adhd_6,1,0.03859743094526707
adult_adhd_6,1,0.12105083567342799
adult_adhd_6,1,0.15317966488789783
adult_adhd_6,1,0.17335948696701062
adult_adhd_6,1,0.4039344791865404
adult_adhd_6,1,0.7716901610398561
adult_adhd_6,1,0.786938130572191
adult_adhd_6,1,0.16250453997155306
adult_adhd_6,1,0.061919688103437155
adult_adhd_6,1,0.027469263112727196
adult_adhd_6,1,0.05166406156561785
adult_adhd_6,1,0.08817498997817039
adult_adhd_6,1,0.04204710498935661
adult_adhd_6,1,0.09572465120020891
adult_adhd_6,1,0.28116912347584927
adult_adhd_6,1,0.12860099441718847
adult_adhd_6,1,0.2485531493847616
adult_adhd_6,1,0.22275437433839737
adult_adhd_6,1,0.04821612535523635
adult_adhd_6,1,0.026176747017417432
adult_adhd_6,1,0.4051984575877817
adult_adhd_6,1,0.03003642378362913
adult_adhd_6,1,0.02202754855889301
adult_adhd_6,1,0.02175061630504931
adult_adhd_6,1,0.37741931012423974
adult_adhd_6,1,0.31456517578541926
adult_adhd_6,1,0.5865280111552101
adult_adhd_6,1,0.21041375141077753
adult_adhd_6,1,0.04076434967978504
adult_adhd_6,1,0.6587250827124699
adult_adhd_6,1,0.07385362113217334
adult_adhd_6,1,0.6291463713050152
adult_adhd_6,1,0.14498010072462136
adult_adhd_6,1,0.09852643719305279
adult_adhd_6,1,0.27646302313664345
adult_adhd_6,1,0.32104878437050993
adult_adhd_6,1,0.6943640138758894
adult_adhd_6,1,0.46605308351097663
adult_adhd_6,1,0.5042583649519113
adult_adhd_6,1,0.31533783441518426
adult_adhd_6,1,0.6772669212162867
adult_adhd_6,1,0.1641238775499533
adult_adhd_6,1,0.015597097958766484
adult_adhd_6,1,0.01086082124171632
adult_adhd_6,1,0.15816810511026136
adult_adhd_6,1,0.2921695984304209
adult_adhd_6,1,0.5076713367596619
adult_adhd_6,1,0.0681870401935387
adult_adhd_6,1,0.02109764400957786
adult_adhd_6,1,0.33573420451575164
adult_adhd_6,1,0.2841511994503809
adult_adhd_6,1,0.11907119501964657
adult_adhd_6,1,0.20356137354590506
adult_adhd_6,1,0.47935195969964767
adult_adhd_6,1,0.02812476257954669
adult_adhd_6,1,0.03788363647696236
adult_adhd_6,1,0.03406115015154363
adult_adhd_6,1,0.07222440578955186
adult_adhd_6,1,0.06032774488824856
adult_adhd_6,1,0.38417981815750146
adult_adhd_6,1,0.09918219256937297
adult_adhd_6,1,0.1685434216667707
adult_adhd_6,1,0.14021708615673825
adult_adhd_6,1,0.030848364803438135
adult_adhd_6,1,0.02553415423313858
adult_adhd_6,1,0.14239854625139
adult_adhd_6,1,0.6010739449356414
adult_adhd_6,1,0.4866020220113032
adult_adhd_6,1,0.5466081795559147
adult_adhd_6,1,0.19357051210920967
adult_adhd_6,1,0.2735390452090984
adult_adhd_6,1,0.271010629110372
adult_adhd_6,1,0.10331126690137349
adult_adhd_6,1,0.026693077155709486
adult_adhd_6,1,0.6016274250686736
adult_adhd_6,1,0.6028478630449883
adult_adhd_6,1,0.3461394716453387
adult_adhd_6,1,0.7028103159400602
adult_adhd_6,1,0.2516900618162917
adult_adhd_6,1,0.07765613707461999
adult_adhd_6,1,0.5500943970544002
adult_adhd_6,1,0.8763434186282199
adult_adhd_6,1,0.1507588788742293
adult_adhd_6,1,0.13708392347334455
adult_adhd_6,1,0.34369570449974246
adult_adhd_6,1,0.4933891051852779
adult_adhd_6,1,0.023983908689696663
adult_adhd_6,1,0.006095583917096846
adult_adhd_6,1,0.0677348481387847
adult_adhd_6,1,0.17489949067158408
adult_adhd_6,1,0.46935744608478397
adult_adhd_6,1,0.088956395836738
adult_adhd_6,1,0.15774101406544075
adult_adhd_6,1,0.18815438958427647
adult_adhd_6,1,0.09893744773366595
adult_adhd_6,1,0.043106839825441126
adult_adhd_6,1,0.15158419228618442
adult_adhd_6,1,0.1526215530632374
adult_adhd_6,1,0.02958297698594853
adult_adhd_6,1,0.07381986661112581
adult_adhd_6,1,0.12970968746576828
adult_adhd_6,1,0.18148834318961563
adult_adhd_6,1,0.2049705957658625
adult_adhd_6,1,0.10302329623828758
adult_adhd_6,1,0.801229937893761
adult_adhd_6,1,0.7808738832102564
adult_adhd_6,1,0.27551188440722363
adult_adhd_6,1,0.13546276344994101
adult_adhd_6,1,0.5176011827152072
adult_adhd_6,1,0.013331315371453831
adult_adhd_6,1,0.012112854598432482
adult_adhd_6,1,0.16667842555288218
adult_adhd_6,1,0.009869604748065445
adult_adhd_6,1,0.00957162272607734
adult_adhd_6,1,0.01968572153792523
adult_adhd_6,1,0.036266057104056657
adult_adhd_6,1,0.05951554088406424
adult_adhd_6,1,0.03267561231520545
adult_adhd_6,1,0.11197816807227548
adult_adhd_6,1,0.003983446846157094
adult_adhd_6,1,0.00499746058528521
adult_adhd_6,1,0.023513532221747836
adult_adhd_6,1,0.03194398596576078
adult_adhd_6,1,0.06280379117886022
adult_adhd_6,1,0.210510378724747
adult_adhd_6,1,0.12159072686151194
adult_adhd_6,1,0.027431847456205402
adult_adhd_6,1,0.03447789533880983
adult_adhd_6,1,0.01601057032325142
adult_adhd_6,1,0.012595097551632855
adult_adhd_6,1,0.036584900755094164
adult_adhd_6,1,0.0060752713210166735
adult_adhd_6,1,0.042952947764841494
adult_adhd_6,1,0.005443923661363656
adult_adhd_6,1,0.0016334553160903711
adult_adhd_6,1,0.006828677036539794
adult_adhd_6,1,0.025529438562556725
adult_adhd_6,1,0.10077952785145354
adult_adhd_6,1,0.31116855956693307
adult_adhd_6,1,0.2765238213259372
adult_adhd_6,1,0.04557161257174033
adult_adhd_6,1,0.03137928632781127
adult_adhd_6,1,0.016229959692593346
adult_adhd_6,1,0.026420089766366672
adult_adhd_6,1,0.602537556078842
adult_adhd_6,1,0.19272894507426777
adult_adhd_6,1,0.011195738820647144
adult_adhd_6,1,0.019245774767081784
adult_adhd_6,1,0.2658043925517921
adult_adhd_6,1,0.6262800237307311
adult_adhd_6,1,0.10397615542361062
adult_adhd_6,1,0.11135997304707218
adult_adhd_6,1,0.03161860935898476
adult_adhd_6,1,0.36366468110797645
adult_adhd_6,1,0.12804811865962185
adult_adhd_6,1,0.297078654444366
adult_adhd_6,1,0.18448206115884946
adult_adhd_6,1,0.4525873422754814
adult_adhd_6,1,0.6924851345316728
adult_adhd_6,1,0.8192315250174232
adult_adhd_6,1,0.3774680910892554
adult_adhd_6,1,0.8003570080337503
adult_adhd_6,1,0.5449049057756582
adult_adhd_6,1,0.28830078597618725
adult_adhd_6,1,0.1095004118849205
adult_adhd_6,1,0.04268293288967125
adult_adhd_6,1,0.1258870443375473
adult_adhd_6,1,0.044230965123225004
adult_adhd_6,1,0.05541306478766763
adult_adhd_6,1,0.02594630415208468
adult_adhd_6,1,0.0020778618442714837
adult_adhd_6,1,0.0030733793752475633
adult_adhd_6,1,0.0038317679087166295
adult_adhd_6,1,0.04630027918794716
adult_adhd_6,1,0.16013058280522244
adult_adhd_6,1,0.12010120396929273
adult_adhd_6,1,0.07015760127855425
adult_adhd_6,1,0.04620375849553944
adult_adhd_6,1,0.09072428695684198
adult_adhd_6,1,0.22191694356851796
adult_adhd_6,1,0.23404182743823707
adult_adhd_6,1,0.26030641370356056
adult_adhd_6,1,0.09178640786904362
adult_adhd_6,1,0.6690321341165202
adult_adhd_6,1,0.07139523606192458
adult_adhd_6,1,0.05792266128310377
adult_adhd_6,1,0.005275365229767669
adult_adhd_6,1,0.036300735001427366
adult_adhd_6,1,0.20165972704273813
adult_adhd_7,1,0.23479934256321636
adult_adhd_7,1,0.3508947581961843
adult_adhd_7,1,0.24460206269382548
adult_adhd_7,1,0.013939207968231638
adult_adhd_7,1,0.010147098205463948
adult_adhd_7,1,0.0386040080921256
adult_adhd_7,1,0.0672850238035374
adult_adhd_7,1,0.019811949946395683
adult_adhd_7,1,0.09843987001645146
adult_adhd_7,1,0.02986550405279224
adult_adhd_7,1,0.008358991279988202
adult_adhd_7,1,0.002760598854127068
adult_adhd_7,1,0.004771925404475627
adult_adhd_7,1,0.001063382915260868
adult_adhd_7,1,0.017309552994260805
adult_adhd_7,1,0.24320642403240186
adult_adhd_7,1,0.057203313627826526
adult_adhd_7,1,0.018253536956518646
adult_adhd_7,1,0.005586615537528747
adult_adhd_7,1,0.23364645246054766
adult_adhd_7,1,0.2379877515943416
adult_adhd_7,1,0.017497620107484364
adult_adhd_7,1,0.017814097444113598
adult_adhd_7,1,0.011391024540099055
adult_adhd_7,1,0.03633385179461049
adult_adhd_7,1,0.006948895509004693
adult_adhd_7,1,0.003047735828697744
adult_adhd_7,1,0.015950206101268162
adult_adhd_7,1,0.09258881140009598
adult_adhd_7,1,0.05202979080701816
adult_adhd_7,1,0.09464684223511376
adult_adhd_7,1,0.018362344639885883
adult_adhd_7,1,0.0013047547166573552
adult_adhd_7,1,0.0022593383050601283
adult_adhd_7,1,0.02205565965328125
adult_adhd_7,1,0.018886818734667743
adult_adhd_7,1,0.06913203838003575
adult_adhd_7,1,0.11382317473757018
adult_adhd_7,1,0.029972069073878036
adult_adhd_7,1,0.015950486480430192
adult_adhd_7,1,0.0013998548507510825
adult_adhd_7,1,0.008484213093118894
adult_adhd_7,1,0.09338539604808406
adult_adhd_7,1,0.01436953796796053
adult_adhd_7,1,0.008646413516526218
adult_adhd_7,1,0.02805865890130886
adult_adhd_7,1,0.04708584331560104
adult_adhd_7,1,0.03360184290573113
adult_adhd_7,1,0.004699502428103325
adult_adhd_7,1,0.004013922878761667
adult_adhd_7,1,0.014679280128743668
adult_adhd_7,1,0.025046209529515785
adult_adhd_7,1,0.012288185785333132
adult_adhd_7,1,0.016615570936165974
adult_adhd_7,1,0.027197203845465853
adult_adhd_7,1,0.04025849259524592
adult_adhd_7,1,0.004831313634659708
adult_adhd_7,1,0.010983517724587456
adult_adhd_7,1,0.2551421869639988
adult_adhd_7,1,0.16230445802046914
adult_adhd_7,1,0.029644929637469213
adult_adhd_7,1,0.09171118316354376
adult_adhd_7,1,0.06799881709986667
adult_adhd_7,1,0.14675567380067106
adult_adhd_7,1,0.012346426532252396
adult_adhd_7,1,0.0038168291046228927
adult_adhd_7,1,0.0038622070723721776
adult_adhd_7,1,0.03918524252468114
adult_adhd_7,1,0.019129972580075864
adult_adhd_7,1,0.028568193827260453
adult_adhd_7,1,0.018947460961935628
adult_adhd_7,1,0.026657544959175657
adult_adhd_7,1,0.02951717148922513
adult_adhd_7,1,0.012465142094158796
adult_adhd_7,1,0.029656656311415786
adult_adhd_7,1,0.00958387456529107
adult_adhd_7,1,0.0011252339130479393
adult_adhd_7,1,0.03014920419680343
adult_adhd_7,1,0.031471042472402205
adult_adhd_7,1,0.05798729945314313
adult_adhd_7,1,0.0819590367448975
adult_adhd_7,1,0.016680709106661244
adult_adhd_7,1,0.012163104348205146
adult_adhd_7,1,0.04866621748946879
adult_adhd_7,1,0.028507103038845814
adult_adhd_7,1,0.004449773897751302
adult_adhd_7,1,0.005059075858404853
adult_adhd_7,1,0.004942817993062728
adult_adhd_7,1,0.007481411138515447
adult_adhd_7,1,0.011957073835488422
adult_adhd_7,1,0.025936500748759243
adult_adhd_7,1,0.12107237248514545
adult_adhd_7,1,0.09108130541282465
adult_adhd_7,1,0.04376632300858935
adult_adhd_7,1,0.013604357060359997
adult_adhd_7,1,0.006165957974539329
adult_adhd_7,1,0.013665044687676264
adult_adhd_7,1,0.03393114826967357
adult_adhd_7,1,0.020207160108548602
adult_adhd_7,1,0.2035928928350669
adult_adhd_7,1,0.11938577440352079
adult_adhd_7,1,0.0394971374713592
adult_adhd_7,1,0.050883935880067
adult_adhd_7,1,0.024507332058415564
adult_adhd_7,1,0.023451750479024286
adult_adhd_7,1,0.10339749614783543
adult_adhd_7,1,0.044407954606817054
adult_adhd_7,1,0.017541818169658645
adult_adhd_7,1,0.012033212801388794
adult_adhd_7,1,0.026416866495480806
adult_adhd_7,1,0.009489417702998505
adult_adhd_7,1,0.2734614903707113
adult_adhd_7,1,0.06570129122610241
adult_adhd_7,1,0.14453764793068938
adult_adhd_7,1,0.03692073109748303
adult_adhd_7,1,0.016450113799323488
adult_adhd_7,1,0.05266743384586133
adult_adhd_7,1,0.03157117046341725
adult_adhd_7,1,0.05848256056152378
adult_adhd_7,1,0.01380775749031149
adult_adhd_7,1,0.025380531410863987
adult_adhd_7,1,0.023101798258051
adult_adhd_7,1,0.03658915068616219
adult_adhd_7,1,0.06743383179457442
adult_adhd_7,1,0.11341851444955214
adult_adhd_7,1,0.04698256759271588
adult_adhd_7,1,0.011048999818599192
adult_adhd_7,1,0.0016803420446272245
adult_adhd_7,1,0.002977972788885856
adult_adhd_7,1,0.007551953084659625
adult_adhd_7,1,0.06538196348613283
adult_adhd_7,1,0.20552627241755217
adult_adhd_7,1,0.04962577776481287
adult_adhd_7,1,0.10105030691261944
adult_adhd_7,1,0.004058122722537474
adult_adhd_7,1,0.007052590081729109
adult_adhd_7,1,0.10120373064233217
adult_adhd_7,1,0.08862984914854968
adult_adhd_7,1,0.012794244477632905
adult_adhd_7,1,0.03339322631896787
adult_adhd_7,1,0.12944544168080493
adult_adhd_7,1,0.020643390113062553
adult_adhd_7,1,0.042122046003940865
adult_adhd_7,1,0.016765740758700593
adult_adhd_7,1,0.11493407464216338
adult_adhd_7,1,0.039713253634598
adult_adhd_7,1,0.056579439209272546
adult_adhd_7,1,0.01223578670462523
adult_adhd_7,1,0.009832901504395038
adult_adhd_7,1,0.008045416161977497
adult_adhd_7,1,0.02002826304088083
adult_adhd_7,1,0.09338024689542987
adult_adhd_7,1,0.08990028097473429
adult_adhd_7,1,0.046356347649448564
adult_adhd_7,1,0.047147559427813845
adult_adhd_7,1,0.11524263201822857
adult_adhd_7,1,0.018086838236122765
adult_adhd_7,1,0.011383739979197338
adult_adhd_7,1,0.03914470655810985
adult_adhd_7,1,0.0246651623277519
adult_adhd_7,1,0.015080456467575259
adult_adhd_7,1,0.005123256028808781
adult_adhd_7,1,0.0058514808024219146
adult_adhd_7,1,0.0352816058744679
adult_adhd_7,1,0.005402303696913305
adult_adhd_7,1,0.004502334430925062
adult_adhd_7,1,0.012592694073796224
adult_adhd_7,1,0.04192175662317301
adult_adhd_7,1,0.02043862365803605
adult_adhd_7,1,0.1840099718964107
adult_adhd_7,1,0.06931462474582256
adult_adhd_7,1,0.03213226741449309
adult_adhd_7,1,0.12694025146198354
adult_adhd_7,1,0.05453202163582381
adult_adhd_7,1,0.07861424021538742
adult_adhd_7,1,0.1301564024604658
adult_adhd_7,1,0.01855981402524597
adult_adhd_7,1,0.02892696318344306
adult_adhd_7,1,0.06218963919605686
adult_adhd_7,1,0.07716761087872145
adult_adhd_7,1,0.03063739664415667
adult_adhd_7,1,0.028195815414787325
adult_adhd_7,1,0.004733611037048981
adult_adhd_7,1,0.04407816966259491
adult_adhd_7,1,0.06280934468067942
adult_adhd_7,1,0.009265949587163752
adult_adhd_7,1,0.011629391733029586
adult_adhd_7,1,0.020703647559973556
adult_adhd_7,1,0.15621323062125678
adult_adhd_7,1,0.20801978744956823
adult_adhd_7,1,0.23803593446471197
adult_adhd_7,1,0.05069848105719679
adult_adhd_7,1,0.05179246866431558
adult_adhd_7,1,0.14470641772602194
adult_adhd_7,1,0.024200059151283645
adult_adhd_7,1,0.1220839957169036
adult_adhd_7,1,0.37483731946683346
adult_adhd_7,1,0.1344801593192644
adult_adhd_7,1,0.023266479717831714
adult_adhd_7,1,0.006554554190675492
adult_adhd_7,1,0.07899386030821383
adult_adhd_7,1,0.07594578497188915
adult_adhd_7,1,0.12013282529331354
adult_adhd_7,1,0.058586464492774916
adult_adhd_7,1,0.05758831244851093
adult_adhd_7,1,0.15838261062352432
adult_adhd_7,1,0.09319338902251495
adult_adhd_7,1,0.021740994958570275
adult_adhd_7,1,0.04829292718438097
adult_adhd_7,1,0.1088632287226093
adult_adhd_7,1,0.010245173733310374
adult_adhd_7,1,0.05246221127039415
adult_adhd_7,1,0.21516056039034967
adult_adhd_7,1,0.01624159879224553
adult_adhd_7,1,0.02987358693738612
adult_adhd_7,1,0.17388083994858783
adult_adhd_7,1,0.10767133033816163
adult_adhd_7,1,0.06893671344729485
adult_adhd_7,1,0.0954310192767995
adult_adhd_7,1,0.040660310162562725
adult_adhd_7,1,0.09928432782242591
adult_adhd_7,1,0.08867758963010099
adult_adhd_7,1,0.08989533985285633
adult_adhd_7,1,0.07716153662262201
adult_adhd_7,1,0.15102397027028475
adult_adhd_7,1,0.04636909240002656
adult_adhd_7,1,0.01742242179481487
adult_adhd_7,1,0.014834484360481098
adult_adhd_7,1,0.02086526071455487
adult_adhd_7,1,0.0034687903938536786
adult_adhd_7,1,0.015498491897020482
adult_adhd_7,1,0.05044749629329993
adult_adhd_7,1,0.13491940553234857
adult_adhd_7,1,0.04388358752895057
adult_adhd_7,1,0.011104268747863988
adult_adhd_7,1,0.05639186855044938
adult_adhd_7,1,0.01724813301429747
adult_adhd_7,1,0.09987396448602935
adult_adhd_7,1,0.1351593975515408
adult_adhd_7,1,0.06754150286880768
adult_adhd_7,1,0.30973369475817886
adult_adhd_7,1,0.056247244452174404
adult_adhd_7,1,0.23766328286695515
adult_adhd_7,1,0.06932242254573155
adult_adhd_7,1,0.03344908401344381
adult_adhd_7,1,0.012222438048533419
adult_adhd_7,1,0.011215756812044255
adult_adhd_7,1,0.05264627788221808
adult_adhd_7,1,0.26571206228611827
adult_adhd_7,1,0.02618381602497143
adult_adhd_7,1,0.018160411938445715
adult_adhd_7,1,0.07137893062377512
adult_adhd_7,1,0.11169309649268229
adult_adhd_7,1,0.02542265263184644
adult_adhd_7,1,0.01610753767744282
adult_adhd_7,1,0.05813641514687911
adult_adhd_7,1,0.02617322177855421
adult_adhd_7,1,0.007299835674924365
adult_adhd_7,1,0.007222200004108119
adult_adhd_7,1,0.015254417093528129
adult_adhd_7,1,0.13099371950961985
adult_adhd_7,1,0.1051334004798024
adult_adhd_7,1,0.026376003112502825
adult_adhd_7,1,0.00953638299232431
adult_adhd_7,1,0.009989734301892048
adult_adhd_7,1,0.011886172592852118
adult_adhd_7,1,0.009592268034055225
adult_adhd_7,1,0.01643926267718278
adult_adhd_7,1,0.027524661685753616
adult_adhd_7,1,0.026417936442070467
adult_adhd_7,1,0.044214601876598605
adult_adhd_7,1,0.0044085992991004085
adult_adhd_7,1,0.01588401194510144
adult_adhd_7,1,0.014740843751063116
adult_adhd_7,1,0.04458904676092417
adult_adhd_7,1,0.021992017186019168
adult_adhd_7,1,0.1229788050592857
adult_adhd_7,1,0.03923121171919992
adult_adhd_7,1,0.017020316615580688
adult_adhd_7,1,0.006073386416711071
adult_adhd_7,1,0.08810440542908071
adult_adhd_7,1,0.41600485638807255
adult_adhd_7,1,0.1778547233630814
adult_adhd_7,1,0.38346587820813266
adult_adhd_7,1,0.4252202254340281
adult_adhd_7,1,0.08100771559409378
adult_adhd_7,1,0.006148213230505062
adult_adhd_7,1,0.01918716596748219
adult_adhd_7,1,0.004295111588774197
adult_adhd_7,1,0.20776583462439285
adult_adhd_7,1,0.01399911055303731
adult_adhd_7,1,0.06895419434832172
adult_adhd_7,1,0.10111924431592317
adult_adhd_7,1,0.2860074492325992
adult_adhd_7,1,0.43605728884332473
adult_adhd_7,1,0.02175290429098831
adult_adhd_7,1,0.11114067859532396
adult_adhd_7,1,0.17763567500493388
adult_adhd_7,1,0.18464648048701576
adult_adhd_7,1,0.13201298056458502
adult_adhd_7,1,0.10739591068748287
adult_adhd_7,1,0.09015432185878786
adult_adhd_7,1,0.05931947842532934
adult_adhd_7,1,0.021796740404305723
adult_adhd_7,1,0.12506078960045064
adult_adhd_7,1,0.10662068025512252
adult_adhd_7,1,0.020340281736172937
adult_adhd_7,1,0.026937004431437924
adult_adhd_7,1,0.05193583764788194
adult_adhd_7,1,0.02747556835203349
adult_adhd_7,1,0.0276615356086346
adult_adhd_7,1,0.019295682101046673
adult_adhd_7,1,0.08685485187818917
adult_adhd_7,1,0.23659614262844025
adult_adhd_7,1,0.08920589527585686
adult_adhd_7,1,0.0898486391231792
adult_adhd_7,1,0.19435488451212035
adult_adhd_7,1,0.17830401725076742
adult_adhd_7,1,0.112336330492539
adult_adhd_7,1,0.2883245110276846
adult_adhd_7,1,0.13986940295787728
adult_adhd_7,1,0.11269975483495226
adult_adhd_7,1,0.13080330388641515
adult_adhd_7,1,0.0771483288341825
adult_adhd_7,1,0.053061265817611586
adult_adhd_7,1,0.0068139490222696416
adult_adhd_7,1,0.04882426111614489
adult_adhd_7,1,0.02877101144458078
adult_adhd_7,1,0.03475042271908107
adult_adhd_7,1,0.31593542488733584
adult_adhd_7,1,0.4318739768597225
adult_adhd_7,1,0.10714300299694364
adult_adhd_7,1,0.09745878763704173
adult_adhd_7,1,0.1285455480722197
adult_adhd_7,1,0.2882106845587336
adult_adhd_7,1,0.12233226401750946
adult_adhd_7,1,0.0765387793092098
adult_adhd_7,1,0.16158966638276456
adult_adhd_7,1,0.05346582147172206
adult_adhd_7,1,0.014776306764781469
adult_adhd_7,1,0.021764859207702814
adult_adhd_7,1,0.034328316139215956
adult_adhd_7,1,0.1530893981090981
adult_adhd_7,1,0.11238134173279157
adult_adhd_7,1,0.021816510555982015
adult_adhd_7,1,0.02936164288869551
adult_adhd_7,1,0.047240806134412096
adult_adhd_7,1,0.22246406550784184
adult_adhd_7,1,0.07829374344889399
adult_adhd_7,1,0.03173462310633957
adult_adhd_7,1,0.004067530915091271
adult_adhd_7,1,0.034836058823893186
adult_adhd_7,1,0.05352631344012738
adult_adhd_7,1,0.09261751239476329
adult_adhd_7,1,0.3594019911379853
adult_adhd_7,1,0.04957993087332713
adult_adhd_7,1,0.048515183807707085
adult_adhd_7,1,0.025993932041117718
adult_adhd_7,1,0.03633368404883958
adult_adhd_7,1,0.05558665072868361
adult_adhd_7,1,0.0920697493147636
adult_adhd_7,1,0.12143035323529563
adult_adhd_7,1,0.1367595353161372
adult_adhd_7,1,0.10561018387144297
adult_adhd_7,1,0.14478659536754157
adult_adhd_7,1,0.2385037102148176
adult_adhd_7,1,0.07931284356371722
adult_adhd_7,1,0.050066937758112405
adult_adhd_7,1,0.06388459947115976
adult_adhd_7,1,0.06694703272183879
adult_adhd_7,1,0.10285334209852233
adult_adhd_7,1,0.06210828365233387
adult_adhd_7,1,0.2952102890181765
adult_adhd_7,1,0.11362294566934507
adult_adhd_7,1,0.1333097064541068
adult_adhd_7,1,0.36694657453572527
adult_adhd_7,1,0.07599512513309421
adult_adhd_7,1,0.01628944715573338
adult_adhd_7,1,0.2603369044315723
adult_adhd_7,1,0.3211549949444618
adult_adhd_7,1,0.17639247480244427
adult_adhd_7,1,0.05053823756811087
adult_adhd_7,1,0.02116180047104149
adult_adhd_7,1,0.038768255088991864
adult_adhd_7,1,0.11340878724350857
adult_adhd_7,1,0.07297363239734896
adult_adhd_7,1,0.13081557961791473
adult_adhd_7,1,0.23684809659039915
adult_adhd_7,1,0.16125191025289323
adult_adhd_7,1,0.09861638090219411
adult_adhd_7,1,0.06594866575556545
adult_adhd_7,1,0.08139881361619648
adult_adhd_7,1,0.08080308570531101
adult_adhd_7,1,0.13414212853964838
adult_adhd_7,1,0.06526119744574893
adult_adhd_7,1,0.06805274652836363
adult_adhd_7,1,0.10926738147699193
adult_adhd_7,1,0.38674398070207033
adult_adhd_7,1,0.06332281050574345
adult_adhd_7,1,0.03162304115837748
adult_adhd_7,1,0.008015042497516655
adult_adhd_7,1,0.1224033798848816
adult_adhd_7,1,0.025427706457924103
adult_adhd_7,1,0.025234774101078522
adult_adhd_7,1,0.2244123829790193
adult_adhd_7,1,0.10123401651613488
adult_adhd_7,1,0.16858695548715855
adult_adhd_7,1,0.08507879249827678
adult_adhd_7,1,0.026027892488793617
adult_adhd_7,1,0.28515815145734963
adult_adhd_7,1,0.04332631430227868
adult_adhd_7,1,0.0906889877180768
adult_adhd_7,1,0.30880955759975065
adult_adhd_7,1,0.5214587722081642
adult_adhd_7,1,0.18679175424947542
adult_adhd_7,1,0.12492989964773793
adult_adhd_7,1,0.12126721499384971
adult_adhd_7,1,0.15448977784815027
adult_adhd_7,1,0.20589289940776465
adult_adhd_7,1,0.20313811839277307
adult_adhd_7,1,0.022560864018254273
adult_adhd_7,1,0.026793735381978146
adult_adhd_7,1,0.01973726483591355
adult_adhd_7,1,0.03587309982868535
adult_adhd_7,1,0.039379385156656545
adult_adhd_7,1,0.05626725643012724
adult_adhd_7,1,0.031681578549977524
adult_adhd_7,1,0.20401222962227814
adult_adhd_7,1,0.09792161985167987
adult_adhd_7,1,0.31025491804480915
adult_adhd_7,1,0.769518653851728
adult_adhd_7,1,0.4556449022642217
adult_adhd_7,1,0.30936281935614324
adult_adhd_7,1,0.17720960364365695
adult_adhd_7,1,0.015008369450828809
adult_adhd_7,1,0.12383306390615272
adult_adhd_7,1,0.12880273137539752
adult_adhd_7,1,0.049502606432926664
adult_adhd_7,1,0.051494026981288694
adult_adhd_7,1,0.14479200966360928
adult_adhd_7,1,0.02527295868553477
adult_adhd_7,1,0.02133880602075045
adult_adhd_7,1,0.029144259897381085
adult_adhd_7,1,0.04181732654289244
adult_adhd_7,1,0.09520669190514461
adult_adhd_7,1,0.17157866272476635
adult_adhd_7,1,0.11293961985562935
adult_adhd_7,1,0.11148396330889644
adult_adhd_7,1,0.343884178174578
adult_adhd_7,1,0.10460095055898963
adult_adhd_7,1,0.20285541650413388
adult_adhd_7,1,0.16649533048342655
adult_adhd_7,1,0.06693453176371364
adult_adhd_7,1,0.1017927769048232
adult_adhd_7,1,0.19859007791259625
adult_adhd_7,1,0.0047636660257098585
adult_adhd_7,1,0.04522779213679435
adult_adhd_7,1,0.2418825295723138
adult_adhd_7,1,0.26390688487096603
adult_adhd_7,1,0.07878232897492586
adult_adhd_7,1,0.047612840228416387
adult_adhd_7,1,0.034127863195772656
adult_adhd_7,1,0.2571014552946702
adult_adhd_7,1,0.3085914105826393
adult_adhd_7,1,0.12575495069665055
adult_adhd_7,1,0.19809514701004952
adult_adhd_7,1,0.17568107889354842
adult_adhd_7,1,0.32447571619203885
adult_adhd_7,1,0.21302517821027248
adult_adhd_7,1,0.2312153482018427
adult_adhd_7,1,0.511653776761307
adult_adhd_7,1,0.6743230189003319
adult_adhd_7,1,0.2629185555073091
adult_adhd_7,1,0.11991988936896518
adult_adhd_7,1,0.31371228363262305
adult_adhd_7,1,0.17525471929943695
adult_adhd_7,1,0.14231899586366595
adult_adhd_7,1,0.032306563596237285
adult_adhd_7,1,0.04196755511620204
adult_adhd_7,1,0.0890898499331715
adult_adhd_7,1,0.10272379421718089
adult_adhd_7,1,0.046577287999730564
adult_adhd_7,1,0.2586242874186388
adult_adhd_7,1,0.0446569973954268
adult_adhd_7,1,0.2913157575304759
adult_adhd_7,1,0.4248803796189318
adult_adhd_7,1,0.11118106853892083
adult_adhd_7,1,0.6019083078017108
adult_adhd_7,1,0.49176085209984394
adult_adhd_7,1,0.45424384096996784
adult_adhd_7,1,0.668156782729524
adult_adhd_7,1,0.028871033360379328
adult_adhd_7,1,0.0630859601898013
adult_adhd_7,1,0.5880899640959603
adult_adhd_7,1,0.1886780227073277
adult_adhd_7,1,0.17099308318528914
adult_adhd_7,1,0.1271590612925127
adult_adhd_7,1,0.33936261181434363
adult_adhd_7,1,0.07124219573434606
adult_adhd_7,1,0.04436878287338931
adult_adhd_7,1,0.03791737212223735
adult_adhd_7,1,0.03190480485426875
adult_adhd_7,1,0.09509165114565692
adult_adhd_7,1,0.7136264029503305
adult_adhd_7,1,0.3731290812742288
adult_adhd_7,1,0.1342999713424248
adult_adhd_7,1,0.32550146975215327
adult_adhd_7,1,0.40807684769863817
adult_adhd_7,1,0.4253658370161613
adult_adhd_7,1,0.36857356960370846
adult_adhd_7,1,0.5827351103120988
adult_adhd_7,1,0.3735527548343017
adult_adhd_7,1,0.07977626703930175
adult_adhd_7,1,0.2884625330327708
adult_adhd_7,1,0.21307370329919573
adult_adhd_7,1,0.09190906785220686
adult_adhd_7,1,0.200535658525423
adult_adhd_7,1,0.39747951635674256
adult_adhd_7,1,0.7199082198676093
adult_adhd_7,1,0.19032288516274204
adult_adhd_7,1,0.05314817341867764
adult_adhd_7,1,0.0629856411939746
adult_adhd_7,1,0.017114633516481816
adult_adhd_7,1,0.10251588460181756
adult_adhd_7,1,0.10185934083717349
adult_adhd_7,1,0.00972656484587119
adult_adhd_7,1,0.03051542452309962
adult_adhd_7,1,0.07730085810695049
adult_adhd_7,1,0.04371422154793946
adult_adhd_7,1,0.5001562095044898
adult_adhd_7,1,0.3105344388589159
adult_adhd_7,1,0.06139588101819833
adult_adhd_7,1,0.04143652052478641
adult_adhd_7,1,0.12114991637214338
adult_adhd_7,1,0.38106535329785274
adult_adhd_7,1,0.15113592138740964
adult_adhd_7,1,0.02959693785648032
adult_adhd_7,1,0.12407454142383585
adult_adhd_7,1,0.030276187543946783
adult_adhd_7,1,0.17111127954342795
adult_adhd_7,1,0.13970421801165708
adult_adhd_7,1,0.11869978929218089
adult_adhd_7,1,0.05499236114630312
adult_adhd_7,1,0.05577394357747833
adult_adhd_7,1,0.03804761087217592
adult_adhd_7,1,0.03872051051926988
adult_adhd_7,1,0.03737426876685861
adult_adhd_7,1,0.07623396928459159
adult_adhd_7,1,0.0463803507907122
adult_adhd_7,1,0.18662818541896564
adult_adhd_7,1,0.17737429747938804
adult_adhd_7,1,0.10212603475433235
adult_adhd_7,1,0.05140583464579676
adult_adhd_7,1,0.04342500330882723
adult_adhd_7,1,0.10081719081350957
adult_adhd_7,1,0.2160269094528369
adult_adhd_7,1,0.16043371071596804
adult_adhd_7,1,0.021434524838312936
adult_adhd_7,1,0.05780530722710292
adult_adhd_7,1,0.06168720911937303
adult_adhd_7,1,0.19043734010422605
adult_adhd_7,1,0.11112395679295073
adult_adhd_7,1,0.04652034800656149
adult_adhd_7,1,0.04694938470831704
adult_adhd_7,1,0.0899695631914325
adult_adhd_7,1,0.05268376622129195
adult_adhd_7,1,0.060474199380593716
adult_adhd_7,1,0.29840267706519574
adult_adhd_7,1,0.1566849204637179
adult_adhd_7,1,0.07960161943863667
adult_adhd_7,1,0.10393313175504863
adult_adhd_7,1,0.09817508905402104
adult_adhd_7,1,0.31045524765475335
adult_adhd_7,1,0.28049818023688927
adult_adhd_7,1,0.24517690068193976
adult_adhd_7,1,0.23415979634359782
adult_adhd_7,1,0.0640342882904305
adult_adhd_7,1,0.06885473626895035
adult_adhd_7,1,0.03996554816755028
adult_adhd_7,1,0.01825363638192882
adult_adhd_7,1,0.37667163698069245
adult_adhd_7,1,0.7605853182695432
adult_adhd_7,1,0.2575663858970879
adult_adhd_7,1,0.17310004511725438
adult_adhd_7,1,0.09237356520500709
adult_adhd_7,1,0.1355078684740661
adult_adhd_7,1,0.15491832033875588
adult_adhd_7,1,0.3693124062811763
adult_adhd_7,1,0.015238651983450336
adult_adhd_7,1,0.009647370530442673
adult_adhd_7,1,0.012507033131886147
adult_adhd_7,1,0.03345641721306279
adult_adhd_7,1,0.022653305171218076
adult_adhd_7,1,0.07751848001547093
adult_adhd_7,1,0.02310426270548636
adult_adhd_7,1,0.11972547538624473
adult_adhd_7,1,0.03405610023790868
adult_adhd_7,1,0.018821460113636137
adult_adhd_7,1,0.4619341315993187
adult_adhd_7,1,0.5578497169786336
adult_adhd_7,1,0.32296347475201626
adult_adhd_7,1,0.5835356087533055
adult_adhd_7,1,0.07421684698710158
adult_adhd_7,1,0.010609837597750166
adult_adhd_7,1,0.06074019814419992
adult_adhd_7,1,0.19273059833295703
adult_adhd_7,1,0.13268711825411142
adult_adhd_7,1,0.6884169732353035
adult_adhd_7,1,0.5612951495824606
adult_adhd_7,1,0.16695438121735617
adult_adhd_7,1,0.24405821475566428
adult_adhd_7,1,0.5754673486911509
adult_adhd_7,1,0.04466956069240188
adult_adhd_7,1,0.07109388685133382
adult_adhd_7,1,0.5875866941934679
adult_adhd_7,1,0.35378353349543795
adult_adhd_8,1,0.05863816992898209
adult_adhd_8,1,0.09877554138789492
adult_adhd_8,1,0.15345996611655383
adult_adhd_8,1,0.012351653797029516
adult_adhd_8,1,0.039683234311638615
adult_adhd_8,1,0.05129433648464736
adult_adhd_8,1,0.031190815864036603
adult_adhd_8,1,0.06857049674287619
adult_adhd_8,1,0.012447795353825125
adult_adhd_8,1,0.02877256299943481
adult_adhd_8,1,0.0366794265294962
adult_adhd_8,1,0.016396584369104114
adult_adhd_8,1,0.0035163070911284158
adult_adhd_8,1,0.007622729673545273
adult_adhd_8,1,0.05140582400586673
adult_adhd_8,1,0.016140891462418774
adult_adhd_8,1,0.010075803817750811
adult_adhd_8,1,0.014424289362289549
adult_adhd_8,1,0.007565506436443567
adult_adhd_8,1,0.04428032421848757
adult_adhd_8,1,0.0964828062972642
adult_adhd_8,1,0.011366461982662349
adult_adhd_8,1,0.14931691145032572
adult_adhd_8,1,0.10957384139090162
adult_adhd_8,1,0.030650917899894964
adult_adhd_8,1,0.029125508291858008
adult_adhd_8,1,0.0035092675491765007
adult_adhd_8,1,0.0032471307626166794
adult_adhd_8,1,0.0013160170673742072
adult_adhd_8,1,0.013451484072432232
adult_adhd_8,1,0.011918495897373062
adult_adhd_8,1,0.012441314052864883
adult_adhd_8,1,0.004655352310074783
adult_adhd_8,1,0.024844690774654506
adult_adhd_8,1,0.0036928216781152235
adult_adhd_8,1,0.0021994152755198605
adult_adhd_8,1,0.0071047525126635876
adult_adhd_8,1,0.005143453002762217
adult_adhd_8,1,0.004169712557255235
adult_adhd_8,1,0.019095755074398424
adult_adhd_8,1,0.003317770348582198
adult_adhd_8,1,0.00456895386759247
adult_adhd_8,1,0.0313989766089862
adult_adhd_8,1,0.16473632320689202
adult_adhd_8,1,0.012779690997881657
adult_adhd_8,1,0.02230358517478234
adult_adhd_8,1,0.025979464480626456
adult_adhd_8,1,0.01943726869651066
adult_adhd_8,1,0.03303819163685668
adult_adhd_8,1,0.032013919547616725
adult_adhd_8,1,0.08580746650428024
adult_adhd_8,1,0.04538168289000291
adult_adhd_8,1,0.0074532795056360766
adult_adhd_8,1,0.01246089450107795
adult_adhd_8,1,0.03149985753861007
adult_adhd_8,1,0.05968366003379902
adult_adhd_8,1,0.036563642308992395
adult_adhd_8,1,0.03495572295790417
adult_adhd_8,1,0.26939545248164987
adult_adhd_8,1,0.15144309013544208
adult_adhd_8,1,0.010185067685107333
adult_adhd_8,1,0.05271450999021858
adult_adhd_8,1,0.04876211962725211
adult_adhd_8,1,0.027909590860200905
adult_adhd_8,1,0.0022970026215720857
adult_adhd_8,1,0.00138829763178205
adult_adhd_8,1,0.006882957966339234
adult_adhd_8,1,0.012181618818134916
adult_adhd_8,1,0.03273123359741261
adult_adhd_8,1,0.027730502167217556
adult_adhd_8,1,0.0186647775853188
adult_adhd_8,1,0.13006294133327492
adult_adhd_8,1,0.026392679061492036
adult_adhd_8,1,0.018420546041961895
adult_adhd_8,1,0.007451578990492097
adult_adhd_8,1,0.018544985522854045
adult_adhd_8,1,0.005124473118317512
adult_adhd_8,1,0.0027995899991705058
adult_adhd_8,1,0.0015470971222745259
adult_adhd_8,1,0.005456206940645696
adult_adhd_8,1,0.04619736181245763
adult_adhd_8,1,0.013765651454766138
adult_adhd_8,1,0.005753549243499611
adult_adhd_8,1,0.027536986465433035
adult_adhd_8,1,0.0009694626868821929
adult_adhd_8,1,0.0011284694239930687
adult_adhd_8,1,0.0019755342246985017
adult_adhd_8,1,0.009850995737545932
adult_adhd_8,1,0.035882368524657406
adult_adhd_8,1,0.008726388953218197
adult_adhd_8,1,0.006019786599190147
adult_adhd_8,1,0.016690103320328845
adult_adhd_8,1,0.012150258469538574
adult_adhd_8,1,0.043442838168757256
adult_adhd_8,1,0.014139141040111332
adult_adhd_8,1,0.00609937160799276
adult_adhd_8,1,0.014132385821802866
adult_adhd_8,1,0.0014338471674131747
adult_adhd_8,1,0.016445758557025902
adult_adhd_8,1,0.022200149467584016
adult_adhd_8,1,0.0648402360562414
adult_adhd_8,1,0.05526373786507435
adult_adhd_8,1,0.020591657163505053
adult_adhd_8,1,0.007340766229595546
adult_adhd_8,1,0.017834431976800003
adult_adhd_8,1,0.008923212801790712
adult_adhd_8,1,0.01177547152217521
adult_adhd_8,1,0.20041120612917993
adult_adhd_8,1,0.3264675918223101
adult_adhd_8,1,0.05170569866346481
adult_adhd_8,1,0.03792654064960069
adult_adhd_8,1,0.011807378797709416
adult_adhd_8,1,0.022158572635560224
adult_adhd_8,1,0.018986810046551145
adult_adhd_8,1,0.010347011685688625
adult_adhd_8,1,0.08813123959830507
adult_adhd_8,1,0.05112615975161173
adult_adhd_8,1,0.0535109137081902
adult_adhd_8,1,0.01682771697747299
adult_adhd_8,1,0.0031034943359131493
adult_adhd_8,1,0.0013950876533964556
adult_adhd_8,1,0.001766573192483049
adult_adhd_8,1,0.008698241352560773
adult_adhd_8,1,0.014765693931457519
adult_adhd_8,1,0.01266249959469252
adult_adhd_8,1,0.028917063288955377
adult_adhd_8,1,0.009369853421884893
adult_adhd_8,1,0.016179713452135525
adult_adhd_8,1,0.006681411420481392
adult_adhd_8,1,0.0038768014328727555
adult_adhd_8,1,0.005990357200075441
adult_adhd_8,1,0.04737069422707761
adult_adhd_8,1,0.010567484751188716
adult_adhd_8,1,0.013869909617244615
adult_adhd_8,1,0.00257154533170272
adult_adhd_8,1,0.0073399281052710244
adult_adhd_8,1,0.005746128344153384
adult_adhd_8,1,0.008969892000397302
adult_adhd_8,1,0.04884796328446362
adult_adhd_8,1,0.0007286158604084696
adult_adhd_8,1,0.00106297526189324
adult_adhd_8,1,0.038249700180319944
adult_adhd_8,1,0.05845952466560314
adult_adhd_8,1,0.02919523045957788
adult_adhd_8,1,0.06865661574754911
adult_adhd_8,1,0.021896657722905267
adult_adhd_8,1,0.009856914400531804
adult_adhd_8,1,0.004022399358121329
adult_adhd_8,1,0.020101862586246834
adult_adhd_8,1,0.057546715340862475
adult_adhd_8,1,0.015345791138848094
adult_adhd_8,1,0.012656434939102384
adult_adhd_8,1,0.008450270629075959
adult_adhd_8,1,0.017031411661252324
adult_adhd_8,1,0.002080526563339369
adult_adhd_8,1,0.0021869010651285347
adult_adhd_8,1,0.008423585579799229
adult_adhd_8,1,0.0005570288893667434
adult_adhd_8,1,0.0002213371021538718
adult_adhd_8,1,0.036886733902660306
adult_adhd_8,1,0.01951870346269509
adult_adhd_8,1,0.014615993783443696
adult_adhd_8,1,0.08447925756384063
adult_adhd_8,1,0.04629830413963632
adult_adhd_8,1,0.03520175698306594
adult_adhd_8,1,0.01476107892673558
adult_adhd_8,1,0.0019182164037957906
adult_adhd_8,1,0.005768936062923676
adult_adhd_8,1,0.04706439422558222
adult_adhd_8,1,0.12191014463892995
adult_adhd_8,1,0.029468616942759034
adult_adhd_8,1,0.0066570525059326015
adult_adhd_8,1,0.07577178597374144
adult_adhd_8,1,0.0028572474968327076
adult_adhd_8,1,0.0018144950275406854
adult_adhd_8,1,0.002511580404492128
adult_adhd_8,1,0.004288452922648027
adult_adhd_8,1,0.029816026630768912
adult_adhd_8,1,0.0014458541108867337
adult_adhd_8,1,0.004285596412352494
adult_adhd_8,1,0.010189751488341958
adult_adhd_8,1,0.001265520649947266
adult_adhd_8,1,0.02429529016731064
adult_adhd_8,1,0.018876779139898235
adult_adhd_8,1,0.010821998128044354
adult_adhd_8,1,0.007719924935709507
adult_adhd_8,1,0.04880113735525305
adult_adhd_8,1,0.01940033976368108
adult_adhd_8,1,0.015052991553780124
adult_adhd_8,1,0.013513387299759393
adult_adhd_8,1,0.01817791774221673
adult_adhd_8,1,0.007269751442355909
adult_adhd_8,1,0.05739940203707004
adult_adhd_8,1,0.07496437125393707
adult_adhd_8,1,0.019714201753144416
adult_adhd_8,1,0.027038994158088036
adult_adhd_8,1,0.046934130558846106
adult_adhd_8,1,0.004508275240499121
adult_adhd_8,1,0.024521054546959537
adult_adhd_8,1,0.015124297286441836
adult_adhd_8,1,0.020914441858894003
adult_adhd_8,1,0.006739835058193788
adult_adhd_8,1,0.04007378340244003
adult_adhd_8,1,0.06385714326775034
adult_adhd_8,1,0.025494038749109646
adult_adhd_8,1,0.003705159316319293
adult_adhd_8,1,0.0019252167309074942
adult_adhd_8,1,0.0012672310105701593
adult_adhd_8,1,0.007727161768702895
adult_adhd_8,1,0.003471155232936319
adult_adhd_8,1,0.005553158978362508
adult_adhd_8,1,0.004736154904341197
adult_adhd_8,1,0.03536293419171941
adult_adhd_8,1,0.02693757915689004
adult_adhd_8,1,0.04448995450835921
adult_adhd_8,1,0.010373832430979429
adult_adhd_8,1,0.0032698181380512344
adult_adhd_8,1,0.01429876126734456
adult_adhd_8,1,0.01443267467286893
adult_adhd_8,1,0.0335553418716788
adult_adhd_8,1,0.0906588114692566
adult_adhd_8,1,0.014184418954404086
adult_adhd_8,1,0.005317158496898281
adult_adhd_8,1,0.008656156454148453
adult_adhd_8,1,0.020896914294673635
adult_adhd_8,1,0.0037056169408070344
adult_adhd_8,1,0.00022714521519400337
adult_adhd_8,1,0.0014454459690640402
adult_adhd_8,1,0.0023119700161162867
adult_adhd_8,1,0.012251046070375964
adult_adhd_8,1,0.04838228046277268
adult_adhd_8,1,0.03644986373032565
adult_adhd_8,1,0.03781791627488869
adult_adhd_8,1,0.0761561413296501
adult_adhd_8,1,0.007520325474923349
adult_adhd_8,1,0.003193411392167679
adult_adhd_8,1,0.027960761476911705
adult_adhd_8,1,0.02833875387184338
adult_adhd_8,1,0.013465191851291284
adult_adhd_8,1,0.051202596885566255
adult_adhd_8,1,0.04238286472186489
adult_adhd_8,1,0.023755406789829164
adult_adhd_8,1,0.03290221292397043
adult_adhd_8,1,0.0220307965037416
adult_adhd_8,1,0.00922741372786857
adult_adhd_8,1,0.03490350353887502
adult_adhd_8,1,0.05270245993310989
adult_adhd_8,1,0.06736106998175335
adult_adhd_8,1,0.007882698232006628
adult_adhd_8,1,0.005022107003548238
adult_adhd_8,1,0.013772594969194883
adult_adhd_8,1,0.06336074596217568
adult_adhd_8,1,0.17783448199924135
adult_adhd_8,1,0.03137739921989211
adult_adhd_8,1,0.023308247418152607
adult_adhd_8,1,0.019329696753144058
adult_adhd_8,1,0.01767809744937425
adult_adhd_8,1,0.02000240322019121
adult_adhd_8,1,0.0053410754643648
adult_adhd_8,1,0.02310901234025057
adult_adhd_8,1,0.008622600918399044
adult_adhd_8,1,0.011443564174835288
adult_adhd_8,1,0.011392637440993555
adult_adhd_8,1,0.05125463641331702
adult_adhd_8,1,0.014122217977699811
adult_adhd_8,1,0.0022676957776755183
adult_adhd_8,1,0.004645256046948017
adult_adhd_8,1,0.015217196515683533
adult_adhd_8,1,0.01515020323837948
adult_adhd_8,1,0.0004977460189842334
adult_adhd_8,1,0.0004461998122170157
adult_adhd_8,1,0.007330138380294856
adult_adhd_8,1,0.12578249960641935
adult_adhd_8,1,0.2574653927277136
adult_adhd_8,1,0.0376982326381193
adult_adhd_8,1,0.017918469144363795
adult_adhd_8,1,0.00954044406419994
adult_adhd_8,1,0.0026367161629131525
adult_adhd_8,1,0.012332385894790408
adult_adhd_8,1,0.02605572159993944
adult_adhd_8,1,0.035781753349228305
adult_adhd_8,1,0.039478434303306574
adult_adhd_8,1,0.051089456787009074
adult_adhd_8,1,0.00991392895092465
adult_adhd_8,1,0.02576766084972195
adult_adhd_8,1,0.0030611416881582984
adult_adhd_8,1,0.003085003943310499
adult_adhd_8,1,0.01894868412692951
adult_adhd_8,1,0.0227530920414778
adult_adhd_8,1,0.004987518219735048
adult_adhd_8,1,0.004875391787718821
adult_adhd_8,1,0.0047705722051085385
adult_adhd_8,1,0.021824713660205376
adult_adhd_8,1,0.00418622399839897
adult_adhd_8,1,0.005438419634355318
adult_adhd_8,1,0.022328763502193108
adult_adhd_8,1,0.015191671667765848
adult_adhd_8,1,0.02788342525356655
adult_adhd_8,1,0.024918556110754914
adult_adhd_8,1,0.007043828671067667
adult_adhd_8,1,0.022856806347803592
adult_adhd_8,1,0.10706235699216224
adult_adhd_8,1,0.022561320003533853
adult_adhd_8,1,0.10060991340311667
adult_adhd_8,1,0.0416852297490609
adult_adhd_8,1,0.03228541421186766
adult_adhd_8,1,0.019584705458509946
adult_adhd_8,1,0.009523284354082865
adult_adhd_8,1,0.03540238571581147
adult_adhd_8,1,0.02449349354612649
adult_adhd_8,1,0.04794762957349218
adult_adhd_8,1,0.002858813373037704
adult_adhd_8,1,0.0034952286332292424
adult_adhd_8,1,0.021686660748446916
adult_adhd_8,1,0.17982876548050228
adult_adhd_8,1,0.1334411241549932
adult_adhd_8,1,0.0024771439924271264
adult_adhd_8,1,0.005890728059006599
adult_adhd_8,1,0.003169070434594041
adult_adhd_8,1,0.0044363100292411075
adult_adhd_8,1,0.05978087374216031
adult_adhd_8,1,0.015528379653658263
adult_adhd_8,1,0.005005846844521848
adult_adhd_8,1,0.037952202665177584
adult_adhd_8,1,0.010351894948162462
adult_adhd_8,1,0.007844293438312373
adult_adhd_8,1,0.0033722813432885573
adult_adhd_8,1,0.006742570815839987
adult_adhd_8,1,0.03510730413271974
adult_adhd_8,1,0.16004543688353934
adult_adhd_8,1,0.022241049355812177
adult_adhd_8,1,0.014790352209599957
adult_adhd_8,1,0.0682814659523227
adult_adhd_8,1,0.01983827064562054
adult_adhd_8,1,0.006034651266211868
adult_adhd_8,1,0.002908211002796695
adult_adhd_8,1,0.01009035613917029
adult_adhd_8,1,0.01680812150746923
adult_adhd_8,1,0.028330430448361112
adult_adhd_8,1,0.010379967149798025
adult_adhd_8,1,0.010920017049254136
adult_adhd_8,1,0.031789741769376156
adult_adhd_8,1,0.15284403051662487
adult_adhd_8,1,0.15583194848202778
adult_adhd_8,1,0.1513224147539051
adult_adhd_8,1,0.07267430273373066
adult_adhd_8,1,0.02802081027351921
adult_adhd_8,1,0.0736733544161204
adult_adhd_8,1,0.025856260001043792
adult_adhd_8,1,0.00710111231112374
adult_adhd_8,1,0.006864285895769726
adult_adhd_8,1,0.030977817440730897
adult_adhd_8,1,0.012963213210302115
adult_adhd_8,1,0.013913756241304732
adult_adhd_8,1,0.008772965949251045
adult_adhd_8,1,0.07346494647863305
adult_adhd_8,1,0.05248892983249079
adult_adhd_8,1,0.028949255455621162
adult_adhd_8,1,0.011217475185668943
adult_adhd_8,1,0.02607490463328235
adult_adhd_8,1,0.05199364112449692
adult_adhd_8,1,0.009772041111853782
adult_adhd_8,1,0.04636358367909068
adult_adhd_8,1,0.01797973447305034
adult_adhd_8,1,0.02804218081660172
adult_adhd_8,1,0.025372907127591198
adult_adhd_8,1,0.1245383106270221
adult_adhd_8,1,0.0750601520972971
adult_adhd_8,1,0.007230950856215815
adult_adhd_8,1,0.0639418642738874
adult_adhd_8,1,0.04689556802594977
adult_adhd_8,1,0.020715659601933605
adult_adhd_8,1,0.04280122887929081
adult_adhd_8,1,0.005254457503147159
adult_adhd_8,1,0.06145050847350017
adult_adhd_8,1,0.008774837908874636
adult_adhd_8,1,0.10791265679048234
adult_adhd_8,1,0.13756068317336032
adult_adhd_8,1,0.003708342846417635
adult_adhd_8,1,0.026514485981679846
adult_adhd_8,1,0.015110136975955635
adult_adhd_8,1,0.0030888897657125056
adult_adhd_8,1,0.0029876996404884426
adult_adhd_8,1,0.030468013984036223
adult_adhd_8,1,0.008424682750221079
adult_adhd_8,1,0.025242315455511286
adult_adhd_8,1,0.022045373785023456
adult_adhd_8,1,0.010457600788150532
adult_adhd_8,1,0.005254251973587913
adult_adhd_8,1,0.013483759353294182
adult_adhd_8,1,0.10779350830343123
adult_adhd_8,1,0.05318871220934378
adult_adhd_8,1,0.011861288210552063
adult_adhd_8,1,0.006696767114471402
adult_adhd_8,1,0.007235933835235343
adult_adhd_8,1,0.028532888241300867
adult_adhd_8,1,0.14089293930108127
adult_adhd_8,1,0.026315937217419975
adult_adhd_8,1,0.03867816870889834
adult_adhd_8,1,0.034084395775747484
adult_adhd_8,1,0.013288017267350651
adult_adhd_8,1,0.008988399280434836
adult_adhd_8,1,0.00810595185233008
adult_adhd_8,1,0.17903045725091277
adult_adhd_8,1,0.014046587907008098
adult_adhd_8,1,0.006635746970173943
adult_adhd_8,1,0.013498219484441607
adult_adhd_8,1,0.02623865252904274
adult_adhd_8,1,0.07035403772375472
adult_adhd_8,1,0.024365494904923513
adult_adhd_8,1,0.013478257076145566
adult_adhd_8,1,0.057451838469950854
adult_adhd_8,1,0.08444379049871613
adult_adhd_8,1,0.019250470694111187
adult_adhd_8,1,0.02766476721957946
adult_adhd_8,1,0.004380317012963869
adult_adhd_8,1,0.004669748393779156
adult_adhd_8,1,0.05593154818472773
adult_adhd_8,1,0.05576995411973449
adult_adhd_8,1,0.004256987654334473
adult_adhd_8,1,0.010518256521932673
adult_adhd_8,1,0.021717182237585227
adult_adhd_8,1,0.1379562016631491
adult_adhd_8,1,0.4483902415941745
adult_adhd_8,1,0.3798411580164273
adult_adhd_8,1,0.10104859345593849
adult_adhd_8,1,0.009000082393055785
adult_adhd_8,1,0.00944702925112862
adult_adhd_8,1,0.04914484826707853
adult_adhd_8,1,0.14494096475975815
adult_adhd_8,1,0.009501953371687926
adult_adhd_8,1,0.08200439769088673
adult_adhd_8,1,0.02468347503319677
adult_adhd_8,1,0.05531299469361929
adult_adhd_8,1,0.02782672870214191
adult_adhd_8,1,0.007791954821946254
adult_adhd_8,1,0.03551375953137776
adult_adhd_8,1,0.027115513024215717
adult_adhd_8,1,0.020753796070399216
adult_adhd_8,1,0.12243168707483153
adult_adhd_8,1,0.03375043537594384
adult_adhd_8,1,0.002178812452075049
adult_adhd_8,1,0.004736539753854353
adult_adhd_8,1,0.01740807309557409
adult_adhd_8,1,0.02923158228662798
adult_adhd_8,1,0.06284227935036286
adult_adhd_8,1,0.14315089830056688
adult_adhd_8,1,0.14176918107427555
adult_adhd_8,1,0.1356209015796032
adult_adhd_8,1,0.006621588639152559
adult_adhd_8,1,0.007690367089739339
adult_adhd_8,1,0.038847083448825905
adult_adhd_8,1,0.026754453752557764
adult_adhd_8,1,0.1535620192022587
adult_adhd_8,1,0.13582603175555835
adult_adhd_8,1,0.021772526581145406
adult_adhd_8,1,0.059598245679292006
adult_adhd_8,1,0.03995575675122457
adult_adhd_8,1,0.002813803365320524
adult_adhd_8,1,0.09841384476472587
adult_adhd_8,1,0.07300772678125599
adult_adhd_8,1,0.021758397408818506
adult_adhd_8,1,0.0041105911933660855
adult_adhd_8,1,0.007396080161568834
adult_adhd_8,1,0.009367088071318684
adult_adhd_8,1,0.003469095864364854
adult_adhd_8,1,0.004104673705278597
adult_adhd_8,1,0.025266669444983573
adult_adhd_8,1,0.020816471401022624
adult_adhd_8,1,0.12481521402144866
adult_adhd_8,1,0.007428734798519682
adult_adhd_8,1,0.1753375589128761
adult_adhd_8,1,0.029978676375579258
adult_adhd_8,1,0.05921923080968614
adult_adhd_8,1,0.05102490093194719
adult_adhd_8,1,0.07758353506637933
adult_adhd_8,1,0.00557846435281133
adult_adhd_8,1,0.0047354219608724156
adult_adhd_8,1,0.005094409922916644
adult_adhd_8,1,0.005799406044202486
adult_adhd_8,1,0.00877525299122436
adult_adhd_8,1,0.04346741006384793
adult_adhd_8,1,0.015407231001102617
adult_adhd_8,1,0.0009401598601063875
adult_adhd_8,1,0.006535992451697074
adult_adhd_8,1,0.008701772401738413
adult_adhd_8,1,0.0301315952370296
adult_adhd_8,1,0.08876403312067492
adult_adhd_8,1,0.021526773645220154
adult_adhd_8,1,0.0022692862926270013
adult_adhd_8,1,0.004059476094016781
adult_adhd_8,1,0.012839088749779386
adult_adhd_8,1,0.04158866190698665
adult_adhd_8,1,0.043527625903031185
adult_adhd_8,1,0.006317104268493869
adult_adhd_8,1,0.01535728005781754
adult_adhd_8,1,0.004984773114315237
adult_adhd_8,1,0.020580352075956918
adult_adhd_8,1,0.02964762855481325
adult_adhd_8,1,0.007062600818118541
adult_adhd_8,1,0.015203703603127817
adult_adhd_8,1,0.062313139697320635
adult_adhd_8,1,0.0061044941866470435
adult_adhd_8,1,0.004869025601884203
adult_adhd_8,1,0.2428267687108492
adult_adhd_8,1,0.23740809593437437
adult_adhd_8,1,0.0036365046442214896
adult_adhd_8,1,0.11622805819988236
adult_adhd_8,1,0.07033242796254104
adult_adhd_8,1,0.005598343302803254
adult_adhd_8,1,0.028712484994510446
adult_adhd_8,1,0.003420627132855274
adult_adhd_8,1,0.002325410367174278
adult_adhd_8,1,0.017036728757785436
adult_adhd_8,1,0.4469293683455983
adult_adhd_8,1,0.33759137044251636
adult_adhd_8,1,0.03103227271224522
adult_adhd_8,1,0.08020991706142652
adult_adhd_8,1,0.02647852371385926
adult_adhd_8,1,0.04958717107517707
adult_adhd_8,1,0.0407621950582478
adult_adhd_8,1,0.016905472749961733
adult_adhd_8,1,0.03562500238002091
adult_adhd_8,1,0.018701796239246025
adult_adhd_8,1,0.0041290061653822
adult_adhd_8,1,0.006827589262987133
adult_adhd_8,1,0.012557661180743683
adult_adhd_8,1,0.026613781046220676
adult_adhd_8,1,0.0036702908426777133
adult_adhd_8,1,0.00484831982104476
adult_adhd_8,1,0.04251272176273543
adult_adhd_8,1,0.04002572200274511
adult_adhd_8,1,0.31054663754382783
adult_adhd_8,1,0.21657277338739894
adult_adhd_8,1,0.24103321558320065
adult_adhd_8,1,0.020677160148268023
adult_adhd_8,1,0.014287821793025748
adult_adhd_8,1,0.021945189904547014
adult_adhd_8,1,0.014156655517514063
adult_adhd_8,1,0.008629711017007649
adult_adhd_8,1,0.023058781540645844
adult_adhd_8,1,0.00839984282912544
adult_adhd_8,1,0.026034523968485105
adult_adhd_8,1,0.18108667362603914
adult_adhd_8,1,0.0742860970336595
adult_adhd_8,1,0.07491608559219005
adult_adhd_8,1,0.2955192043622039
adult_adhd_8,1,0.004575448096258313
adult_adhd_8,1,0.018607768681794163
adult_adhd_8,1,0.0006430107026618346
adult_adhd_8,1,0.0024088856349987683
adult_adhd_8,1,0.04376246722610535
adult_adhd_8,1,0.015979978135557026
adult_adhd_8,1,0.017786042591372595
adult_adhd_8,1,0.0818238905614125
adult_adhd_8,1,0.03685717534443233
adult_adhd_8,1,0.0021738134036959752
adult_adhd_8,1,0.0018967613329107433
adult_adhd_8,1,0.0029481222451250935
adult_adhd_8,1,0.006752067710482422
adult_adhd_8,1,0.08414432672796582
adult_adhd_8,1,0.02962938248615116
adult_adhd_8,1,0.01491380703389442
adult_adhd_8,1,0.0018295545351468014
adult_adhd_8,1,0.002683359018306928
adult_adhd_8,1,0.020844343705962293
adult_adhd_8,1,0.02009761789835941
adult_adhd_8,1,0.04073146680231402
adult_adhd_8,1,0.016671941560703007
adult_adhd_8,1,0.0237832523027953
adult_adhd_8,1,0.08571675754762459
adult_adhd_8,1,0.009488425410113794
adult_adhd_8,1,0.030050988834868432
adult_adhd_8,1,0.03344170438197703
adult_adhd_8,1,0.1434310827961367
adult_adhd_8,1,0.10337966484165184
adult_adhd_8,1,0.05060976407281853
adult_adhd_8,1,0.018138262903863007
adult_adhd_8,1,0.17571541211074912
adult_adhd_8,1,0.005920496749843108
adult_adhd_8,1,0.008900216080209751
adult_adhd_8,1,0.0020781905167707162
adult_adhd_8,1,0.01119669133544277
adult_adhd_8,1,0.009470114283778168
adult_adhd_8,1,0.006004775211014855
adult_adhd_8,1,0.008501759367476852
adult_adhd_8,1,0.09712592472711558
adult_adhd_8,1,0.06276051062650709
adult_adhd_8,1,0.03266663388780559
adult_adhd_8,1,0.006988169090602666
adult_adhd_8,1,0.029514620878424068
adult_adhd_8,1,0.007360567174432953
adult_adhd_8,1,0.007901839619206779
adult_adhd_8,1,0.016623771591254468
adult_adhd_8,1,0.038397589439606215
adult_adhd_8,1,0.01224910121904504
adult_adhd_8,1,0.027023078209470648
adult_adhd_8,1,0.007872156005015304
adult_adhd_8,1,0.03860650248039097
adult_adhd_8,1,0.08261453499592238
adult_adhd_8,1,0.01454175457259564
adult_adhd_8,1,0.0701122473377611
adult_adhd_8,1,0.027581650307504944
adult_adhd_8,1,0.008715205388841761
adult_adhd_8,1,0.005892573956477906
adult_adhd_8,1,0.005785423001750394
adult_adhd_8,1,0.0070738576399918054
adult_adhd_8,1,0.0058485550305883635
adult_adhd_8,1,0.0022220929787527518
adult_adhd_8,1,0.003832283344347259
adult_adhd_8,1,0.05195464301186999
adult_adhd_8,1,0.032903618084021584
adult_adhd_8,1,0.011169153684287475
adult_adhd_8,1,0.15802564671601924
adult_control_1,0,0.5034878423872631
adult_control_1,0,0.47157841479347823
adult_control_1,0,0.1896834997675761
adult_control_1,0,0.3430093937822744
adult_control_1,0,0.26491849618895086
adult_control_1,0,0.11841471125120867
adult_control_1,0,0.08893387452445076
adult_control_1,0,0.06260175990696347
adult_control_1,0,0.21299371508891995
adult_control_1,0,0.13912365195455967
adult_control_1,0,0.0431305925215558
adult_control_1,0,0.08683994227386298
adult_control_1,0,0.5109752461424718
adult_control_1,0,0.3501218445386899
adult_control_1,0,0.09884743744718344
adult_control_1,0,0.4921174325621887
adult_control_1,0,0.07270657289634265
adult_control_1,0,0.2544298825555693
adult_control_1,0,0.21321125024712814
adult_control_1,0,0.07676767257127474
adult_control_1,0,0.13307199515121804
adult_control_1,0,0.19297073361095352
adult_control_1,0,0.30932751334880293
adult_control_1,0,0.09229774889720248
adult_control_1,0,0.00636388540643043
adult_control_1,0,0.01248993199938884
adult_control_1,0,0.11272711059339126
adult_control_1,0,0.3040565668566695
adult_control_1,0,0.6187966897995922
adult_control_1,0,0.0753527968404568
adult_control_1,0,0.04676718104131957
adult_control_1,0,0.014377477242068865
adult_control_1,0,0.04946265199520768
adult_control_1,0,0.20233562028117053
adult_control_1,0,0.3310084909387404
adult_control_1,0,0.06455825024773158
adult_control_1,0,0.051913171220439175
adult_control_1,0,0.07276229874545903
adult_control_1,0,0.0927781460650831
adult_control_1,0,0.6905356463654675
adult_control_1,0,0.29438023529217516
adult_control_1,0,0.03513300932861974
adult_control_1,0,0.049465958859384034
adult_control_1,0,0.024459820505197193
adult_control_1,0,0.05668918535722903
adult_control_1,0,0.05194085942915055
adult_control_1,0,0.014536164872755787
adult_control_1,0,0.05534271675574586
adult_control_1,0,0.40907442927666443
adult_control_1,0,0.21378721478719698
adult_control_1,0,0.12509933972581444
adult_control_1,0,0.012425859342019436
adult_control_1,0,0.06407576228787781
adult_control_1,0,0.06131806154620427
adult_control_1,0,0.07179981850448815
adult_control_1,0,0.06599669239803316
adult_control_1,0,0.07037242976230493
adult_control_1,0,0.036989288741199576
adult_control_1,0,0.35559318577049237
adult_control_1,0,0.26994954988689673
adult_control_1,0,0.34888125561774846
adult_control_1,0,0.21647679233501216
adult_control_1,0,0.050883149817765115
adult_control_1,0,0.008808120828936537
adult_control_1,0,0.08706292908635781
adult_control_1,0,0.7237389524936332
adult_control_1,0,0.43486795628954733
adult_control_1,0,0.14205324268456787
adult_control_1,0,0.014131823158190344
adult_control_1,0,0.10399484036772122
adult_control_1,0,0.38426048362677306
adult_control_1,0,0.03275794254118976
adult_control_1,0,0.37638919945891175
adult_control_1,0,0.0812227578009269
adult_control_1,0,0.043020472210890316
adult_control_1,0,0.039813679564832595
adult_control_1,0,0.06692981717563176
adult_control_1,0,0.5037100358108705
adult_control_1,0,0.26627040668235974
adult_control_1,0,0.23491315863071702
adult_control_1,0,0.40845592759679783
adult_control_1,0,0.19242667328391846
adult_control_1,0,0.2613194537251623
adult_control_1,0,0.18254544449783594
adult_control_1,0,0.14433489673074862
adult_control_1,0,0.3003863658908517
adult_control_1,0,0.028540825335453514
adult_control_1,0,0.020769961997729437
adult_control_1,0,0.016074717636756986
adult_control_1,0,0.061524538412745584
adult_control_1,0,0.14257305993663102
adult_control_1,0,0.056535172054511564
adult_control_1,0,0.04563882485760061
adult_control_1,0,0.5113587183824013
adult_control_1,0,0.39676092072941405
adult_control_1,0,0.043514706383166825
adult_control_1,0,0.03027651990003448
adult_control_1,0,0.026709017198427016
adult_control_1,0,0.06424211294309166
adult_control_1,0,0.3796173723129096
adult_control_1,0,0.05744006561645395
adult_control_1,0,0.025990150978768008
adult_control_1,0,0.32687485733839605
adult_control_1,0,0.09388673909657176
adult_control_1,0,0.04761600943338938
adult_control_1,0,0.0016606156772409001
adult_control_1,0,0.005540511375283005
adult_control_1,0,0.00930007954586825
adult_control_1,0,0.044833389075462395
adult_control_1,0,0.03967116117909559
adult_control_1,0,0.17157697323083348
adult_control_1,0,0.2517765932556026
adult_control_1,0,0.047785415838856066
adult_control_1,0,0.09086099357452926
adult_control_1,0,0.0037693583698066835
adult_control_1,0,0.0490962596069499
adult_control_1,0,0.7216455670464752
adult_control_1,0,0.20293854902991473
adult_control_1,0,0.019642904438945983
adult_control_1,0,0.024726061618129826
adult_control_1,0,0.22348336695912413
adult_control_1,0,0.056186930535796875
adult_control_1,0,0.5625311193071915
adult_control_1,0,0.22697207057929225
adult_control_1,0,0.26289624411943635
adult_control_1,0,0.31538393989985075
adult_control_1,0,0.10539747252298738
adult_control_1,0,0.01104983942032574
adult_control_1,0,0.20062714785217076
adult_control_1,0,0.4182956604465949
adult_control_1,0,0.11845887329385292
adult_control_1,0,0.21583297000358842
adult_control_1,0,0.06239510296215854
adult_control_1,0,0.03677722451846856
adult_control_1,0,0.05157116778121138
adult_control_1,0,0.029398012737999562
adult_control_1,0,0.02383699463512172
adult_control_1,0,0.1502955431276007
adult_control_1,0,0.07120982807891091
adult_control_1,0,0.014154490265990614
adult_control_1,0,0.004290905420313294
adult_control_1,0,0.02836016314097987
adult_control_1,0,0.10797502647366147
adult_control_1,0,0.525511956170706
adult_control_1,0,0.21862222549637747
adult_control_1,0,0.058792792449891405
adult_control_1,0,0.08387563304176966
adult_control_1,0,0.04421284814353002
adult_control_1,0,0.09556331723891151
adult_control_1,0,0.512460826035976
adult_control_1,0,0.10148686004056957
adult_control_1,0,0.026317136047614792
adult_control_1,0,0.00913759520509182
adult_control_1,0,0.021332241431589207
adult_control_1,0,0.14437944271769854
adult_control_1,0,0.06202526199003461
adult_control_1,0,0.17066198021424514
adult_control_1,0,0.5496762139734233
adult_control_1,0,0.07942393456523011
adult_control_1,0,0.21490620311077324
adult_control_1,0,0.5056217909733514
adult_control_1,0,0.1308027499045981
adult_control_1,0,0.0897295101620635
adult_control_1,0,0.07074806550066853
adult_control_1,0,0.08405708314777288
adult_control_1,0,0.026343782434243516
adult_control_1,0,0.6525026460168092
adult_control_1,0,0.5243961994376891
adult_control_1,0,0.3396247486378151
adult_control_1,0,0.05493199384960687
adult_control_1,0,0.016140523919710124
adult_control_1,0,0.019199346928333572
adult_control_1,0,0.20456842662695252
adult_control_1,0,0.14260723165108138
adult_control_1,0,0.03152446942834614
adult_control_1,0,0.21568163483537256
adult_control_1,0,0.3837180557801045
adult_control_1,0,0.09402395447358843
adult_control_1,0,0.010113810186786426
adult_control_1,0,0.3236803446926814
adult_control_1,0,0.14839135823838162
adult_control_1,0,0.3021966195239112
adult_control_1,0,0.21224911246597192
adult_control_1,0,0.10907579986903265
adult_control_1,0,0.22884103827914903
adult_control_1,0,0.09153339350591609
adult_control_1,0,0.20496956351461612
adult_control_1,0,0.006533313389888022
adult_control_1,0,0.015696353709507827
adult_control_1,0,0.07284854602663834
adult_control_1,0,0.06201352415200389
adult_control_1,0,0.07943911699833762
adult_control_1,0,0.0568310958255201
adult_control_1,0,0.1657945001947932
adult_control_1,0,0.6291688903180451
adult_control_1,0,0.1958969061171376
adult_control_1,0,0.44782884475529866
adult_control_1,0,0.2895894675708768
adult_control_1,0,0.2035110450423563
adult_control_1,0,0.3510173003255693
adult_control_1,0,0.11855127258555935
adult_control_1,0,0.09347389902703554
adult_control_1,0,0.04170008029080434
adult_control_1,0,0.019824248818773378
adult_control_1,0,0.020323770795743896
adult_control_1,0,0.03485996489015706
adult_control_1,0,0.047241496535679876
adult_control_1,0,0.11016260063480537
adult_control_1,0,0.12982385969768517
adult_control_1,0,0.16289096397908437
adult_control_1,0,0.031548046167013635
adult_control_1,0,0.036620130607542524
adult_control_1,0,0.013146341277678174
adult_control_1,0,0.03315768080722068
adult_control_1,0,0.03351258814825022
adult_control_1,0,0.04813866812694506
adult_control_1,0,0.08177169397908282
adult_control_1,0,0.6404714794684703
adult_control_1,0,0.30205997066221035
adult_control_1,0,0.18697166813543456
adult_control_1,0,0.5138826081094172
adult_control_1,0,0.6523856528505516
adult_control_1,0,0.4079740749026092
adult_control_1,0,0.17239791277885172
adult_control_1,0,0.05592349048110194
adult_control_1,0,0.021707610059279826
adult_control_1,0,0.31079019674255254
adult_control_1,0,0.032538551955424364
adult_control_1,0,0.02232602274815394
adult_control_1,0,0.15376776914658982
adult_control_1,0,0.3828121198115114
adult_control_1,0,0.020215169194870434
adult_control_1,0,0.013671297621688802
adult_control_1,0,0.17526294720318655
adult_control_1,0,0.12461847105381285
adult_control_1,0,0.03410864337288648
adult_control_1,0,0.006749700012909591
adult_control_1,0,0.03782294183619656
adult_control_1,0,0.13202251967077522
adult_control_1,0,0.05425122896471535
adult_control_1,0,0.061942187277124826
adult_control_1,0,0.24064308547745225
adult_control_1,0,0.13439313565240182
adult_control_1,0,0.6118389168397469
adult_control_1,0,0.2859381426834739
adult_control_1,0,0.017630006026063887
adult_control_1,0,0.16591322593940888
adult_control_1,0,0.11509517014732006
adult_control_1,0,0.06992952109339834
adult_control_1,0,0.1907297825701442
adult_control_1,0,0.07028322917548091
adult_control_1,0,0.3044451015083099
adult_control_1,0,0.3655881867613431
adult_control_1,0,0.12903294739308968
adult_control_1,0,0.1037887037319184
adult_control_1,0,0.04955445675052113
adult_control_1,0,0.03773002467719904
adult_control_1,0,0.04963509475190431
adult_control_1,0,0.15469413644585836
adult_control_1,0,0.08478732337820634
adult_control_1,0,0.11542383968560806
adult_control_1,0,0.03216029448171955
adult_control_1,0,0.05644522925141451
adult_control_1,0,0.12997785494081743
adult_control_1,0,0.02653944011096179
adult_control_1,0,0.04920687658172741
adult_control_1,0,0.15570154591416158
adult_control_1,0,0.1007238572614744
adult_control_1,0,0.10500608337215434
adult_control_1,0,0.20652842509975716
adult_control_1,0,0.0509768102088684
adult_control_1,0,0.062270016369046804
adult_control_1,0,0.22677977995525958
adult_control_1,0,0.09157589923051505
adult_control_1,0,0.09058146661494569
adult_control_1,0,0.9777715726489012
adult_control_1,0,0.8984794253144073
adult_control_1,0,0.6912352918847671
adult_control_1,0,0.21807696834537246
adult_control_1,0,0.23962744897234084
adult_control_1,0,0.43997073420013416
adult_control_1,0,0.5207265145811156
adult_control_1,0,0.4287463334368263
adult_control_1,0,0.11947526452706828
adult_control_1,0,0.04293031335479872
adult_control_1,0,0.19215631170556893
adult_control_1,0,0.35361625005224884
adult_control_1,0,0.03133411285453565
adult_control_1,0,0.03746185740229059
adult_control_1,0,0.05003606214796643
adult_control_1,0,0.031188545993349786
adult_control_1,0,0.06784414298115925
adult_control_1,0,0.32695409023031596
adult_control_1,0,0.09062544387786639
adult_control_1,0,0.23763543399469964
adult_control_1,0,0.34900492736023503
adult_control_1,0,0.6139087247625509
adult_control_1,0,0.08477547904311936
adult_control_1,0,0.11384523496450002
adult_control_1,0,0.0830218122596418
adult_control_1,0,0.05713902505246425
adult_control_1,0,0.28974410301212017
adult_control_1,0,0.2674107838649915
adult_control_1,0,0.3139990294997832
adult_control_1,0,0.12575837625511085
adult_control_1,0,0.14191624343739062
adult_control_1,0,0.17574642511067257
adult_control_1,0,0.06197878610345856
adult_control_1,0,0.016547277656776372
adult_control_1,0,0.03403033640789135
adult_control_1,0,0.05891366806141824
adult_control_1,0,0.08916617191886653
adult_control_1,0,0.007731713888908895
adult_control_1,0,0.21244248302623864
adult_control_1,0,0.541544215752608
adult_control_1,0,0.06551636569304684
adult_control_1,0,0.02621779998179986
adult_control_1,0,0.14399750135840098
adult_control_1,0,0.07819905910807191
adult_control_1,0,0.14834322196027164
adult_control_1,0,0.17908299801292035
adult_control_1,0,0.06535744742123015
adult_control_1,0,0.04858250461566576
adult_control_1,0,0.026683195160557217
adult_control_1,0,0.3680777439999952
adult_control_1,0,0.5532021023393474
adult_control_1,0,0.0358145382760826
adult_control_1,0,0.015545344529933216
adult_control_1,0,0.07323073093052085
adult_control_1,0,0.014600225205467846
adult_control_1,0,0.16318223638826188
adult_control_1,0,0.27235247951866337
adult_control_1,0,0.4711042111371996
adult_control_1,0,0.611153505981813
adult_control_1,0,0.348861703985084
adult_control_1,0,0.06971335890481326
adult_control_1,0,0.01655516642505511
adult_control_1,0,0.02187592289844468
adult_control_1,0,0.07448881618698544
adult_control_1,0,0.14378442036415198
adult_control_1,0,0.03272529697297956
adult_control_1,0,0.032396233873990134
adult_control_1,0,0.1345054265704092
adult_control_1,0,0.2549635811226796
adult_control_1,0,0.18180130849025827
adult_control_1,0,0.04705031138888581
adult_control_1,0,0.21868671020309777
adult_control_1,0,0.12069797490753334
adult_control_1,0,0.37911020388271455
adult_control_1,0,0.7476939930294275
adult_control_1,0,0.10621828547338585
adult_control_1,0,0.12781223289396093
adult_control_1,0,0.0907611051840107
adult_control_1,0,0.0869440011411941
adult_control_1,0,0.04155667275864528
adult_control_1,0,0.032339680501400105
adult_control_1,0,0.043436789385980515
adult_control_1,0,0.019588740032999673
adult_control_1,0,0.008430747365336564
adult_control_1,0,0.022907479978064003
adult_control_1,0,0.10714158039661886
adult_control_1,0,0.1731613959822317
adult_control_1,0,0.18211989775732537
adult_control_1,0,0.09893842601308342
adult_control_1,0,0.3213686949303934
adult_control_1,0,0.48426862766056084
adult_control_1,0,0.19103927772384566
adult_control_1,0,0.07529993930295988
adult_control_1,0,0.1265292927950342
adult_control_1,0,0.20776819561093027
adult_control_1,0,0.5689610008793052
adult_control_1,0,0.27302086372551043
adult_control_1,0,0.26590721886305757
adult_control_1,0,0.02990566078712579
adult_control_1,0,0.11035678578640237
adult_control_1,0,0.3638631814974615
adult_control_1,0,0.06672692362090958
adult_control_1,0,0.028885768915437916
adult_control_1,0,0.02840010706804144
adult_control_1,0,0.5616894456474105
adult_control_1,0,0.44353105797726483
adult_control_1,0,0.30077913057767164
adult_control_1,0,0.17492375249526504
adult_control_1,0,0.2461662708622084
adult_control_1,0,0.23147717614862753
adult_control_1,0,0.2801291842914636
adult_control_1,0,0.1343604003870351
adult_control_1,0,0.7361549974007383
adult_control_1,0,0.07905922143944623
adult_control_1,0,0.022170299764642756
adult_control_1,0,0.10786073118799365
adult_control_1,0,0.6384691131100106
adult_control_1,0,0.40108280013898684
adult_control_1,0,0.34139697884068926
adult_control_1,0,0.48198373956850377
adult_control_1,0,0.24600195719662327
adult_control_1,0,0.11389928712866974
adult_control_1,0,0.047898373245879214
adult_control_1,0,0.058326541004540364
adult_control_1,0,0.01062465772912108
adult_control_1,0,0.08802079058142535
adult_control_1,0,0.36835648190150255
adult_control_1,0,0.04330425860744783
adult_control_1,0,0.07908687271644944
adult_control_1,0,0.03788025860839098
adult_control_1,0,0.2718225700604019
adult_control_1,0,0.1579671957297392
adult_control_1,0,0.020274921623760826
adult_control_1,0,0.2809668082185275
adult_control_1,0,0.255098082198108
adult_control_1,0,0.21935425068069284
adult_control_1,0,0.25704989406469825
adult_control_1,0,0.20409668311381052
adult_control_1,0,0.09040877533153738
adult_control_1,0,0.10372894632972991
adult_control_1,0,0.24389782841408866
adult_control_1,0,0.48330140494655655
adult_control_1,0,0.0695608683719404
adult_control_1,0,0.048836008444817294
adult_control_1,0,0.053606826337238095
adult_control_1,0,0.07717005206255138
adult_control_1,0,0.04950284686965691
adult_control_1,0,0.07940097894458006
adult_control_1,0,0.6865535865201357
adult_control_1,0,0.29523525769706754
adult_control_1,0,0.03495101331976511
adult_control_1,0,0.01928111732779509
adult_control_1,0,0.02826746064299936
adult_control_1,0,0.03925234224074801
adult_control_1,0,0.04943751374299655
adult_control_1,0,0.022207465550105082
adult_control_1,0,0.2070235920087987
adult_control_1,0,0.19674938731859765
adult_control_1,0,0.015492488910472857
adult_control_1,0,0.2348295723111934
adult_control_1,0,0.280636998312282
adult_control_1,0,0.2511598462886143
adult_control_1,0,0.22358961933852262
adult_control_1,0,0.014640082163347347
adult_control_1,0,0.09718313476828977
adult_control_1,0,0.06632727000784372
adult_control_1,0,0.04741966631186769
adult_control_1,0,0.15660156236815956
adult_control_1,0,0.09923617824427532
adult_control_1,0,0.019829231363381435
adult_control_1,0,0.005371691704865431
adult_control_1,0,0.016649002808686263
adult_control_1,0,0.13765685344945736
adult_control_1,0,0.4306189409425535
adult_control_1,0,0.02696124264983802
adult_control_1,0,0.016582091075641556
adult_control_1,0,0.041863239700351274
adult_control_1,0,0.019525709177551767
adult_control_1,0,0.0016959034804980252
adult_control_1,0,0.01698747743081297
adult_control_1,0,0.10880695945845216
adult_control_1,0,0.09484284574231162
adult_control_1,0,0.0976504480680291
adult_control_1,0,0.032753287343658226
adult_control_1,0,0.014636444173555982
adult_control_1,0,0.09454402401264855
adult_control_1,0,0.20563304852671915
adult_control_1,0,0.15223004869856088
adult_control_1,0,0.1258639495792577
adult_control_1,0,0.11210043231771083
adult_control_1,0,0.2717523537894423
adult_control_1,0,0.020090229548951313
adult_control_1,0,0.09240783379724216
adult_control_1,0,0.048356462569284275
adult_control_1,0,0.029381822346910686
adult_control_1,0,0.08475813711014676
adult_control_1,0,0.052188193442947076
adult_control_1,0,0.02230421244729058
adult_control_1,0,0.05572822055397953
adult_control_1,0,0.07018897233444239
adult_control_1,0,0.11952145427976305
adult_control_1,0,0.5750839632930551
adult_control_1,0,0.28266343695269186
adult_control_1,0,0.17422595371263278
adult_control_1,0,0.16874735477417058
adult_control_1,0,0.06824147345211565
adult_control_1,0,0.21764373844591212
adult_control_1,0,0.35587768130705905
adult_control_1,0,0.29890723822346926
adult_control_1,0,0.21456200558816718
adult_control_1,0,0.2977562731251004
adult_control_1,0,0.45691480905270465
adult_control_1,0,0.16074090117751602
adult_control_1,0,0.05913337071384401
adult_control_1,0,0.21839841841185048
adult_control_1,0,0.5598982424684499
adult_control_1,0,0.48827999691146523
adult_control_1,0,0.22605957962726506
adult_control_1,0,0.4073156748623212
adult_control_1,0,0.3724420522995059
adult_control_1,0,0.02367088007883587
adult_control_1,0,0.051824866376989534
adult_control_1,0,0.10096603999773913
adult_control_1,0,0.07330907313482203
adult_control_1,0,0.2428659671385094
adult_control_1,0,0.5378783342337056
adult_control_1,0,0.42420528948227665
adult_control_1,0,0.35667194471266145
adult_control_1,0,0.5644675675102956
adult_control_1,0,0.14272233161501047
adult_control_1,0,0.27461553412915685
adult_control_1,0,0.5181748087804472
adult_control_1,0,0.37324227180025976
adult_control_1,0,0.24513583008436465
adult_control_1,0,0.21063866108908053
adult_control_1,0,0.2535706439665532
adult_control_1,0,0.06100200302532413
adult_control_1,0,0.016665588951477666
adult_control_1,0,0.02047166775376088
adult_control_1,0,0.046973331265167895
adult_control_1,0,0.12636226945897164
adult_control_1,0,0.3245571790604211
adult_control_1,0,0.5416156590149661
adult_control_1,0,0.14169127085514527
adult_control_1,0,0.43455079808674196
adult_control_1,0,0.3780250836546616
adult_control_1,0,0.0476191703317605
adult_control_1,0,0.019118892512174062
adult_control_1,0,0.32917040125630953
adult_control_1,0,0.1857171048444499
adult_control_1,0,0.1969883471034116
adult_control_1,0,0.37705339077023725
adult_control_1,0,0.5472870617300187
adult_control_1,0,0.7265466488968699
adult_control_1,0,0.3243576883720294
adult_control_1,0,0.04592165923080783
adult_control_1,0,0.04064409728887411
adult_control_1,0,0.024157569255582566
adult_control_1,0,0.007010140682585464
adult_control_1,0,0.02161595697532769
adult_control_1,0,0.15910355899812456
adult_control_1,0,0.12535059487816394
adult_control_1,0,0.03749581540330716
adult_control_1,0,0.1818549195234034
adult_control_1,0,0.049198366830999804
adult_control_1,0,0.3002142919747279
adult_control_1,0,0.3091130073291987
adult_control_1,0,0.6410978236046201
adult_control_1,0,0.2932506800261216
adult_control_1,0,0.10470151963157825
adult_control_1,0,0.18345912383036495
adult_control_1,0,0.05235602196613422
adult_control_1,0,0.16288814137370383
adult_control_1,0,0.06276731182819899
adult_control_1,0,0.2530692531349315
adult_control_1,0,0.09728033759529778
adult_control_1,0,0.06205743614031041
adult_control_1,0,0.07293218807531099
adult_control_1,0,0.009779871933410246
adult_control_1,0,0.02914779815004968
adult_control_1,0,0.03868757492641472
adult_control_1,0,0.016477600120048404
adult_control_1,0,0.023793654550694023
adult_control_1,0,0.016005951094478624
adult_control_1,0,0.03360386776995089
adult_control_1,0,0.03178395593478491
adult_control_1,0,0.011111637184099684
adult_control_1,0,0.18336238130914026
adult_control_1,0,0.48739628549159486
adult_control_1,0,0.050484443469161776
adult_control_1,0,0.14454315969005715
adult_control_1,0,0.21508190711377104
adult_control_1,0,0.02816877847520625
adult_control_1,0,0.020646544428447516
adult_control_1,0,0.03589265257835746
adult_control_1,0,0.029042571917266183
adult_control_1,0,0.09456035442766654
adult_control_1,0,0.18964034150919457
adult_control_1,0,0.027542466610152676
adult_control_1,0,0.21961778900842563
adult_control_1,0,0.07946103716369958
adult_control_1,0,0.15200311186194676
adult_control_1,0,0.052320981425761436
adult_control_1,0,0.27889176112523456
adult_control_1,0,0.19012227667316786
adult_control_1,0,0.13051350737001274
adult_control_1,0,0.39096077464715845
adult_control_1,0,0.20671540396297336
adult_control_1,0,0.1714744104201457
adult_control_1,0,0.13264838093465378
adult_control_1,0,0.14496930704867908
adult_control_1,0,0.03075625132200634
adult_control_1,0,0.04027802530672022
adult_control_1,0,0.021539455348050837
adult_control_1,0,0.04244691112707916
adult_control_1,0,0.3638723157885929
adult_control_1,0,0.1729657285387471
adult_control_1,0,0.05021227949649078
adult_control_1,0,0.21272701969242086
adult_control_1,0,0.03644548068942759
adult_control_1,0,0.10768294029800361
adult_control_1,0,0.3939694187714678
adult_control_1,0,0.14597678605682352
adult_control_1,0,0.06065665682027346
adult_control_1,0,0.11461086288209676
adult_control_1,0,0.04644474285006111
adult_control_1,0,0.012698388308376728
adult_control_1,0,0.02438964392601132
adult_control_1,0,0.06571272765820733
adult_control_1,0,0.043209805957990496
adult_control_1,0,0.2763383767694555
adult_control_1,0,0.16044177218536312
adult_control_1,0,0.2619122756429142
adult_control_1,0,0.13451885794605628
adult_control_1,0,0.1458932512853058
adult_control_1,0,0.10408220012959542
adult_control_1,0,0.29868513828932364
adult_control_1,0,0.40894675457695195
adult_control_1,0,0.34797406137157966
adult_control_1,0,0.4637921877652121
adult_control_1,0,0.35296485196166877
adult_control_1,0,0.33806458575452375
adult_control_1,0,0.10420675371227316
adult_control_1,0,0.03739668664721854
adult_control_1,0,0.05240107808321644
adult_control_1,0,0.0795611876945094
adult_control_1,0,0.18348399236524868
adult_control_1,0,0.5510843029791659
adult_control_1,0,0.26287921757023436
adult_control_1,0,0.8019507181401059
adult_control_1,0,0.3096039837982182
adult_control_1,0,0.07017749458448173
adult_control_1,0,0.16727156555505157
adult_control_1,0,0.10285739738484306
adult_control_1,0,0.16668309347455254
adult_control_1,0,0.4996349762388501
adult_control_1,0,0.6834169034481382
adult_control_1,0,0.3314507365275625
adult_control_1,0,0.22207938866571716
adult_control_1,0,0.588672501836411
adult_control_1,0,0.5612536805669853
adult_control_1,0,0.04358124898773623
adult_control_1,0,0.0638596242618874
adult_control_1,0,0.0640499716905354
adult_control_1,0,0.2550495794790214
adult_control_1,0,0.047688030223230565
adult_control_1,0,0.015515363044539992
adult_control_1,0,0.030245752529899264
adult_control_1,0,0.027276106906395793
adult_control_1,0,0.020012191066184723
adult_control_1,0,0.007980114127622034
adult_control_1,0,0.17197503050145294
adult_control_1,0,0.3457365685635826
adult_control_1,0,0.3716492146389257
adult_control_1,0,0.19969210671352994
adult_control_1,0,0.2650245656403251
adult_control_1,0,0.10546499179387525
adult_control_1,0,0.05516319735282554
adult_control_1,0,0.29880379739035084
adult_control_1,0,0.5544635927466296
adult_control_1,0,0.042888310126489713
adult_control_1,0,0.5202492259578277
adult_control_2,0,0.012269856252629604
adult_control_2,0,0.00219264825230281
adult_control_2,0,0.006505491519055183
adult_control_2,0,0.02376518861650832
adult_control_2,0,0.0042715886197977546
adult_control_2,0,0.008612076180308332
adult_control_2,0,0.00875087440848024
adult_control_2,0,0.03036761754389043
adult_control_2,0,0.026844354879116877
adult_control_2,0,0.051708405960368325
adult_control_2,0,0.07163869511997327
adult_control_2,0,0.021802833577653637
adult_control_2,0,0.031110171524445045
adult_control_2,0,0.0032554103799144964
adult_control_2,0,0.023118116379277746
adult_control_2,0,0.0606396979968596
adult_control_2,0,0.02009662136865059
adult_control_2,0,0.07014823285140274
adult_control_2,0,0.030625894978090026
adult_control_2,0,0.008522957225333763
adult_control_2,0,0.13224852518010102
adult_control_2,0,0.02272244663639317
adult_control_2,0,0.01613884386769525
adult_control_2,0,0.022644932861988418
adult_control_2,0,0.03361650397656444
adult_control_2,0,0.03724899068066066
adult_control_2,0,0.003590534065718183
adult_control_2,0,0.004280364861678234
adult_control_2,0,0.035298878087612146
adult_control_2,0,0.11666208011915259
adult_control_2,0,0.03501175776098771
adult_control_2,0,0.01867568413087804
adult_control_2,0,0.06402217531685109
adult_control_2,0,0.25564676577101114
adult_control_2,0,0.619970755608476
adult_control_2,0,0.04376868352391907
adult_control_2,0,0.06396306736301638
adult_control_2,0,0.10145820586198499
adult_control_2,0,0.05565032807672077
adult_control_2,0,0.07626798517985174
adult_control_2,0,0.06007154305605275
adult_control_2,0,0.061365630226901766
adult_control_2,0,0.046748307571730124
adult_control_2,0,0.3675376174172892
adult_control_2,0,0.0117905511201838
adult_control_2,0,0.07143905127549566
adult_control_2,0,0.026284612380695526
adult_control_2,0,0.0560925564474917
adult_control_2,0,0.016774792409599188
adult_control_2,0,0.14580479370876986
adult_control_2,0,0.43440471348962273
adult_control_2,0,0.013441172765596383
adult_control_2,0,0.005569224552949331
adult_control_2,0,0.23061749290972836
adult_control_2,0,0.2910623424056155
adult_control_2,0,0.020836148753900604
adult_control_2,0,0.0034689077075643836
adult_control_2,0,0.025247669817472316
adult_control_2,0,0.07211160360621341
adult_control_2,0,0.021871116573926822
adult_control_2,0,0.004971818635072118
adult_control_2,0,0.02553451064979768
adult_control_2,0,0.13066239169648047
adult_control_2,0,0.03753470367695419
adult_control_2,0,0.13543223468904353
adult_control_2,0,0.004524891853850309
adult_control_2,0,0.013673583035720728
adult_control_2,0,0.04791384611640072
adult_control_2,0,0.052850956340095206
adult_control_2,0,0.12998449850732263
adult_control_2,0,0.08222635908762424
adult_control_2,0,0.08214381043057348
adult_control_2,0,0.02116031024308886
adult_control_2,0,0.013217455795068883
adult_control_2,0,0.13824296026982236
adult_control_2,0,0.025996808107351572
adult_control_2,0,0.025976088318079217
adult_control_2,0,0.015177281647371825
adult_control_2,0,0.008518603994888447
adult_control_2,0,0.010506118269217365
adult_control_2,0,0.03374334882824911
adult_control_2,0,0.03402911837889232
adult_control_2,0,0.021499770089461287
adult_control_2,0,0.09841000413282823
adult_control_2,0,0.18145253482024923
adult_control_2,0,0.03462044883088346
adult_control_2,0,0.03645218111073799
adult_control_2,0,0.016610319850288064
adult_control_2,0,0.03221827161604302
adult_control_2,0,0.051375645392961126
adult_control_2,0,0.03814532532652798
adult_control_2,0,0.017303127752540563
adult_control_2,0,0.11061141394067009
adult_control_2,0,0.43876923572434884
adult_control_2,0,0.30457505992236755
adult_control_2,0,0.015233976603425264
adult_control_2,0,0.047707185628103776
adult_control_2,0,0.014920092358324625
adult_control_2,0,0.005804086654018895
adult_control_2,0,0.2879483202338655
adult_control_2,0,0.012744635042577288
adult_control_2,0,0.014519098499183484
adult_control_2,0,0.021538345656458905
adult_control_2,0,0.08024375741262543
adult_control_2,0,0.014327245822339319
adult_control_2,0,0.05721688871573447
adult_control_2,0,0.17703463852557982
adult_control_2,0,0.29731065113802563
adult_control_2,0,0.0188108287936416
adult_control_2,0,0.055510646961497434
adult_control_2,0,0.014607213010740291
adult_control_2,0,0.012353669156416655
adult_control_2,0,0.018580759860619647
adult_control_2,0,0.009881732718061576
adult_control_2,0,0.08556560555042092
adult_control_2,0,0.3214666283360342
adult_control_2,0,0.37973566076900334
adult_control_2,0,0.04610525802169527
adult_control_2,0,0.06147087544369881
adult_control_2,0,0.013415736550374665
adult_control_2,0,0.08134369157595656
adult_control_2,0,0.23713644620256438
adult_control_2,0,0.23931680189237187
adult_control_2,0,0.06299276694984486
adult_control_2,0,0.045136413863388965
adult_control_2,0,0.07098796709163376
adult_control_2,0,0.10311815053836534
adult_control_2,0,0.026302728006909862
adult_control_2,0,0.04302129979580566
adult_control_2,0,0.029856656393191388
adult_control_2,0,0.007094622366015852
adult_control_2,0,0.06619987803384879
adult_control_2,0,0.06770281950236404
adult_control_2,0,0.05250277880304705
adult_control_2,0,0.05913776877285654
adult_control_2,0,0.18104712142514107
adult_control_2,0,0.03445098845018495
adult_control_2,0,0.028290198828222396
adult_control_2,0,0.021237710398110152
adult_control_2,0,0.0019317673171191305
adult_control_2,0,0.010505776579704909
adult_control_2,0,0.04117826916385761
adult_control_2,0,0.10607224915911227
adult_control_2,0,0.007758863916702452
adult_control_2,0,0.02171937226961389
adult_control_2,0,0.015086592326652527
adult_control_2,0,0.03337735510250178
adult_control_2,0,0.009964991154134862
adult_control_2,0,0.003939548950409964
adult_control_2,0,0.022703479848856623
adult_control_2,0,0.12039168622652506
adult_control_2,0,0.14753140104459248
adult_control_2,0,0.15868441405354072
adult_control_2,0,0.05068015009835049
adult_control_2,0,0.17589017394934744
adult_control_2,0,0.038640655954060764
adult_control_2,0,0.014747205424538674
adult_control_2,0,0.05596126523979138
adult_control_2,0,0.13011700759680236
adult_control_2,0,0.7612590367142179
adult_control_2,0,0.026830158373334616
adult_control_2,0,0.009240620067391191
adult_control_2,0,0.0328775797938357
adult_control_2,0,0.016203004891825152
adult_control_2,0,0.15743103339828374
adult_control_2,0,0.481168585758838
adult_control_2,0,0.03429246834180947
adult_control_2,0,0.040716401642530986
adult_control_2,0,0.04969407925361519
adult_control_2,0,0.04279695754003934
adult_control_2,0,0.009124757555219352
adult_control_2,0,0.006318854956958134
adult_control_2,0,0.06573741832734861
adult_control_2,0,0.15240828853204053
adult_control_2,0,0.0761307522145049
adult_control_2,0,0.1954731300362053
adult_control_2,0,0.15725717340456713
adult_control_2,0,0.12205894177777622
adult_control_2,0,0.4307263826400741
adult_control_2,0,0.12153981175259022
adult_control_2,0,0.1589858160308887
adult_control_2,0,0.04441315513502629
adult_control_2,0,0.046341849485256444
adult_control_2,0,0.04198327791899174
adult_control_2,0,0.06288546515592913
adult_control_2,0,0.041921487311895225
adult_control_2,0,0.039647137799746816
adult_control_2,0,0.03557628338969042
adult_control_2,0,0.008418299173243693
adult_control_2,0,0.07763923744603846
adult_control_2,0,0.014078086145616548
adult_control_2,0,0.003598684035071906
adult_control_2,0,0.009995249027207118
adult_control_2,0,0.22280956051869244
adult_control_2,0,0.04554122361792354
adult_control_2,0,0.003121465955517631
adult_control_2,0,0.012816264295099952
adult_control_2,0,0.04393890344608834
adult_control_2,0,0.1983054208340446
adult_control_2,0,0.5363212652762619
adult_control_2,0,0.14427499464824797
adult_control_2,0,0.004280974049717982
adult_control_2,0,0.04983416730073615
adult_control_2,0,0.2145418618145735
adult_control_2,0,0.15570038183273105
adult_control_2,0,0.15827383205832748
adult_control_2,0,0.04026948136633604
adult_control_2,0,0.4329275247801177
adult_control_2,0,0.34612993211466675
adult_control_2,0,0.6012187651630919
adult_control_2,0,0.08969148665375457
adult_control_2,0,0.0661205177746612
adult_control_2,0,0.04600015794498694
adult_control_2,0,0.03476478344877482
adult_control_2,0,0.1340438044523127
adult_control_2,0,0.1041132428142101
adult_control_2,0,0.11876167871847934
adult_control_2,0,0.2233041732994204
adult_control_2,0,0.018006168999736064
adult_control_2,0,0.12645599463733057
adult_control_2,0,0.013524152777417121
adult_control_2,0,0.10810748359626376
adult_control_2,0,0.2960377360048723
adult_control_2,0,0.2412945776667102
adult_control_2,0,0.05377025276473737
adult_control_2,0,0.030407600508916107
adult_control_2,0,0.06979557694934259
adult_control_2,0,0.09240626643045259
adult_control_2,0,0.2854175847615907
adult_control_2,0,0.19357406227686436
adult_control_2,0,0.3766543239803515
adult_control_2,0,0.03175948692171413
adult_control_2,0,0.017530565309233526
adult_control_2,0,0.0356454924992777
adult_control_2,0,0.06776301902316435
adult_control_2,0,0.02922850791718401
adult_control_2,0,0.21167270089779044
adult_control_2,0,0.06260946699564988
adult_control_2,0,0.09756453069998644
adult_control_2,0,0.04332011718042904
adult_control_2,0,0.04932383707516656
adult_control_2,0,0.03148974735756278
adult_control_2,0,0.007192173900143804
adult_control_2,0,0.006630237978253138
adult_control_2,0,0.008006019938175716
adult_control_2,0,0.039166559938477556
adult_control_2,0,0.08185278422646705
adult_control_2,0,0.07478079904649701
adult_control_2,0,0.021069781596412256
adult_control_2,0,0.009964641029544034
adult_control_2,0,0.007973949741925666
adult_control_2,0,0.03909661972458684
adult_control_2,0,0.056822807533579184
adult_control_2,0,0.12801592735211412
adult_control_2,0,0.39995169831736066
adult_control_2,0,0.09699240716397337
adult_control_2,0,0.5303078878387986
adult_control_2,0,0.560189512068079
adult_control_2,0,0.26412325319364655
adult_control_2,0,0.5410426656572059
adult_control_2,0,0.5852074591715343
adult_control_2,0,0.03454794004428003
adult_control_2,0,0.02528092076066763
adult_control_2,0,0.0018549396669343278
adult_control_2,0,0.023321524204887298
adult_control_2,0,0.08243992004619882
adult_control_2,0,0.11764494256037057
adult_control_2,0,0.02001269718947471
adult_control_2,0,0.008971961381896584
adult_control_2,0,0.01499556768811606
adult_control_2,0,0.20172259098115677
adult_control_2,0,0.18948984019596876
adult_control_2,0,0.09883775785812837
adult_control_2,0,0.027975798571308545
adult_control_2,0,0.041508776360411115
adult_control_2,0,0.02346713841769763
adult_control_2,0,0.0029076771544383376
adult_control_2,0,0.0345922925629108
adult_control_2,0,0.059617369252678284
adult_control_2,0,0.005649453401569795
adult_control_2,0,0.02988489025273112
adult_control_2,0,0.10049905244866977
adult_control_2,0,0.010896436332063707
adult_control_2,0,0.02862070619826403
adult_control_2,0,0.3490773373255474
adult_control_2,0,0.1958292057877772
adult_control_2,0,0.03406339861509099
adult_control_2,0,0.3628874245803935
adult_control_2,0,0.17729794188377304
adult_control_2,0,0.0985125470480872
adult_control_2,0,0.15383296841899202
adult_control_2,0,0.0019943848329544538
adult_control_2,0,0.004216599485923579
adult_control_2,0,0.5489375397695431
adult_control_2,0,0.46082114414699965
adult_control_2,0,0.21583888944221735
adult_control_2,0,0.08004174909689096
adult_control_2,0,0.025335579110498635
adult_control_2,0,0.025708314644907377
adult_control_2,0,0.3619692597985971
adult_control_2,0,0.11694033493962415
adult_control_2,0,0.46124011146623717
adult_control_2,0,0.021668797975285543
adult_control_2,0,0.029863024829807225
adult_control_2,0,0.691425179739735
adult_control_2,0,0.6795534875860721
adult_control_2,0,0.332500155264029
adult_control_2,0,0.08660686012961082
adult_control_2,0,0.17423623506444325
adult_control_2,0,0.31731340785163537
adult_control_2,0,0.20079941370386792
adult_control_2,0,0.025854528546387732
adult_control_2,0,0.03232484069785332
adult_control_2,0,0.06617876756680403
adult_control_2,0,0.10339214174872112
adult_control_2,0,0.12748908502763504
adult_control_2,0,0.01572673430085416
adult_control_2,0,0.020473376579851453
adult_control_2,0,0.39283643762346676
adult_control_2,0,0.016025054002538227
adult_control_2,0,0.009003240433974076
adult_control_2,0,0.013124285220081574
adult_control_2,0,0.02892220160145142
adult_control_2,0,0.05704861552812481
adult_control_2,0,0.037144187293104224
adult_control_2,0,0.1801001145627903
adult_control_2,0,0.030317035580676655
adult_control_2,0,0.08170761602594263
adult_control_2,0,0.12862682639682366
adult_control_2,0,0.29568831791628486
adult_control_2,0,0.34580911977060264
adult_control_2,0,0.14698806926942448
adult_control_2,0,0.008358072816875492
adult_control_2,0,0.07532636900914054
adult_control_2,0,0.2734453022717314
adult_control_2,0,0.10901387986928074
adult_control_2,0,0.28228590529046843
adult_control_2,0,0.23173453253422277
adult_control_2,0,0.13624122147604065
adult_control_2,0,0.03667341537069094
adult_control_2,0,0.027548029290444573
adult_control_2,0,0.10061384596898804
adult_control_2,0,0.19848849821906672
adult_control_2,0,0.18220695969764233
adult_control_2,0,0.028235861852737954
adult_control_2,0,0.023311832945949792
adult_control_2,0,0.18063743248848782
adult_control_2,0,0.09959313786006471
adult_control_2,0,0.09044729145087813
adult_control_2,0,0.029652268858840147
adult_control_2,0,0.01582580286617013
adult_control_2,0,0.012419907783909662
adult_control_2,0,0.06150985134175951
adult_control_2,0,0.05428574215133213
adult_control_2,0,0.06803928545411765
adult_control_2,0,0.024822842980079585
adult_control_2,0,0.03782025122903504
adult_control_2,0,0.005321057582917851
adult_control_2,0,0.02729033095878667
adult_control_2,0,0.052874811668435565
adult_control_2,0,0.10103773725247016
adult_control_2,0,0.05627106832739436
adult_control_2,0,0.02050870879607231
adult_control_2,0,0.012497035237861512
adult_control_2,0,0.012378250867823761
adult_control_2,0,0.007667461432117581
adult_control_2,0,0.012836391007224715
adult_control_2,0,0.11323859765229827
adult_control_2,0,0.04101402461560978
adult_control_2,0,0.0038089232909883394
adult_control_2,0,0.002925090715927964
adult_control_2,0,0.19334634136646217
adult_control_2,0,0.5985712857907637
adult_control_2,0,0.3344425058518735
adult_control_2,0,0.22687218297766754
adult_control_2,0,0.05167637371816443
adult_control_2,0,0.10079467824700178
adult_control_2,0,0.24636963232001802
adult_control_2,0,0.2199963308290209
adult_control_2,0,0.0642512291886163
adult_control_2,0,0.19393245288362992
adult_control_2,0,0.16254381073712001
adult_control_2,0,0.5154841343460268
adult_control_2,0,0.08445692906008492
adult_control_2,0,0.011491417004391791
adult_control_2,0,0.18785610668568145
adult_control_2,0,0.05474204509500866
adult_control_2,0,0.0356821917207111
adult_control_2,0,0.06271553829400077
adult_control_2,0,0.2290024481932506
adult_control_2,0,0.041244050223078796
adult_control_2,0,0.2993466486010789
adult_control_2,0,0.10828624999117356
adult_control_2,0,0.01629995965570405
adult_control_2,0,0.009577436331740559
adult_control_2,0,0.044878190690985094
adult_control_2,0,0.23014692058853253
adult_control_2,0,0.0728805907722191
adult_control_2,0,0.21680381633625967
adult_control_2,0,0.7900031931465257
adult_control_2,0,0.34153144657622436
adult_control_2,0,0.08810977539294168
adult_control_2,0,0.1478664300824232
adult_control_2,0,0.409792209627366
adult_control_2,0,0.6745759431118068
adult_control_2,0,0.43163580400760515
adult_control_2,0,0.13832216018570503
adult_control_2,0,0.07734992457068139
adult_control_2,0,0.07091549690787945
adult_control_2,0,0.6540511507936949
adult_control_2,0,0.13447010138841287
adult_control_2,0,0.16197071286950313
adult_control_2,0,0.08927675418809221
adult_control_2,0,0.04910602633393615
adult_control_2,0,0.004821063654552103
adult_control_2,0,0.009194144892319053
adult_control_2,0,0.017064770955361505
adult_control_2,0,0.03426087154125368
adult_control_2,0,0.042938145906383514
adult_control_2,0,0.023418043663516647
adult_control_2,0,0.0392492737329925
adult_control_2,0,0.009614362186303535
adult_control_2,0,0.014930151801477427
adult_control_2,0,0.32005646726464215
adult_control_2,0,0.19455297265596302
adult_control_2,0,0.03815882213678157
adult_control_2,0,0.12228836219617491
adult_control_2,0,0.014757326210762622
adult_control_2,0,0.018534110652431726
adult_control_2,0,0.003405526966033723
adult_control_2,0,0.030138338306507636
adult_control_2,0,0.11523737928024244
adult_control_2,0,0.00547389175344305
adult_control_2,0,0.017849165107783203
adult_control_2,0,0.009050382044030145
adult_control_2,0,0.04750851840599349
adult_control_2,0,0.31790559497043996
adult_control_2,0,0.22135653519857643
adult_control_2,0,0.06777342212470343
adult_control_2,0,0.015847927979847826
adult_control_2,0,0.021618442190998424
adult_control_2,0,0.2418814083000729
adult_control_2,0,0.330931101343475
adult_control_2,0,0.06584203806138889
adult_control_2,0,0.025710885584624414
adult_control_2,0,0.012851347453937468
adult_control_2,0,0.015201014564418162
adult_control_2,0,0.013891356655496612
adult_control_2,0,0.020211086551118387
adult_control_2,0,0.015064060038333625
adult_control_2,0,0.10055847927958705
adult_control_2,0,0.2044729970624676
adult_control_2,0,0.1691108603607321
adult_control_2,0,0.07944813402815336
adult_control_2,0,0.1767435805262524
adult_control_2,0,0.5914509381366669
adult_control_2,0,0.04725706596082043
adult_control_2,0,0.01240875368775603
adult_control_2,0,0.026631790810151424
adult_control_2,0,0.015887360877375065
adult_control_2,0,0.008285317419991783
adult_control_2,0,0.10559013645791528
adult_control_2,0,0.19273439620038887
adult_control_2,0,0.2518729521312324
adult_control_2,0,0.07879914878216643
adult_control_2,0,0.026362501618447536
adult_control_2,0,0.6484456004114696
adult_control_2,0,0.08116782784286648
adult_control_2,0,0.16024420123369207
adult_control_2,0,0.10850024228383971
adult_control_2,0,0.02788827439884888
adult_control_2,0,0.05936570055487653
adult_control_2,0,0.0900070109020368
adult_control_2,0,0.19216193575813073
adult_control_2,0,0.14356782100685636
adult_control_2,0,0.25472175181489315
adult_control_2,0,0.016448351638593116
adult_control_2,0,0.3004681111772703
adult_control_2,0,0.7011634433745584
adult_control_2,0,0.7150217835198712
adult_control_2,0,0.13468956106355257
adult_control_2,0,0.17425290555609318
adult_control_2,0,0.11363037285974174
adult_control_2,0,0.12514465152048726
adult_control_2,0,0.04235812310425242
adult_control_2,0,0.05729657199736358
adult_control_2,0,0.19159119465274627
adult_control_2,0,0.12297520364067867
adult_control_2,0,0.6841993835098938
adult_control_2,0,0.5626067384329747
adult_control_2,0,0.7258594094972988
adult_control_2,0,0.8663470506525311
adult_control_2,0,0.2672535510264575
adult_control_2,0,0.5429554615911731
adult_control_2,0,0.8594275877962265
adult_control_2,0,0.6872866813523333
adult_control_2,0,0.5624744928498615
adult_control_2,0,0.4571420749825933
adult_control_2,0,0.03282152958442692
adult_control_2,0,0.01644238977167294
adult_control_2,0,0.06260344907106836
adult_control_2,0,0.2732206852101911
adult_control_2,0,0.14492786780384795
adult_control_2,0,0.05852482523960757
adult_control_2,0,0.18468527141093483
adult_control_2,0,0.6000647162535719
adult_control_2,0,0.6364567413400847
adult_control_2,0,0.04514661767177394
adult_control_2,0,0.10032307718121503
adult_control_2,0,0.2214796020957259
adult_control_2,0,0.1385949674878798
adult_control_2,0,0.08655248372033399
adult_control_2,0,0.0928434240206564
adult_control_2,0,0.13656938136668947
adult_control_2,0,0.8496808508630482
adult_control_2,0,0.9118647050871026
adult_control_2,0,0.2560993841529946
adult_control_2,0,0.41449302942241706
adult_control_2,0,0.26347256220044685
adult_control_2,0,0.5382214549273951
adult_control_2,0,0.16516793201522348
adult_control_2,0,0.05391218606609549
adult_control_2,0,0.1129288333002162
adult_control_2,0,0.12689415275831364
adult_control_2,0,0.046353545656771175
adult_control_2,0,0.4567219446584591
adult_control_2,0,0.3682753271431962
adult_control_2,0,0.206337113486432
adult_control_2,0,0.3915773138320861
adult_control_2,0,0.6502233380285227
adult_control_2,0,0.607409655287278
adult_control_2,0,0.1826684878268277
adult_control_2,0,0.03854502549172601
adult_control_2,0,0.1250902858983541
adult_control_2,0,0.11609735380852902
adult_control_2,0,0.47250104932663084
adult_control_2,0,0.20708345001988576
adult_control_2,0,0.14712224628753373
adult_control_2,0,0.48178677824076155
adult_control_2,0,0.05125818112487897
adult_control_2,0,0.049347359334741325
adult_control_2,0,0.05449854974626548
adult_control_2,0,0.19467915294346846
adult_control_2,0,0.022784926474736438
adult_control_2,0,0.059813197259700496
adult_control_2,0,0.05820726703133405
adult_control_2,0,0.008000886924966907
adult_control_2,0,0.00931865696954538
adult_control_2,0,0.024407600608597185
adult_control_2,0,0.3884782405361731
adult_control_2,0,0.36242140901697717
adult_control_2,0,0.44160770482095824
adult_control_2,0,0.8149324083910147
adult_control_2,0,0.24112306880568468
adult_control_2,0,0.06843244371451089
adult_control_2,0,0.4099153567416899
adult_control_2,0,0.04873765282207328
adult_control_2,0,0.3958269029789482
adult_control_2,0,0.16295619499822103
adult_control_2,0,0.038694621581481126
adult_control_2,0,0.22516480394819557
adult_control_2,0,0.005865208328875286
adult_control_2,0,0.09445695791007752
adult_control_2,0,0.044376507597707365
adult_control_2,0,0.061776619392366464
adult_control_2,0,0.6105850323562774
adult_control_2,0,0.4987175702058265
adult_control_2,0,0.6727599631903087
adult_control_2,0,0.4826310371559846
adult_control_2,0,0.20354779113792315
adult_control_2,0,0.3332358551101209
adult_control_2,0,0.575147675978928
adult_control_2,0,0.522218322981572
adult_control_2,0,0.10438929938753543
adult_control_2,0,0.029545658165536677
adult_control_2,0,0.038635080758427295
adult_control_2,0,0.07534522023407751
adult_control_2,0,0.7451968349216298
adult_control_2,0,0.05526326052643964
adult_control_2,0,0.03232424232013973
adult_control_2,0,0.09145028849165387
adult_control_2,0,0.045562567942406734
adult_control_2,0,0.46927486660921847
adult_control_2,0,0.35671095021451643
adult_control_2,0,0.14564389401535321
adult_control_2,0,0.02920258687601661
adult_control_2,0,0.2907727027014176
adult_control_2,0,0.05350726489075706
adult_control_2,0,0.003780794763587846
adult_control_2,0,0.04007196246304362
adult_control_2,0,0.10615236385634727
adult_control_2,0,0.006649919984666898
adult_control_2,0,0.004832017204447867
adult_control_2,0,0.038427414101633806
adult_control_2,0,0.2106545102480392
adult_control_2,0,0.06967506152017276
adult_control_2,0,0.029503975264243865
adult_control_2,0,0.05242462694804153
adult_control_2,0,0.05556450065704038
adult_control_2,0,0.031900822568027544
adult_control_2,0,0.020829580348040545
adult_control_2,0,0.008511256681703128
adult_control_2,0,0.0865307867334191
adult_control_2,0,0.023862168778902442
adult_control_2,0,0.04991576398844794
adult_control_2,0,0.018694169702036346
adult_control_2,0,0.0800093482245858
adult_control_2,0,0.02666588154633005
adult_control_2,0,0.029614151155431416
adult_control_2,0,0.005903102037562112
adult_control_2,0,0.009389099738810993
adult_control_2,0,0.006483353197076809
adult_control_2,0,0.003953718191164786
adult_control_2,0,0.039086985758303945
adult_control_2,0,0.010285053854203278
adult_control_2,0,0.011610728559987411
adult_control_2,0,0.06525357028861019
adult_control_2,0,0.056944808503103045
adult_control_2,0,0.23941516357572584
adult_control_2,0,0.29901713078779235
adult_control_3,0,0.2836028527048893
adult_control_3,0,0.09606510574738138
adult_control_3,0,0.05345184254927583
adult_control_3,0,0.09588919068274904
adult_control_3,0,0.0575039375549254
adult_control_3,0,0.08023068659052697
adult_control_3,0,0.07738676811431836
adult_control_3,0,0.025464370844657767
adult_control_3,0,0.007105693154410885
adult_control_3,0,0.023653021884311863
adult_control_3,0,0.1868542321646767
adult_control_3,0,0.08754777192864675
adult_control_3,0,0.1901023149088904
adult_control_3,0,0.0888842613585674
adult_control_3,0,0.03657022187379575
adult_control_3,0,0.20611417478990446
adult_control_3,0,0.18052920942879658
adult_control_3,0,0.08478255709528684
adult_control_3,0,0.12964227029030534
adult_control_3,0,0.22370718869865977
adult_control_3,0,0.15174621561724702
adult_control_3,0,0.02508354917499016
adult_control_3,0,0.05136347268085898
adult_control_3,0,0.016221745126108553
adult_control_3,0,0.027724498162203938
adult_control_3,0,0.1687785280676498
adult_control_3,0,0.16027423889883172
adult_control_3,0,0.08106584346189773
adult_control_3,0,0.25668748122246043
adult_control_3,0,0.13762988413961114
adult_control_3,0,0.1174280937906235
adult_control_3,0,0.039477357887288275
adult_control_3,0,0.11333307779843854
adult_control_3,0,0.3211220707209029
adult_control_3,0,0.16776381118458875
adult_control_3,0,0.040522652418166466
adult_control_3,0,0.15563290048772113
adult_control_3,0,0.16584353206511546
adult_control_3,0,0.12772596031385527
adult_control_3,0,0.018644407475768617
adult_control_3,0,0.06297578226103555
adult_control_3,0,0.26841181548090165
adult_control_3,0,0.4315510470691868
adult_control_3,0,0.1764510375476496
adult_control_3,0,0.18173914458007162
adult_control_3,0,0.13704361448546135
adult_control_3,0,0.08456349897212506
adult_control_3,0,0.16162650544271967
adult_control_3,0,0.23600988500319092
adult_control_3,0,0.23469738506530596
adult_control_3,0,0.08979928642808008
adult_control_3,0,0.15966577189977327
adult_control_3,0,0.19057300938074095
adult_control_3,0,0.043814693496726204
adult_control_3,0,0.07516751934802055
adult_control_3,0,0.02892725580379334
adult_control_3,0,0.03692941896389668
adult_control_3,0,0.16066125419906319
adult_control_3,0,0.18681471611030523
adult_control_3,0,0.03616807811434407
adult_control_3,0,0.5836774748341929
adult_control_3,0,0.2824979622480498
adult_control_3,0,0.12777962641597354
adult_control_3,0,0.2644154988039567
adult_control_3,0,0.019386819724340535
adult_control_3,0,0.11623956728430494
adult_control_3,0,0.12041644759460166
adult_control_3,0,0.07611683711175765
adult_control_3,0,0.027922222927009844
adult_control_3,0,0.01328786368315791
adult_control_3,0,0.07014918432945866
adult_control_3,0,0.19509377824496202
adult_control_3,0,0.13092927339368646
adult_control_3,0,0.03886171792098901
adult_control_3,0,0.13863153036457318
adult_control_3,0,0.17377463172669116
adult_control_3,0,0.12206837953895076
adult_control_3,0,0.0025162752752798897
adult_control_3,0,0.12501725053383553
adult_control_3,0,0.23162295891488952
adult_control_3,0,0.18800831458685918
adult_control_3,0,0.022223815141718384
adult_control_3,0,0.01681201526798071
adult_control_3,0,0.09061524983702196
adult_control_3,0,0.3211306999533836
adult_control_3,0,0.05342154530798477
adult_control_3,0,0.07524819259328684
adult_control_3,0,0.43143017666268524
adult_control_3,0,0.0385706159906347
adult_control_3,0,0.02742640705494115
adult_control_3,0,0.030820813023845737
adult_control_3,0,0.036567683628913134
adult_control_3,0,0.12218484481034703
adult_control_3,0,0.253519001971861
adult_control_3,0,0.17683490457079634
adult_control_3,0,0.0935698726866174
adult_control_3,0,0.07432160802555586
adult_control_3,0,0.04069892567777105
adult_control_3,0,0.05568741037044411
adult_control_3,0,0.09442973951700481
adult_control_3,0,0.18392603880106664
adult_control_3,0,0.028177951891445074
adult_control_3,0,0.02796085910136441
adult_control_3,0,0.19164140068188212
adult_control_3,0,0.10827103217297984
adult_control_3,0,0.05761870258635558
adult_control_3,0,0.13251505955379425
adult_control_3,0,0.08782757893678012
adult_control_3,0,0.06569914907230635
adult_control_3,0,0.27569830328292105
adult_control_3,0,0.3019258798978431
adult_control_3,0,0.10900659145722284
adult_control_3,0,0.14697596543193928
adult_control_3,0,0.12194187283587508
adult_control_3,0,0.037716876411604296
adult_control_3,0,0.2532131641070265
adult_control_3,0,0.18177454474740373
adult_control_3,0,0.10083100588753705
adult_control_3,0,0.12318370017469893
adult_control_3,0,0.08206990043567239
adult_control_3,0,0.01315674016695801
adult_control_3,0,0.21482262021382947
adult_control_3,0,0.2834547407145959
adult_control_3,0,0.18725842141532564
adult_control_3,0,0.21776612272343826
adult_control_3,0,0.023140644399697288
adult_control_3,0,0.016506241843129297
adult_control_3,0,0.008686458586546613
adult_control_3,0,0.036547147723741145
adult_control_3,0,0.03973501770693425
adult_control_3,0,0.1728644310092072
adult_control_3,0,0.03109642516407261
adult_control_3,0,0.019669396273695135
adult_control_3,0,0.15011998027319934
adult_control_3,0,0.1461035403675907
adult_control_3,0,0.041928118917982767
adult_control_3,0,0.0862137724963229
adult_control_3,0,0.02595598742659272
adult_control_3,0,0.05666619235717581
adult_control_3,0,0.11119114536289346
adult_control_3,0,0.0976894254341094
adult_control_3,0,0.06506297767167195
adult_control_3,0,0.07930005154321806
adult_control_3,0,0.10383043240029782
adult_control_3,0,0.1364636569086848
adult_control_3,0,0.05830680981332463
adult_control_3,0,0.09234373213428065
adult_control_3,0,0.1079532817493984
adult_control_3,0,0.2035979760397243
adult_control_3,0,0.12565884937542943
adult_control_3,0,0.12589248762245092
adult_control_3,0,0.07778020259036177
adult_control_3,0,0.2605346119310757
adult_control_3,0,0.09761750280432935
adult_control_3,0,0.07986714886532814
adult_control_3,0,0.014121146704182123
adult_control_3,0,0.020489860926170403
adult_control_3,0,0.032602094403622925
adult_control_3,0,0.16737248854095102
adult_control_3,0,0.10004649753880272
adult_control_3,0,0.021565573806405162
adult_control_3,0,0.01567219714626728
adult_control_3,0,0.1193035336676698
adult_control_3,0,0.04185196899763597
adult_control_3,0,0.12305940802342749
adult_control_3,0,0.6270469051165439
adult_control_3,0,0.08856925931741347
adult_control_3,0,0.042497977978166915
adult_control_3,0,0.1668785935059236
adult_control_3,0,0.22236491135789388
adult_control_3,0,0.0940365829808954
adult_control_3,0,0.030838327130009762
adult_control_3,0,0.0705254302174477
adult_control_3,0,0.013420511513081315
adult_control_3,0,0.015375599877692521
adult_control_3,0,0.021323931926832025
adult_control_3,0,0.06700767702339282
adult_control_3,0,0.06665579766914084
adult_control_3,0,0.042469310999490716
adult_control_3,0,0.02025641438355378
adult_control_3,0,0.04516968033923945
adult_control_3,0,0.1139876701487324
adult_control_3,0,0.1852721270819111
adult_control_3,0,0.4071535317938699
adult_control_3,0,0.08917359057096791
adult_control_3,0,0.01629822987370893
adult_control_3,0,0.06880224652353001
adult_control_3,0,0.16776452342695808
adult_control_3,0,0.04673800939416238
adult_control_3,0,0.13335573785462734
adult_control_3,0,0.053620651493003456
adult_control_3,0,0.2515714238142296
adult_control_3,0,0.13241664297391265
adult_control_3,0,0.23046909207105945
adult_control_3,0,0.02058489268480149
adult_control_3,0,0.0048997848016271136
adult_control_3,0,0.03250800134387374
adult_control_3,0,0.27174321681705293
adult_control_3,0,0.07733936974522292
adult_control_3,0,0.07824492542692199
adult_control_3,0,0.11269322315800526
adult_control_3,0,0.0437185938557092
adult_control_3,0,0.09757119267131933
adult_control_3,0,0.03077201113491752
adult_control_3,0,0.06236069121258962
adult_control_3,0,0.03485772088016667
adult_control_3,0,0.13352565297671673
adult_control_3,0,0.3214623882559601
adult_control_3,0,0.06844926888538487
adult_control_3,0,0.03673942630431997
adult_control_3,0,0.01458418317991235
adult_control_3,0,0.028070853890592645
adult_control_3,0,0.183289303798519
adult_control_3,0,0.16164530775081754
adult_control_3,0,0.033168031865001
adult_control_3,0,0.027026074876515024
adult_control_3,0,0.22226483177118317
adult_control_3,0,0.2565085315040773
adult_control_3,0,0.33830100398674123
adult_control_3,0,0.6804887333835892
adult_control_3,0,0.30974491858433817
adult_control_3,0,0.5051450649450395
adult_control_3,0,0.025895943270163497
adult_control_3,0,0.02578349862582969
adult_control_3,0,0.1771106181474643
adult_control_3,0,0.22578161188322252
adult_control_3,0,0.23403875997739912
adult_control_3,0,0.056777685587318535
adult_control_3,0,0.05078305704974055
adult_control_3,0,0.3587316959800245
adult_control_3,0,0.2014046676765793
adult_control_3,0,0.45132708777506103
adult_control_3,0,0.7345373249485984
adult_control_3,0,0.05307677803033682
adult_control_3,0,0.03780171624141575
adult_control_3,0,0.09526757484410195
adult_control_3,0,0.10751480258419821
adult_control_3,0,0.2780837527729233
adult_control_3,0,0.17244417042279128
adult_control_3,0,0.10438241020577761
adult_control_3,0,0.30966360084011163
adult_control_3,0,0.20587849824203358
adult_control_3,0,0.1991346850071592
adult_control_3,0,0.02423780695286923
adult_control_3,0,0.0202543790060779
adult_control_3,0,0.12431238202415565
adult_control_3,0,0.06307933855116613
adult_control_3,0,0.18865970636566334
adult_control_3,0,0.19154046555608914
adult_control_3,0,0.16109746707616135
adult_control_3,0,0.14275865227203163
adult_control_3,0,0.11830667008644924
adult_control_3,0,0.4054201086334315
adult_control_3,0,0.09781920417017313
adult_control_3,0,0.09519837840690126
adult_control_3,0,0.034977487941359825
adult_control_3,0,0.01056646485097378
adult_control_3,0,0.1256478101511362
adult_control_3,0,0.19704821013695784
adult_control_3,0,0.11906664081294145
adult_control_3,0,0.2762131044636727
adult_control_3,0,0.2356874740841382
adult_control_3,0,0.11332123137921829
adult_control_3,0,0.06224478880695668
adult_control_3,0,0.07468506527193133
adult_control_3,0,0.04745997827768517
adult_control_3,0,0.0802381812052977
adult_control_3,0,0.13515669540791375
adult_control_3,0,0.186213398082579
adult_control_3,0,0.03112311998174411
adult_control_3,0,0.06295139064614753
adult_control_3,0,0.30864184059955163
adult_control_3,0,0.10094286274964118
adult_control_3,0,0.04609588842252955
adult_control_3,0,0.07552925477376952
adult_control_3,0,0.08909858960968255
adult_control_3,0,0.18518990314069178
adult_control_3,0,0.11520227264473033
adult_control_3,0,0.12915920634722278
adult_control_3,0,0.20339103164469474
adult_control_3,0,0.050929996491672944
adult_control_3,0,0.018680390104815064
adult_control_3,0,0.14367609876786738
adult_control_3,0,0.10724694421793794
adult_control_3,0,0.03831328527002973
adult_control_3,0,0.11527451032965975
adult_control_3,0,0.17732418059569563
adult_control_3,0,0.1817631667379062
adult_control_3,0,0.09740997468175619
adult_control_3,0,0.035370330790815085
adult_control_3,0,0.05833252227181536
adult_control_3,0,0.07981410779659351
adult_control_3,0,0.01070955909567125
adult_control_3,0,0.05312261104600615
adult_control_3,0,0.3137607278940162
adult_control_3,0,0.4103355715832062
adult_control_3,0,0.036357493260668436
adult_control_3,0,0.06373718508508998
adult_control_3,0,0.5647200767019839
adult_control_3,0,0.3341235305528268
adult_control_3,0,0.19202015334962624
adult_control_3,0,0.2077317249293991
adult_control_3,0,0.3686553629635705
adult_control_3,0,0.10288317595967016
adult_control_3,0,0.24551364746548113
adult_control_3,0,0.04018253197943296
adult_control_3,0,0.004543755005758444
adult_control_3,0,0.005501522105786847
adult_control_3,0,0.04190769816808021
adult_control_3,0,0.15120418035496266
adult_control_3,0,0.5034929800035577
adult_control_3,0,0.3128731015015648
adult_control_3,0,0.12202210133360435
adult_control_3,0,0.027486395263604236
adult_control_3,0,0.010435588791437501
adult_control_3,0,0.06947411459975239
adult_control_3,0,0.1519683635595027
adult_control_3,0,0.1121594133736984
adult_control_3,0,0.07707079249895352
adult_control_3,0,0.09374168914664224
adult_control_3,0,0.32819481488122604
adult_control_3,0,0.21925342347583682
adult_control_3,0,0.05278753203859807
adult_control_3,0,0.04054614230548422
adult_control_3,0,0.05773048138729014
adult_control_3,0,0.030345878459141242
adult_control_3,0,0.1245542354127372
adult_control_3,0,0.19503485837382153
adult_control_3,0,0.06882954185822428
adult_control_3,0,0.08734387173178053
adult_control_3,0,0.20210824551612971
adult_control_3,0,0.15787548152607248
adult_control_3,0,0.05854545355922688
adult_control_3,0,0.05723210246936509
adult_control_3,0,0.06033523649561847
adult_control_3,0,0.02371762625145832
adult_control_3,0,0.26596455683700665
adult_control_3,0,0.06866041079662026
adult_control_3,0,0.01280439033733955
adult_control_3,0,0.020807935012971384
adult_control_3,0,0.06928429348896752
adult_control_3,0,0.010476762684192403
adult_control_3,0,0.0030495936205154734
adult_control_3,0,0.006595266556097534
adult_control_3,0,0.01330256648718826
adult_control_3,0,0.07930142991283136
adult_control_3,0,0.32229942205670237
adult_control_3,0,0.25750037313293056
adult_control_3,0,0.1398295701781194
adult_control_3,0,0.04863028874095712
adult_control_3,0,0.08254627478763617
adult_control_3,0,0.06358595197097582
adult_control_3,0,0.047979250816412945
adult_control_3,0,0.05986712429346395
adult_control_3,0,0.157131500710381
adult_control_3,0,0.12018882841306017
adult_control_3,0,0.1255959048675199
adult_control_3,0,0.33514582213004596
adult_control_3,0,0.3102452228986853
adult_control_3,0,0.007115272311215114
adult_control_3,0,0.010241204246888506
adult_control_3,0,0.14697120975307262
adult_control_3,0,0.08743483338989343
adult_control_3,0,0.17515350011918102
adult_control_3,0,0.139398450249858
adult_control_3,0,0.2119756653874047
adult_control_3,0,0.23446721382028965
adult_control_3,0,0.054563866587089005
adult_control_3,0,0.009225922145344248
adult_control_3,0,0.02253458107220934
adult_control_3,0,0.12293271947205302
adult_control_3,0,0.0661108755075879
adult_control_3,0,0.07834408637960788
adult_control_3,0,0.13649356851737562
adult_control_3,0,0.5168799703114706
adult_control_3,0,0.5391263856438905
adult_control_3,0,0.15961054658963914
adult_control_3,0,0.05775491241884758
adult_control_3,0,0.0585648548676112
adult_control_3,0,0.11434068753390075
adult_control_3,0,0.029700248669085515
adult_control_3,0,0.40787286884446816
adult_control_3,0,0.36437127412787756
adult_control_3,0,0.5529506827450545
adult_control_3,0,0.432094899980238
adult_control_3,0,0.3658137326968658
adult_control_3,0,0.2185039809831888
adult_control_3,0,0.009538370568896146
adult_control_3,0,0.02522784004675271
adult_control_3,0,0.15233442478363948
adult_control_3,0,0.6293394962686196
adult_control_3,0,0.23495361432771258
adult_control_3,0,0.29164284727564843
adult_control_3,0,0.17985463590831935
adult_control_3,0,0.13529660365860008
adult_control_3,0,0.18947343664339075
adult_control_3,0,0.2144054266376771
adult_control_3,0,0.11900132324009464
adult_control_3,0,0.08318202214122684
adult_control_3,0,0.08569782369460732
adult_control_3,0,0.04063296625802581
adult_control_3,0,0.12732394075213838
adult_control_3,0,0.17591281142725254
adult_control_3,0,0.02657509141448605
adult_control_3,0,0.009589476416356633
adult_control_3,0,0.14018128504630922
adult_control_3,0,0.2914941250989839
adult_control_3,0,0.2659009126950764
adult_control_3,0,0.037799360921112274
adult_control_3,0,0.02391273549170923
adult_control_3,0,0.0802863273386491
adult_control_3,0,0.03595483218478089
adult_control_3,0,0.020330666140672755
adult_control_3,0,0.0739821298887962
adult_control_3,0,0.21949124992117727
adult_control_3,0,0.01632487486317016
adult_control_3,0,0.08580588380787962
adult_control_3,0,0.060279733883662215
adult_control_3,0,0.05322054999383509
adult_control_3,0,0.1139712973979177
adult_control_3,0,0.09900097920354319
adult_control_3,0,0.24268063302560597
adult_control_3,0,0.12748535250268975
adult_control_3,0,0.2284309076246901
adult_control_3,0,0.08544814987704548
adult_control_3,0,0.2981532506806205
adult_control_3,0,0.01901704050673601
adult_control_3,0,0.015677493654766336
adult_control_3,0,0.06076972060798887
adult_control_3,0,0.13848628035403168
adult_control_3,0,0.07734541886625944
adult_control_3,0,0.04125455462284998
adult_control_3,0,0.021673327870221595
adult_control_3,0,0.012783630327061438
adult_control_3,0,0.10964153872211499
adult_control_3,0,0.10842340896829249
adult_control_3,0,0.08693778190015468
adult_control_3,0,0.049266168889066805
adult_control_3,0,0.18967309201143204
adult_control_3,0,0.20816066007609477
adult_control_3,0,0.08812579722550604
adult_control_3,0,0.44951469602399796
adult_control_3,0,0.046720212018599445
adult_control_3,0,0.02463170616512719
adult_control_3,0,0.151244256451561
adult_control_3,0,0.20643367170748136
adult_control_3,0,0.14758023747060234
adult_control_3,0,0.054439713897625086
adult_control_3,0,0.07766766761466022
adult_control_3,0,0.03688479013858199
adult_control_3,0,0.062406837302007974
adult_control_3,0,0.12711506764691385
adult_control_3,0,0.0927026330190049
adult_control_3,0,0.14556252067560246
adult_control_3,0,0.22310853647264003
adult_control_3,0,0.11413120664393758
adult_control_3,0,0.48559924425561113
adult_control_3,0,0.20120142140080502
adult_control_3,0,0.0959656331804526
adult_control_3,0,0.14907745386403776
adult_control_3,0,0.0654061592974642
adult_control_3,0,0.019078612395495808
adult_control_3,0,0.0995833847654921
adult_control_3,0,0.45509277309699775
adult_control_3,0,0.26139936845515294
adult_control_3,0,0.2771245237771856
adult_control_3,0,0.2876919842643927
adult_control_3,0,0.3189599216038139
adult_control_3,0,0.33968092580310294
adult_control_3,0,0.14278669729822938
adult_control_3,0,0.03134204054335694
adult_control_3,0,0.12571159284717298
adult_control_3,0,0.47957860761003546
adult_control_3,0,0.5133641292814147
adult_control_3,0,0.8461455589859643
adult_control_3,0,0.08366639572516837
adult_control_3,0,0.01393295421653565
adult_control_3,0,0.17806138939320332
adult_control_3,0,0.2416424618423547
adult_control_3,0,0.2639802517386709
adult_control_3,0,0.38888274140749773
adult_control_3,0,0.027775711356294044
adult_control_3,0,0.09803586852209793
adult_control_3,0,0.09994708197561425
adult_control_3,0,0.19581132497667927
adult_control_3,0,0.01636393761355093
adult_control_3,0,0.1536892181616177
adult_control_3,0,0.3892676230508077
adult_control_3,0,0.19308431992246283
adult_control_3,0,0.04659781024195371
adult_control_3,0,0.051562752796039425
adult_control_3,0,0.371079246185683
adult_control_3,0,0.08647182361477217
adult_control_3,0,0.028233824822501554
adult_control_3,0,0.011747195157812949
adult_control_3,0,0.06926502704516287
adult_control_3,0,0.08906673981887439
adult_control_3,0,0.22936659694030076
adult_control_3,0,0.15765968190137936
adult_control_3,0,0.24908977148705258
adult_control_3,0,0.058902215106397406
adult_control_3,0,0.16064139251109
adult_control_3,0,0.1685228863308588
adult_control_3,0,0.03734541602109964
adult_control_3,0,0.03908418121261115
adult_control_3,0,0.037346410391168
adult_control_3,0,0.05639913589842278
adult_control_3,0,0.034776064298404255
adult_control_3,0,0.04638811644240043
adult_control_3,0,0.23030171969635213
adult_control_3,0,0.16004530469963296
adult_control_3,0,0.11486429177644375
adult_control_3,0,0.0191332924851101
adult_control_3,0,0.007728728696091484
adult_control_3,0,0.02921388545306513
adult_control_3,0,0.009402755562809577
adult_control_3,0,0.010314463519007206
adult_control_3,0,0.019221982723735934
adult_control_3,0,0.20961558223846152
adult_control_3,0,0.3418317007550443
adult_control_3,0,0.20476139572307467
adult_control_3,0,0.16969228824486468
adult_control_3,0,0.31503860326913663
adult_control_3,0,0.49874332231499896
adult_control_3,0,0.0901386278190069
adult_control_3,0,0.024191704571785294
adult_control_3,0,0.2706117813494195
adult_control_3,0,0.31467739457881533
adult_control_3,0,0.08969661034640034
adult_control_3,0,0.3030324477855228
adult_control_3,0,0.6038585923172831
adult_control_3,0,0.03486271729827084
adult_control_3,0,0.14934172519627903
adult_control_3,0,0.05702365305453119
adult_control_3,0,0.09101538199038858
adult_control_3,0,0.03370452568761741
adult_control_3,0,0.09274326068711068
adult_control_3,0,0.3046454373961278
adult_control_3,0,0.13815803291415002
adult_control_3,0,0.26331454547080774
adult_control_3,0,0.22671298360920988
adult_control_3,0,0.0754613047830416
adult_control_3,0,0.02679230833185716
adult_control_3,0,0.28092997818166465
adult_control_3,0,0.4953675760203202
adult_control_3,0,0.373398109711288
adult_control_3,0,0.10374074109309878
adult_control_3,0,0.0025829205070177852
adult_control_3,0,0.011070581029597097
adult_control_3,0,0.09304352979798847
adult_control_3,0,0.05618732535782089
adult_control_3,0,0.056380914348285814
adult_control_3,0,0.010495489161377701
adult_control_3,0,0.07239758483940383
adult_control_3,0,0.0806208138130447
adult_control_3,0,0.03842481747337997
adult_control_3,0,0.20730431006208627
adult_control_3,0,0.10093057226405266
adult_control_3,0,0.14576631806421883
adult_control_3,0,0.13573833699662854
adult_control_3,0,0.020701908588291337
adult_control_3,0,0.5351570456055073
adult_control_3,0,0.10871896657572225
adult_control_3,0,0.23187680674293143
adult_control_3,0,0.03541746388183309
adult_control_3,0,0.18003948030299907
adult_control_3,0,0.16253948862513304
adult_control_3,0,0.03969655092639095
adult_control_3,0,0.0319110234007043
adult_control_3,0,0.0379473819437036
adult_control_3,0,0.056091867733519186
adult_control_3,0,0.16346792444309863
adult_control_3,0,0.2177010135434741
adult_control_3,0,0.41013729566523516
adult_control_3,0,0.5339411272971415
adult_control_3,0,0.40254568260981266
adult_control_3,0,0.06132451379144088
adult_control_3,0,0.09367928266304276
adult_control_3,0,0.10683478615352092
adult_control_3,0,0.16355172339126542
adult_control_3,0,0.3487911396111093
adult_control_3,0,0.17485363098009432
adult_control_3,0,0.03829319377552174
adult_control_3,0,0.09400373365351636
adult_control_3,0,0.07793518536842974
adult_control_3,0,0.03570077148236916
adult_control_3,0,0.13009406668472726
adult_control_3,0,0.05481934790302333
adult_control_3,0,0.025391833351029597
adult_control_3,0,0.02151022406006976
adult_control_3,0,0.13480370225347454
adult_control_3,0,0.3371328165843067
adult_control_3,0,0.6242780433598614
adult_control_3,0,0.15659116800957523
adult_control_3,0,0.15720716949450292
adult_control_3,0,0.510435012167158
adult_control_3,0,0.22079754294713194
adult_control_3,0,0.6247100601364538
adult_control_3,0,0.09259083090035027
adult_control_3,0,0.04608141452141331
adult_control_3,0,0.020915373112983998
adult_control_3,0,0.012001455856775813
adult_control_3,0,0.6486517394307205
adult_control_3,0,0.28467208304528263
adult_control_3,0,0.06841741669043865
adult_control_3,0,0.17166593920949658
adult_control_3,0,0.43964484730285214
adult_control_3,0,0.213913570508783
adult_control_3,0,0.2794705262000962
adult_control_3,0,0.16733390405164525
adult_control_3,0,0.6359301475565096
adult_control_3,0,0.13514011675677146
adult_control_3,0,0.07609731172586132
adult_control_3,0,0.2093808395007823
adult_control_3,0,0.38912225383401083
adult_control_3,0,0.0762769157870045
adult_control_3,0,0.16459737844583208
adult_control_3,0,0.07949268163624462
adult_control_3,0,0.7569979972262255
adult_control_3,0,0.23156012990460495
adult_control_4,0,0.177098355205757
adult_control_4,0,0.09044545914787237
adult_control_4,0,0.19851694764939604
adult_control_4,0,0.02185290657111217
adult_control_4,0,0.031582944292418924
adult_control_4,0,0.3401834438386989
adult_control_4,0,0.05663190678432157
adult_control_4,0,0.24258862926611913
adult_control_4,0,0.2615615858945986
adult_control_4,0,0.5928601620476653
adult_control_4,0,0.17527504051542764
adult_control_4,0,0.3698113073315666
adult_control_4,0,0.21996330497253722
adult_control_4,0,0.10234300678336687
adult_control_4,0,0.03549081655124067
adult_control_4,0,0.1387001332848976
adult_control_4,0,0.2027610626522868
adult_control_4,0,0.03152848433362673
adult_control_4,0,0.00354187492081425
adult_control_4,0,0.09329747861029893
adult_control_4,0,0.12017145848255524
adult_control_4,0,0.14529551131650936
adult_control_4,0,0.08015982855242611
adult_control_4,0,0.15396259928305522
adult_control_4,0,0.13844085065632455
adult_control_4,0,0.582258335289859
adult_control_4,0,0.29557250271852087
adult_control_4,0,0.0983955411000439
adult_control_4,0,0.20171806029809816
adult_control_4,0,0.40766017746989486
adult_control_4,0,0.5259333985189346
adult_control_4,0,0.5960817999107852
adult_control_4,0,0.2508813559354462
adult_control_4,0,0.1997317546326122
adult_control_4,0,0.0314975388695067
adult_control_4,0,0.1327168554729099
adult_control_4,0,0.7853253960732995
adult_control_4,0,0.507867081545343
adult_control_4,0,0.27132207964812616
adult_control_4,0,0.11014159063393132
adult_control_4,0,0.10899797004459989
adult_control_4,0,0.08657362348427887
adult_control_4,0,0.17278792681742522
adult_control_4,0,0.0801143786579083
adult_control_4,0,0.02874996412675533
adult_control_4,0,0.29275083444752054
adult_control_4,0,0.47741447902289336
adult_control_4,0,0.13700884966322455
adult_control_4,0,0.18495398684433711
adult_control_4,0,0.6469051326947252
adult_control_4,0,0.26323844734700125
adult_control_4,0,0.6157692759713754
adult_control_4,0,0.23289945216309252
adult_control_4,0,0.39205468146973405
adult_control_4,0,0.10430382594085474
adult_control_4,0,0.1941994778471891
adult_control_4,0,0.1806246408604312
adult_control_4,0,0.0541734495753327
adult_control_4,0,0.024299347005166075
adult_control_4,0,0.03077113760913324
adult_control_4,0,0.2020711823140347
adult_control_4,0,0.03982562971994381
adult_control_4,0,0.26703327389031994
adult_control_4,0,0.5000394384296826
adult_control_4,0,0.6241371462135749
adult_control_4,0,0.17520775309582254
adult_control_4,0,0.0938829718262787
adult_control_4,0,0.08850480869048913
adult_control_4,0,0.1487261923548157
adult_control_4,0,0.06990834956196837
adult_control_4,0,0.03278473594292409
adult_control_4,0,0.3176488999598991
adult_control_4,0,0.13747016634586276
adult_control_4,0,0.2383946694822783
adult_control_4,0,0.4869226485241223
adult_control_4,0,0.3198631534266387
adult_control_4,0,0.13783377622672727
adult_control_4,0,0.3509112665245193
adult_control_4,0,0.06398240287687201
adult_control_4,0,0.022191248112534836
adult_control_4,0,0.19596310081850057
adult_control_4,0,0.21116920350464496
adult_control_4,0,0.41782145485209804
adult_control_4,0,0.17908280118615852
adult_control_4,0,0.1385867962298641
adult_control_4,0,0.2993974899777445
adult_control_4,0,0.31518541930597577
adult_control_4,0,0.1332785981292246
adult_control_4,0,0.06860369928152497
adult_control_4,0,0.2944913880765728
adult_control_4,0,0.024619414282959967
adult_control_4,0,0.06867933732375234
adult_control_4,0,0.011718435532223967
adult_control_4,0,0.02475980332738016
adult_control_4,0,0.021472477486508778
adult_control_4,0,0.03487708438055146
adult_control_4,0,0.37562186146823284
adult_control_4,0,0.18800270567492997
adult_control_4,0,0.270173332708296
adult_control_4,0,0.3307158160249151
adult_control_4,0,0.09510181185956144
adult_control_4,0,0.10885787482921443
adult_control_4,0,0.4072291239829504
adult_control_4,0,0.8435416658929182
adult_control_4,0,0.7460995511823026
adult_control_4,0,0.089342343043516
adult_control_4,0,0.05900522575234163
adult_control_4,0,0.3600534739113708
adult_control_4,0,0.25372131916483304
adult_control_4,0,0.25758095881943105
adult_control_4,0,0.5559809508321153
adult_control_4,0,0.2559613820002227
adult_control_4,0,0.044255778207074346
adult_control_4,0,0.07646413763078516
adult_control_4,0,0.25892922424460973
adult_control_4,0,0.42590259680279047
adult_control_4,0,0.23472193315890885
adult_control_4,0,0.3991597817094956
adult_control_4,0,0.3615223447837834
adult_control_4,0,0.06740873860282706
adult_control_4,0,0.30931257184836314
adult_control_4,0,0.3478556160803733
adult_control_4,0,0.09199428016215674
adult_control_4,0,0.08603437437280519
adult_control_4,0,0.09401289440849527
adult_control_4,0,0.3460418646740759
adult_control_4,0,0.27783988253371966
adult_control_4,0,0.022325454896186522
adult_control_4,0,0.013577425868218971
adult_control_4,0,0.04171344556006391
adult_control_4,0,0.01849236627152235
adult_control_4,0,0.56727817733244
adult_control_4,0,0.4890262493032582
adult_control_4,0,0.02870031039227579
adult_control_4,0,0.042647196648444914
adult_control_4,0,0.2910101593734081
adult_control_4,0,0.045251071245328484
adult_control_4,0,0.08627884225183759
adult_control_4,0,0.6474582255719603
adult_control_4,0,0.6561864188999982
adult_control_4,0,0.8107356818846136
adult_control_4,0,0.4147965004700048
adult_control_4,0,0.04852935317762288
adult_control_4,0,0.8388028201025888
adult_control_4,0,0.5646699514401715
adult_control_4,0,0.31012682654051277
adult_control_4,0,0.5666714321196887
adult_control_4,0,0.6765048858302443
adult_control_4,0,0.6249022113460057
adult_control_4,0,0.3710091616780488
adult_control_4,0,0.13193341366081895
adult_control_4,0,0.1529665723575383
adult_control_4,0,0.03864151133276564
adult_control_4,0,0.22041439969381654
adult_control_4,0,0.7568368357510754
adult_control_4,0,0.2843560360544916
adult_control_4,0,0.05451100444363105
adult_control_4,0,0.04433890591539434
adult_control_4,0,0.401571637686841
adult_control_4,0,0.43176194865052236
adult_control_4,0,0.23299138331086505
adult_control_4,0,0.18748725127404456
adult_control_4,0,0.638282912737901
adult_control_4,0,0.38230671284269807
adult_control_4,0,0.3738417262207976
adult_control_4,0,0.6696270536678034
adult_control_4,0,0.6011132993241205
adult_control_4,0,0.15794702420426665
adult_control_4,0,0.07381337677328348
adult_control_4,0,0.6008023745351261
adult_control_4,0,0.4490748739118866
adult_control_4,0,0.8990517294985026
adult_control_4,0,0.8831760324701223
adult_control_4,0,0.581644785113408
adult_control_4,0,0.03504135395002999
adult_control_4,0,0.08333520202264358
adult_control_4,0,0.26769168757240297
adult_control_4,0,0.5878718968488938
adult_control_4,0,0.34927757742052934
adult_control_4,0,0.15061824124022144
adult_control_4,0,0.06311113154330451
adult_control_4,0,0.35985811532015183
adult_control_4,0,0.2862884869073463
adult_control_4,0,0.10563209388447031
adult_control_4,0,0.32140207197984805
adult_control_4,0,0.2372600016961897
adult_control_4,0,0.8311152766263701
adult_control_4,0,0.7164952466861363
adult_control_4,0,0.372130846750377
adult_control_4,0,0.6986067457823902
adult_control_4,0,0.20575754570886254
adult_control_4,0,0.19215578171158512
adult_control_4,0,0.6319273964306845
adult_control_4,0,0.3872298060198221
adult_control_4,0,0.11760509675376568
adult_control_4,0,0.09105330116852711
adult_control_4,0,0.1415185296596832
adult_control_4,0,0.1737120206075902
adult_control_4,0,0.8970765643764246
adult_control_4,0,0.745810723495727
adult_control_4,0,0.31210151102380623
adult_control_4,0,0.5818820126468222
adult_control_4,0,0.8607841590481298
adult_control_4,0,0.8288560080417732
adult_control_4,0,0.8511881572924079
adult_control_4,0,0.4406388340506171
adult_control_4,0,0.7522348026000613
adult_control_4,0,0.10876894455160115
adult_control_4,0,0.47334380672185056
adult_control_4,0,0.9514143157986464
adult_control_4,0,0.7629633700792657
adult_control_4,0,0.12398100342753403
adult_control_4,0,0.28342187278536896
adult_control_4,0,0.2968160038273817
adult_control_4,0,0.2429978051809865
adult_control_4,0,0.6303896058266407
adult_control_4,0,0.2387105130242087
adult_control_4,0,0.5045546421065409
adult_control_4,0,0.8568795606420679
adult_control_4,0,0.3156483123404834
adult_control_4,0,0.41389447703155824
adult_control_4,0,0.4794060439711228
adult_control_4,0,0.5453680325343546
adult_control_4,0,0.5904229260819708
adult_control_4,0,0.39830549290422657
adult_control_4,0,0.22381399848304728
adult_control_4,0,0.5514512810627129
adult_control_4,0,0.683262035715324
adult_control_4,0,0.7022429890028365
adult_control_4,0,0.6947315212802713
adult_control_4,0,0.7025409141109779
adult_control_4,0,0.6308298940193579
adult_control_4,0,0.28500861313854514
adult_control_4,0,0.06168663343342576
adult_control_4,0,0.21967993927037888
adult_control_4,0,0.14017138752606698
adult_control_4,0,0.3593416930351646
adult_control_4,0,0.214833077806381
adult_control_4,0,0.7537664516096139
adult_control_4,0,0.9332127189714717
adult_control_4,0,0.2729547728658792
adult_control_4,0,0.09848247067794715
adult_control_4,0,0.08292219012976913
adult_control_4,0,0.16881683748391477
adult_control_4,0,0.1366957000578007
adult_control_4,0,0.15266947239919382
adult_control_4,0,0.21363290728851017
adult_control_4,0,0.27921735572646
adult_control_4,0,0.26892191874113064
adult_control_4,0,0.06786272531822778
adult_control_4,0,0.10358766621679205
adult_control_4,0,0.2507070155227522
adult_control_4,0,0.32726830422620745
adult_control_4,0,0.061529219951675033
adult_control_4,0,0.34141659220069354
adult_control_4,0,0.318246669145813
adult_control_4,0,0.35060469149622714
adult_control_4,0,0.1698159819443426
adult_control_4,0,0.5830346481728049
adult_control_4,0,0.696036341060845
adult_control_4,0,0.6455605696468188
adult_control_4,0,0.3597291488466023
adult_control_4,0,0.06230023298194596
adult_control_4,0,0.04683036490039877
adult_control_4,0,0.20093551331841064
adult_control_4,0,0.25737445710261564
adult_control_4,0,0.49306735620286035
adult_control_4,0,0.2995530524138443
adult_control_4,0,0.7821914810165431
adult_control_4,0,0.6853061993931231
adult_control_4,0,0.8212283685349938
adult_control_4,0,0.5070491705541003
adult_control_4,0,0.3885292520175808
adult_control_4,0,0.4335928003099919
adult_control_4,0,0.7644388229727143
adult_control_4,0,0.662404764303606
adult_control_4,0,0.3108047176890963
adult_control_4,0,0.495690402959762
adult_control_4,0,0.7239977658988728
adult_control_4,0,0.5113597982098678
adult_control_4,0,0.06560609328302261
adult_control_4,0,0.1738613285041161
adult_control_4,0,0.6103290822146612
adult_control_4,0,0.1649434854801206
adult_control_4,0,0.15960668235914868
adult_control_4,0,0.05781789034640856
adult_control_4,0,0.037042555235270815
adult_control_4,0,0.8315703750526923
adult_control_4,0,0.7378411719475061
adult_control_4,0,0.17048557508092688
adult_control_4,0,0.33968273396875687
adult_control_4,0,0.171349869072893
adult_control_4,0,0.03300820388883719
adult_control_4,0,0.07168956889917277
adult_control_4,0,0.5378585465038304
adult_control_4,0,0.4596204824146405
adult_control_4,0,0.8059340774345455
adult_control_4,0,0.8109559794056735
adult_control_4,0,0.6538848970257806
adult_control_4,0,0.4555643912128121
adult_control_4,0,0.40373007054720855
adult_control_4,0,0.5900460065282352
adult_control_4,0,0.48629593135447585
adult_control_4,0,0.16050492490689258
adult_control_4,0,0.35481777961832595
adult_control_4,0,0.4290919911098661
adult_control_4,0,0.5488310625347738
adult_control_4,0,0.8033795597240704
adult_control_4,0,0.6887305439387729
adult_control_4,0,0.3459489727072052
adult_control_4,0,0.1366856902367173
adult_control_4,0,0.5957110212622997
adult_control_4,0,0.4078632554060241
adult_control_4,0,0.10560099819181913
adult_control_4,0,0.11178653225749786
adult_control_4,0,0.714276081047783
adult_control_4,0,0.3066423843418795
adult_control_4,0,0.1843083816145306
adult_control_4,0,0.45718462803696835
adult_control_4,0,0.7268288504861389
adult_control_4,0,0.8615091679863727
adult_control_4,0,0.6783681456992635
adult_control_4,0,0.558408499787805
adult_control_4,0,0.23321602271773312
adult_control_4,0,0.6278919477542243
adult_control_4,0,0.43660757901473474
adult_control_4,0,0.9357347840399157
adult_control_4,0,0.9855648930568844
adult_control_4,0,0.8577708560119729
adult_control_4,0,0.7740829036431648
adult_control_4,0,0.9593729863108654
adult_control_4,0,0.28325119259328235
adult_control_4,0,0.4503564889542906
adult_control_4,0,0.583354292763841
adult_control_4,0,0.1994513847576072
adult_control_4,0,0.20504768312528102
adult_control_4,0,0.25846353966962227
adult_control_4,0,0.6929033616721765
adult_control_4,0,0.7892403347201022
adult_control_4,0,0.41014982725732607
adult_control_4,0,0.6925245159241482
adult_control_4,0,0.7802340602256025
adult_control_4,0,0.757374116552019
adult_control_4,0,0.9203771258732304
adult_control_4,0,0.8902762244971766
adult_control_4,0,0.9315881479736481
adult_control_4,0,0.8894406144939454
adult_control_4,0,0.44595706805537894
adult_control_4,0,0.7298451868872211
adult_control_4,0,0.8985093627681434
adult_control_4,0,0.8771991446064313
adult_control_4,0,0.7599280740720413
adult_control_4,0,0.7103635572647402
adult_control_4,0,0.6488642498244785
adult_control_4,0,0.7568637977190387
adult_control_4,0,0.18404995541381342
adult_control_4,0,0.6732098455238807
adult_control_4,0,0.46809452216929426
adult_control_4,0,0.4751531524097189
adult_control_4,0,0.8110517378689257
adult_control_4,0,0.6660319964987719
adult_control_4,0,0.6748685556943025
adult_control_4,0,0.7571565224959862
adult_control_4,0,0.5602531652977516
adult_control_4,0,0.5372300086436954
adult_control_4,0,0.34815836281231755
adult_control_4,0,0.26087828975304844
adult_control_4,0,0.6722416993949418
adult_control_4,0,0.2506021601681091
adult_control_4,0,0.31454645381463453
adult_control_4,0,0.29607790608596474
adult_control_4,0,0.4554931071072977
adult_control_4,0,0.14180651699376107
adult_control_4,0,0.8457160407506784
adult_control_4,0,0.9099434561968677
adult_control_4,0,0.6581506886368733
adult_control_4,0,0.1703167952769386
adult_control_4,0,0.8447514828174916
adult_control_4,0,0.43883948066669054
adult_control_4,0,0.22741963996592382
adult_control_4,0,0.42937091242846415
adult_control_4,0,0.3230423270239033
adult_control_4,0,0.12009938844178969
adult_control_4,0,0.5617519816848789
adult_control_4,0,0.41227411408681086
adult_control_4,0,0.5329453548929656
adult_control_4,0,0.5584401220294749
adult_control_4,0,0.6723292652471157
adult_control_4,0,0.4635578924818847
adult_control_4,0,0.19154295818953504
adult_control_4,0,0.3175077839080093
adult_control_4,0,0.09442146486199562
adult_control_4,0,0.06626137036547436
adult_control_4,0,0.599940835854836
adult_control_4,0,0.6575380948320214
adult_control_4,0,0.2734005504219181
adult_control_4,0,0.4382845744690245
adult_control_4,0,0.37992906618408684
adult_control_4,0,0.5135430665449264
adult_control_4,0,0.41854484843901585
adult_control_4,0,0.06401460340523081
adult_control_4,0,0.09997009664108064
adult_control_4,0,0.17430722875770358
adult_control_4,0,0.2903550665333053
adult_control_4,0,0.28842933728867504
adult_control_4,0,0.05423864487299612
adult_control_4,0,0.16555884210917138
adult_control_4,0,0.2169943702736865
adult_control_4,0,0.6738086800601364
adult_control_4,0,0.414744065425063
adult_control_4,0,0.31915868492581634
adult_control_4,0,0.7440365137311552
adult_control_4,0,0.7446430246698061
adult_control_4,0,0.6206845151864147
adult_control_4,0,0.38347375009165025
adult_control_4,0,0.4229321352503885
adult_control_4,0,0.2421305857000417
adult_control_4,0,0.1856272348725997
adult_control_4,0,0.06701887875942936
adult_control_4,0,0.11740128802275426
adult_control_4,0,0.3462058800704655
adult_control_4,0,0.8815664938334433
adult_control_4,0,0.7567995492107586
adult_control_4,0,0.4222626880551955
adult_control_4,0,0.807759375810825
adult_control_4,0,0.9592145577678189
adult_control_4,0,0.8979745224908049
adult_control_4,0,0.8372176148554998
adult_control_4,0,0.5995050160942178
adult_control_4,0,0.08211324611669613
adult_control_4,0,0.240608420845979
adult_control_4,0,0.6158059264092142
adult_control_4,0,0.2223663139668199
adult_control_4,0,0.2581702676137805
adult_control_4,0,0.2722540398585191
adult_control_4,0,0.4436769635455633
adult_control_4,0,0.18514041560608074
adult_control_4,0,0.21266655366631299
adult_control_4,0,0.5181537960907218
adult_control_4,0,0.5203847649225922
adult_control_4,0,0.24650978862693426
adult_control_4,0,0.04782532305454677
adult_control_4,0,0.501385540829511
adult_control_4,0,0.4388974407135768
adult_control_4,0,0.49202011841383786
adult_control_4,0,0.1362464647131746
adult_control_4,0,0.4083538116816095
adult_control_4,0,0.3802187758525591
adult_control_4,0,0.5789792224733257
adult_control_4,0,0.2819180627035288
adult_control_4,0,0.5746930456371367
adult_control_4,0,0.7941860271508491
adult_control_4,0,0.28240782013207166
adult_control_4,0,0.11814704275415655
adult_control_4,0,0.009509401863879217
adult_control_4,0,0.39578843315013007
adult_control_4,0,0.6728620106244811
adult_control_4,0,0.631365245046446
adult_control_4,0,0.22306735350575652
adult_control_4,0,0.6576050472953074
adult_control_4,0,0.7696297472450145
adult_control_4,0,0.6299889106011943
adult_control_4,0,0.08958974344908464
adult_control_4,0,0.07937671325147594
adult_control_4,0,0.540600957522226
adult_control_4,0,0.24737398978873412
adult_control_4,0,0.12654405561920373
adult_control_4,0,0.9366164571026598
adult_control_4,0,0.761491096534818
adult_control_4,0,0.3097730985901628
adult_control_4,0,0.2942866410799072
adult_control_4,0,0.5418924969345813
adult_control_4,0,0.8017472531859913
adult_control_4,0,0.7398200579648255
adult_control_4,0,0.472721597194914
adult_control_4,0,0.4744096267425366
adult_control_4,0,0.21757321026659202
adult_control_4,0,0.2975132895678972
adult_control_4,0,0.22559296908495757
adult_control_4,0,0.11334464090709538
adult_control_4,0,0.4572261635249371
adult_control_4,0,0.13680771388089985
adult_control_4,0,0.2654826256513861
adult_control_4,0,0.18341493413884855
adult_control_4,0,0.4219882482390872
adult_control_4,0,0.7165719938385765
adult_control_4,0,0.01619715918474316
adult_control_4,0,0.16993889431510004
adult_control_4,0,0.7128657093157983
adult_control_4,0,0.3173046197466919
adult_control_4,0,0.34100744075391753
adult_control_4,0,0.2705183599977812
adult_control_4,0,0.6151936110135053
adult_control_4,0,0.3251609751571015
adult_control_4,0,0.464358060409006
adult_control_4,0,0.5270377987798386
adult_control_4,0,0.3106476069105914
adult_control_4,0,0.27509124670065416
adult_control_4,0,0.715931985461636
adult_control_4,0,0.8451934285783201
adult_control_4,0,0.971891136034905
adult_control_4,0,0.9771366611662687
adult_control_4,0,0.4799600086553708
adult_control_4,0,0.32951550752539954
adult_control_4,0,0.5799467553275055
adult_control_4,0,0.9517569778580689
adult_control_4,0,0.8777804935075773
adult_control_4,0,0.752393445876575
adult_control_4,0,0.917624553365103
adult_control_4,0,0.548909188406743
adult_control_4,0,0.8611984619334939
adult_control_4,0,0.4112262005908634
adult_control_4,0,0.027206072553438126
adult_control_4,0,0.5667816217507854
adult_control_4,0,0.5920623671661249
adult_control_4,0,0.283557910626329
adult_control_4,0,0.6833672286717651
adult_control_4,0,0.24697533782353961
adult_control_4,0,0.5745289852760835
adult_control_4,0,0.8063490356955028
adult_control_4,0,0.44158071191682463
adult_control_4,0,0.3100212543635492
adult_control_4,0,0.15694057499086073
adult_control_4,0,0.9006638926020503
adult_control_4,0,0.9380019571166489
adult_control_4,0,0.7101559817054216
adult_control_4,0,0.10936980926642909
adult_control_4,0,0.8615385363648324
adult_control_4,0,0.6996390677942514
adult_control_4,0,0.5775740816497991
adult_control_4,0,0.3802860549802756
adult_control_4,0,0.25662310576704556
adult_control_4,0,0.6280532848287207
adult_control_4,0,0.29105298441032734
adult_control_4,0,0.3089057696234405
adult_control_4,0,0.7231247830924
adult_control_4,0,0.6177578553176789
adult_control_4,0,0.33316927692194964
adult_control_4,0,0.6548710902305769
adult_control_4,0,0.4901896949764267
adult_control_4,0,0.3205720639171175
adult_control_4,0,0.7665556989735008
adult_control_4,0,0.8489675112569467
adult_control_4,0,0.2618556142561414
adult_control_4,0,0.6697222095103914
adult_control_4,0,0.7657075961275378
adult_control_4,0,0.4070644389588329
adult_control_4,0,0.6215299763477644
adult_control_4,0,0.9234848692874211
adult_control_4,0,0.648596011687369
adult_control_4,0,0.9553708235594858
adult_control_4,0,0.9571991048088669
adult_control_4,0,0.7666321397776411
adult_control_4,0,0.7617151897880706
adult_control_4,0,0.7327416735640225
adult_control_4,0,0.39281124492007696
adult_control_4,0,0.310697710944409
adult_control_4,0,0.4946210494090196
adult_control_4,0,0.9059644578547151
adult_control_4,0,0.9436547710729543
adult_control_4,0,0.930195344572222
adult_control_4,0,0.8993761347483972
adult_control_4,0,0.6702886659034879
adult_control_4,0,0.4063687997279199
adult_control_4,0,0.6783209939322165
adult_control_4,0,0.8787345461692376
adult_control_4,0,0.860261193179895
adult_control_4,0,0.17351965894188767
adult_control_4,0,0.30905316067479893
adult_control_4,0,0.432272960437107
adult_control_4,0,0.37527745012833175
adult_control_4,0,0.6452012394941019
adult_control_4,0,0.44625343149301117
adult_control_4,0,0.7233506126878152
adult_control_4,0,0.34600780013220617
adult_control_4,0,0.10320699936822271
adult_control_4,0,0.061986131307143165
adult_control_4,0,0.3836315673516649
adult_control_4,0,0.9668010923529189
adult_control_4,0,0.9507309720144209
adult_control_4,0,0.6247169125786906
adult_control_4,0,0.8143557956883782
adult_control_4,0,0.5980582801672972
adult_control_4,0,0.7939085745219319
adult_control_4,0,0.6861033038593881
adult_control_4,0,0.559878649315745
adult_control_4,0,0.6177759192656295
adult_control_4,0,0.9006238440104434
adult_control_4,0,0.3259592980176169
adult_control_4,0,0.081683271790377
adult_control_4,0,0.5232155617819436
adult_control_4,0,0.7594765485996536
adult_control_4,0,0.4784665882872675
adult_control_4,0,0.1499939442220639
adult_control_4,0,0.25431007895225205
adult_control_4,0,0.5956698120422801
adult_control_4,0,0.4306535408609161
adult_control_4,0,0.3939976097913789
adult_control_4,0,0.4267325454321327
adult_control_4,0,0.45239454473104135
adult_control_4,0,0.5773673092797456
adult_control_4,0,0.3480085978943766
adult_control_4,0,0.4494978890163135
adult_control_4,0,0.4184425345504346
adult_control_4,0,0.7376474228206793
adult_control_4,0,0.056751175075521784
adult_control_4,0,0.5755709182511182
adult_control_4,0,0.9267105793423402
adult_control_4,0,0.2235904811216448
adult_control_4,0,0.3018343609951451
adult_control_4,0,0.6404316823727865
adult_control_4,0,0.7212928797104995
adult_control_4,0,0.6285866766371516
adult_control_4,0,0.0929078437139769
adult_control_5,0,0.008082592165047014
adult_control_5,0,0.05719439008743302
adult_control_5,0,0.024932193686856223
adult_control_5,0,0.01431806047709851
adult_control_5,0,0.01827020429820866
adult_control_5,0,0.012366564785099945
adult_control_5,0,0.030072008996132233
adult_control_5,0,0.03826560973635949
adult_control_5,0,0.20570801071623462
adult_control_5,0,0.19910879027636103
adult_control_5,0,0.13381212867969336
adult_control_5,0,0.010746026445378788
adult_control_5,0,0.0911045601767808
adult_control_5,0,0.3132923938161168
adult_control_5,0,0.23739915572928416
adult_control_5,0,0.11363345271028695
adult_control_5,0,0.02587202287816497
adult_control_5,0,0.004132884968294301
adult_control_5,0,0.0060858477221150155
adult_control_5,0,0.0026448998385379834
adult_control_5,0,0.10127225329656259
adult_control_5,0,0.014461683847137054
adult_control_5,0,0.09066967321915537
adult_control_5,0,0.12268884710645707
adult_control_5,0,0.03692086721488415
adult_control_5,0,0.12141780549105251
adult_control_5,0,0.49561946279395475
adult_control_5,0,0.05159700074395349
adult_control_5,0,0.027195891969987923
adult_control_5,0,0.0627439413187761
adult_control_5,0,0.1180419337621596
adult_control_5,0,0.12280724839305114
adult_control_5,0,0.256335592870783
adult_control_5,0,0.13283320313456035
adult_control_5,0,0.15599379757891382
adult_control_5,0,0.0506556107545539
adult_control_5,0,0.028088370512300193
adult_control_5,0,0.03327789285568384
adult_control_5,0,0.04555521712180925
adult_control_5,0,0.017226122362669287
adult_control_5,0,0.05835887696679894
adult_control_5,0,0.016399091263897117
adult_control_5,0,0.13046548397374375
adult_control_5,0,0.10685437887090429
adult_control_5,0,0.05233942853455046
adult_control_5,0,0.04683768101495211
adult_control_5,0,0.01780362727270157
adult_control_5,0,0.012263370440072169
adult_control_5,0,0.041693891110083856
adult_control_5,0,0.006781895773261185
adult_control_5,0,0.17558453988371814
adult_control_5,0,0.5668215523757415
adult_control_5,0,0.29580179917430577
adult_control_5,0,0.05914625972307117
adult_control_5,0,0.03735747263884669
adult_control_5,0,0.1199876084592367
adult_control_5,0,0.004844697792438325
adult_control_5,0,0.01268344287052185
adult_control_5,0,0.003350592250726747
adult_control_5,0,0.008578243495072978
adult_control_5,0,0.06089372349903839
adult_control_5,0,0.1646111627530863
adult_control_5,0,0.20249752974920135
adult_control_5,0,0.0030053445388891972
adult_control_5,0,0.06230777638270487
adult_control_5,0,0.06282938001419473
adult_control_5,0,0.019966551277629547
adult_control_5,0,0.05561692413493219
adult_control_5,0,0.12027772344923965
adult_control_5,0,0.0026612025747941247
adult_control_5,0,0.0010362367485435265
adult_control_5,0,0.016464793984957784
adult_control_5,0,0.07262839616137667
adult_control_5,0,0.1417375586214077
adult_control_5,0,0.12625887906955152
adult_control_5,0,0.007458482093020673
adult_control_5,0,0.012393617647137214
adult_control_5,0,0.23871298376799552
adult_control_5,0,0.4070555002796002
adult_control_5,0,0.16952086317036497
adult_control_5,0,0.11405125673983076
adult_control_5,0,0.010865770709968515
adult_control_5,0,0.015692706781413168
adult_control_5,0,0.06659023773765156
adult_control_5,0,0.013036883770459614
adult_control_5,0,0.005490908709435948
adult_control_5,0,0.02081863515944583
adult_control_5,0,0.05271602975411879
adult_control_5,0,0.009500840650014577
adult_control_5,0,0.00931089457760629
adult_control_5,0,0.15607317615736843
adult_control_5,0,0.03493181251059383
adult_control_5,0,0.02501133701806062
adult_control_5,0,0.02318948338411187
adult_control_5,0,0.004226486281766209
adult_control_5,0,0.004558924772670041
adult_control_5,0,0.007375937439341765
adult_control_5,0,0.04665030572651935
adult_control_5,0,0.09643594851051564
adult_control_5,0,0.0159271200792757
adult_control_5,0,0.04067258146640131
adult_control_5,0,0.025029918138407145
adult_control_5,0,0.11215205191452231
adult_control_5,0,0.4201323217473704
adult_control_5,0,0.054218768345540014
adult_control_5,0,0.013181669489915511
adult_control_5,0,0.17672088808587605
adult_control_5,0,0.16698894372743478
adult_control_5,0,0.005003322346093456
adult_control_5,0,0.013162920916725595
adult_control_5,0,0.03150191773674302
adult_control_5,0,0.004728955629861691
adult_control_5,0,0.1536152405547605
adult_control_5,0,0.19397525163727153
adult_control_5,0,0.02134910201590607
adult_control_5,0,0.04718545067115576
adult_control_5,0,0.486013062284625
adult_control_5,0,0.3655416363221757
adult_control_5,0,0.23411376687012245
adult_control_5,0,0.07899655942142088
adult_control_5,0,0.11960438412657451
adult_control_5,0,0.0447700808905125
adult_control_5,0,0.05066820365329285
adult_control_5,0,0.023432538333733363
adult_control_5,0,0.013720136119681958
adult_control_5,0,0.18976340084622956
adult_control_5,0,0.021969160292961913
adult_control_5,0,0.1185197253960855
adult_control_5,0,0.031158197026333864
adult_control_5,0,0.08709238520907601
adult_control_5,0,0.11683827905108495
adult_control_5,0,0.10955386743642184
adult_control_5,0,0.07659070293744115
adult_control_5,0,0.04183692729160868
adult_control_5,0,0.017619923359060496
adult_control_5,0,0.03521270757874511
adult_control_5,0,0.013906740057705166
adult_control_5,0,0.05079168082897231
adult_control_5,0,0.09685523064736613
adult_control_5,0,0.1411311635581269
adult_control_5,0,0.1501958330585534
adult_control_5,0,0.36945195661006336
adult_control_5,0,0.3229367604113402
adult_control_5,0,0.09134082275176654
adult_control_5,0,0.48886297072260576
adult_control_5,0,0.3070263235622249
adult_control_5,0,0.114504087051747
adult_control_5,0,0.035828505049958825
adult_control_5,0,0.030554212248255157
adult_control_5,0,0.00717604803198049
adult_control_5,0,0.023337635020354627
adult_control_5,0,0.02951931859730072
adult_control_5,0,0.028922999789820446
adult_control_5,0,0.0697761855039678
adult_control_5,0,0.292534688550543
adult_control_5,0,0.02031429417853151
adult_control_5,0,0.004543168663257511
adult_control_5,0,0.0514107944773527
adult_control_5,0,0.29493974136220064
adult_control_5,0,0.426252720911684
adult_control_5,0,0.37806619083423143
adult_control_5,0,0.14379965135091297
adult_control_5,0,0.04217263731027747
adult_control_5,0,0.028429812804667533
adult_control_5,0,0.004549294323997619
adult_control_5,0,0.016166183363056457
adult_control_5,0,0.05149052387802049
adult_control_5,0,0.050104334400333066
adult_control_5,0,0.2261533488941168
adult_control_5,0,0.4941795028609012
adult_control_5,0,0.050280696086138825
adult_control_5,0,0.007526871403720787
adult_control_5,0,0.0855125596200923
adult_control_5,0,0.11078481102951912
adult_control_5,0,0.02995180807916077
adult_control_5,0,0.0063660551980383685
adult_control_5,0,0.008926058080109628
adult_control_5,0,0.01096265400225696
adult_control_5,0,0.13056009711315172
adult_control_5,0,0.031245874403150294
adult_control_5,0,0.06491288436516288
adult_control_5,0,0.059588450664389135
adult_control_5,0,0.0022337224399233556
adult_control_5,0,0.005298790194882278
adult_control_5,0,0.03332347377842123
adult_control_5,0,0.027316820625557948
adult_control_5,0,0.03730676727270136
adult_control_5,0,0.009463840022500778
adult_control_5,0,0.04368680984700194
adult_control_5,0,0.041569621607825305
adult_control_5,0,0.00816127529486943
adult_control_5,0,0.007858987439070838
adult_control_5,0,0.00882684841395434
adult_control_5,0,0.08149924275840927
adult_control_5,0,0.09401431391095966
adult_control_5,0,0.20024388889152248
adult_control_5,0,0.06053021904381384
adult_control_5,0,0.05691183561898877
adult_control_5,0,0.027954339248968167
adult_control_5,0,0.028862987763116355
adult_control_5,0,0.01122073790315931
adult_control_5,0,0.04231332036440938
adult_control_5,0,0.011083157171219256
adult_control_5,0,0.006112344990844132
adult_control_5,0,0.03288255368386936
adult_control_5,0,0.004642169055118574
adult_control_5,0,0.016415246807423275
adult_control_5,0,0.14055354064779066
adult_control_5,0,0.06016540629154125
adult_control_5,0,0.047991386578146125
adult_control_5,0,0.0701534311975908
adult_control_5,0,0.022561809268636192
adult_control_5,0,0.03731247468790574
adult_control_5,0,0.014125538938525988
adult_control_5,0,0.030575230650749706
adult_control_5,0,0.031799587087891275
adult_control_5,0,0.06352335390834302
adult_control_5,0,0.2408123799088727
adult_control_5,0,0.07339545344176379
adult_control_5,0,0.05076002940462468
adult_control_5,0,0.08499105917490012
adult_control_5,0,0.055578426173241643
adult_control_5,0,0.009734970987706182
adult_control_5,0,0.03705383692804833
adult_control_5,0,0.029544970469095364
adult_control_5,0,0.028914529746555742
adult_control_5,0,0.0061135972468924285
adult_control_5,0,0.015698245655653597
adult_control_5,0,0.015581105783154926
adult_control_5,0,0.20491316448222627
adult_control_5,0,0.05018793935317518
adult_control_5,0,0.041413540101748275
adult_control_5,0,0.0023508681046524155
adult_control_5,0,0.015744758120390487
adult_control_5,0,0.17154517439701003
adult_control_5,0,0.016466890779043685
adult_control_5,0,0.006306197303426591
adult_control_5,0,0.004077174103938951
adult_control_5,0,0.02061460475705676
adult_control_5,0,0.2037151449660332
adult_control_5,0,0.12048537256179982
adult_control_5,0,0.020985281141742293
adult_control_5,0,0.0056559698134217564
adult_control_5,0,0.013771152742088646
adult_control_5,0,0.046703328555365534
adult_control_5,0,0.4787873292566823
adult_control_5,0,0.057318540185034794
adult_control_5,0,0.10205714048430681
adult_control_5,0,0.04323481716377071
adult_control_5,0,0.012747767302665107
adult_control_5,0,0.04153417794263839
adult_control_5,0,0.11434430659135704
adult_control_5,0,0.20109050546796786
adult_control_5,0,0.4371058234918754
adult_control_5,0,0.061606271439186636
adult_control_5,0,0.03829540075945494
adult_control_5,0,0.018374314301082596
adult_control_5,0,0.015730270885776027
adult_control_5,0,0.03618768917088388
adult_control_5,0,0.05053515148935492
adult_control_5,0,0.12634221852850208
adult_control_5,0,0.01597155906907912
adult_control_5,0,0.030513310654989464
adult_control_5,0,0.2368554884737133
adult_control_5,0,0.07072650324858225
adult_control_5,0,0.19022934780541317
adult_control_5,0,0.20769588903785388
adult_control_5,0,0.07211970890790557
adult_control_5,0,0.10909344572926599
adult_control_5,0,0.08671389174313032
adult_control_5,0,0.00867488190718242
adult_control_5,0,0.004352631859942657
adult_control_5,0,0.014535309666458286
adult_control_5,0,0.21104008301893934
adult_control_5,0,0.01584486012626669
adult_control_5,0,0.03147373674340348
adult_control_5,0,0.030960431017861913
adult_control_5,0,0.12512635867782723
adult_control_5,0,0.049063291578727325
adult_control_5,0,0.026049491222847408
adult_control_5,0,0.021405398196985084
adult_control_5,0,0.021675267814943566
adult_control_5,0,0.040427953237490606
adult_control_5,0,0.05706011358875814
adult_control_5,0,0.0627138527276117
adult_control_5,0,0.19392776241723758
adult_control_5,0,0.028801472463742706
adult_control_5,0,0.32618623769981275
adult_control_5,0,0.040753620706142336
adult_control_5,0,0.08027973203929176
adult_control_5,0,0.3718890451367677
adult_control_5,0,0.11692297501378052
adult_control_5,0,0.12119845745596868
adult_control_5,0,0.03315436023375586
adult_control_5,0,0.03479965430968625
adult_control_5,0,0.01106347355841104
adult_control_5,0,0.01237078353373385
adult_control_5,0,0.0026196737800147914
adult_control_5,0,0.005569595601285344
adult_control_5,0,0.0204310038479884
adult_control_5,0,0.02076187291238485
adult_control_5,0,0.2201173559144479
adult_control_5,0,0.02485497537693639
adult_control_5,0,0.06781993315667062
adult_control_5,0,0.06899340956936731
adult_control_5,0,0.015910480160294248
adult_control_5,0,0.0248958223192862
adult_control_5,0,0.0144495173161684
adult_control_5,0,0.06362501591733366
adult_control_5,0,0.08591089039767669
adult_control_5,0,0.048223124313486514
adult_control_5,0,0.036113318992870715
adult_control_5,0,0.06034390892089136
adult_control_5,0,0.07335055767204944
adult_control_5,0,0.04612318309342412
adult_control_5,0,0.051184366698997535
adult_control_5,0,0.02926497288088482
adult_control_5,0,0.07694972473344942
adult_control_5,0,0.09013977011356304
adult_control_5,0,0.06762805762329804
adult_control_5,0,0.0559515825906505
adult_control_5,0,0.049972760595357095
adult_control_5,0,0.04808570599522746
adult_control_5,0,0.08604294180950393
adult_control_5,0,0.1369519897638758
adult_control_5,0,0.18162270061574323
adult_control_5,0,0.2666368288712271
adult_control_5,0,0.021255666147619534
adult_control_5,0,0.02808410945587076
adult_control_5,0,0.04461818797850133
adult_control_5,0,0.025619072423083204
adult_control_5,0,0.0790529441676113
adult_control_5,0,0.12800788065558694
adult_control_5,0,0.02371128067460246
adult_control_5,0,0.14580339784131913
adult_control_5,0,0.0674713597863096
adult_control_5,0,0.007966649604194413
adult_control_5,0,0.017292785009382756
adult_control_5,0,0.03126784061003144
adult_control_5,0,0.06955760703624955
adult_control_5,0,0.03560354360456679
adult_control_5,0,0.02303241345468733
adult_control_5,0,0.06524228145472458
adult_control_5,0,0.05750240143820372
adult_control_5,0,0.07251807121562069
adult_control_5,0,0.19932011813981956
adult_control_5,0,0.07357559263720403
adult_control_5,0,0.034492721112198664
adult_control_5,0,0.07879615429585922
adult_control_5,0,0.0516527398785329
adult_control_5,0,0.10196647496536883
adult_control_5,0,0.024582045298453006
adult_control_5,0,0.01758390495374522
adult_control_5,0,0.2954144626384269
adult_control_5,0,0.7384420800294852
adult_control_5,0,0.07923035457192813
adult_control_5,0,0.19806891000358823
adult_control_5,0,0.5424310219803345
adult_control_5,0,0.21796287357811542
adult_control_5,0,0.16297523000062297
adult_control_5,0,0.15953133465583363
adult_control_5,0,0.01837185911862127
adult_control_5,0,0.0068950152477189885
adult_control_5,0,0.02564602194067081
adult_control_5,0,0.1775760583698234
adult_control_5,0,0.008486393910186974
adult_control_5,0,0.03610802079823172
adult_control_5,0,0.11655906119913065
adult_control_5,0,0.04560288444091263
adult_control_5,0,0.10791472219076767
adult_control_5,0,0.06808574482495029
adult_control_5,0,0.4314717475419285
adult_control_5,0,0.3264598219304592
adult_control_5,0,0.05780917489376714
adult_control_5,0,0.08049691290187208
adult_control_5,0,0.14211258117224054
adult_control_5,0,0.016658377692445936
adult_control_5,0,0.2288870265430657
adult_control_5,0,0.3543733434631764
adult_control_5,0,0.3114818664631212
adult_control_5,0,0.5377735026571248
adult_control_5,0,0.45094479819244376
adult_control_5,0,0.2759194911874329
adult_control_5,0,0.45593129121008236
adult_control_5,0,0.6370792591590169
adult_control_5,0,0.14571747694013057
adult_control_5,0,0.2383363734396568
adult_control_5,0,0.5098875779044961
adult_control_5,0,0.10137082073607546
adult_control_5,0,0.037492401307241935
adult_control_5,0,0.014188791313250761
adult_control_5,0,0.332081434802441
adult_control_5,0,0.08123419257126815
adult_control_5,0,0.004772109376784827
adult_control_5,0,0.014270156722663723
adult_control_5,0,0.16780513457732965
adult_control_5,0,0.18908172526407566
adult_control_5,0,0.5303168853173141
adult_control_5,0,0.14105558404001134
adult_control_5,0,0.25380834563984794
adult_control_5,0,0.05236763519808327
adult_control_5,0,0.1181027610609485
adult_control_5,0,0.39256326372110883
adult_control_5,0,0.14117814914773313
adult_control_5,0,0.1148982044895694
adult_control_5,0,0.12075357036744658
adult_control_5,0,0.026174522362758863
adult_control_5,0,0.04852568982088317
adult_control_5,0,0.24943779978268457
adult_control_5,0,0.1498382055896899
adult_control_5,0,0.19870931142228215
adult_control_5,0,0.19647762749300227
adult_control_5,0,0.15991592205661112
adult_control_5,0,0.28269448282941495
adult_control_5,0,0.11737410446851984
adult_control_5,0,0.351560407169579
adult_control_5,0,0.09451710740031874
adult_control_5,0,0.7030337768220069
adult_control_5,0,0.46900776160696434
adult_control_5,0,0.496827271491199
adult_control_5,0,0.45132748993188654
adult_control_5,0,0.38095538324466777
adult_control_5,0,0.01968909736537614
adult_control_5,0,0.024711559579918427
adult_control_5,0,0.04158852683672217
adult_control_5,0,0.042086215595097454
adult_control_5,0,0.34090824219750554
adult_control_5,0,0.1206025739710657
adult_control_5,0,0.006347097434091063
adult_control_5,0,0.06441559010634153
adult_control_5,0,0.12276354218612452
adult_control_5,0,0.09308056155744522
adult_control_5,0,0.06976742962259662
adult_control_5,0,0.026846351741849378
adult_control_5,0,0.08675454349276637
adult_control_5,0,0.07081218214157985
adult_control_5,0,0.01587228817168113
adult_control_5,0,0.026810677832858457
adult_control_5,0,0.43681908109692835
adult_control_5,0,0.399525762421722
adult_control_5,0,0.1507178227716688
adult_control_5,0,0.0836492619072354
adult_control_5,0,0.012068716829131068
adult_control_5,0,0.26635933412517143
adult_control_5,0,0.1374775397072362
adult_control_5,0,0.5832954927035294
adult_control_5,0,0.19648090554301667
adult_control_5,0,0.03808067000262367
adult_control_5,0,0.013082400611811458
adult_control_5,0,0.32723974001412154
adult_control_5,0,0.03758953322652763
adult_control_5,0,0.036869506726791186
adult_control_5,0,0.65383471855454
adult_control_5,0,0.08136929194801042
adult_control_5,0,0.027074592092665696
adult_control_5,0,0.20535554953797264
adult_control_5,0,0.03478196570037851
adult_control_5,0,0.07210060069785697
adult_control_5,0,0.2811607623740637
adult_control_5,0,0.07598628324715255
adult_control_5,0,0.013693975432910626
adult_control_5,0,0.061960466165829606
adult_control_5,0,0.05068222863335253
adult_control_5,0,0.015201257514357684
adult_control_5,0,0.08450651018605569
adult_control_5,0,0.2642631992069381
adult_control_5,0,0.03112179021439438
adult_control_5,0,0.05535690839272029
adult_control_5,0,0.039026503544888465
adult_control_5,0,0.10471918494431438
adult_control_5,0,0.1900562189166801
adult_control_5,0,0.4451881204144163
adult_control_5,0,0.3129644727882952
adult_control_5,0,0.21969923698820598
adult_control_5,0,0.5188628959604571
adult_control_5,0,0.4308254291200637
adult_control_5,0,0.14963627583432573
adult_control_5,0,0.019817385227204616
adult_control_5,0,0.021007047322381782
adult_control_5,0,0.03962654211880426
adult_control_5,0,0.026215599603366148
adult_control_5,0,0.13158693270005223
adult_control_5,0,0.3965402806162249
adult_control_5,0,0.19292779086555525
adult_control_5,0,0.01597645573098497
adult_control_5,0,0.4544921627016896
adult_control_5,0,0.8432222077069229
adult_control_5,0,0.3498432429003697
adult_control_5,0,0.20002810279880143
adult_control_5,0,0.3657713724623528
adult_control_5,0,0.7243912318597879
adult_control_5,0,0.26310143060941293
adult_control_5,0,0.17095599854900198
adult_control_5,0,0.6732259840722824
adult_control_5,0,0.6027813352421946
adult_control_5,0,0.44326597785755795
adult_control_5,0,0.09650257861782764
adult_control_5,0,0.09384337170239883
adult_control_5,0,0.09722167518987491
adult_control_5,0,0.27605690019323686
adult_control_5,0,0.03531950551094496
adult_control_5,0,0.07521087275394721
adult_control_5,0,0.07629700109230844
adult_control_5,0,0.05563384391354968
adult_control_5,0,0.5059131676248839
adult_control_5,0,0.38551095914985534
adult_control_5,0,0.10499565176572481
adult_control_5,0,0.07088969135688405
adult_control_5,0,0.11523977164678129
adult_control_5,0,0.028690281279102184
adult_control_5,0,0.18140239645076262
adult_control_5,0,0.7613757329919056
adult_control_5,0,0.5671999566680062
adult_control_5,0,0.06169000562692649
adult_control_5,0,0.13239946528750438
adult_control_5,0,0.3728450390732321
adult_control_5,0,0.5121746694380308
adult_control_5,0,0.06126645211201597
adult_control_5,0,0.20410003660447876
adult_control_5,0,0.06709489448812544
adult_control_5,0,0.046959698803134345
adult_control_5,0,0.9065411071658362
adult_control_5,0,0.7941580644758778
adult_control_5,0,0.0620620129601108
adult_control_5,0,0.0785603462331319
adult_control_5,0,0.17071911404971346
adult_control_5,0,0.4529540757373323
adult_control_5,0,0.11825725675173057
adult_control_5,0,0.07786686411445054
adult_control_5,0,0.3460691153228169
adult_control_5,0,0.662689645229242
adult_control_5,0,0.04075511307972896
adult_control_5,0,0.058066064247888446
adult_control_5,0,0.2619159235863212
adult_control_5,0,0.12509439010736229
adult_control_5,0,0.2478288267109917
adult_control_5,0,0.1385483617925938
adult_control_5,0,0.07494715269877411
adult_control_5,0,0.26448118134825566
adult_control_5,0,0.7231363830857198
adult_control_5,0,0.3256047318514795
adult_control_5,0,0.3984888539693497
adult_control_5,0,0.029917113244116587
adult_control_5,0,0.06577182591750659
adult_control_5,0,0.3621656672131146
adult_control_5,0,0.05110224811588809
adult_control_5,0,0.027090382039124956
adult_control_5,0,0.08966093756751466
adult_control_5,0,0.5718661909131774
adult_control_5,0,0.574044745030414
adult_control_5,0,0.7017425034027069
adult_control_5,0,0.1735031941930549
adult_control_5,0,0.2841168035648806
adult_control_5,0,0.3596678997298583
adult_control_5,0,0.10253450328600336
adult_control_5,0,0.04511286057525531
adult_control_5,0,0.03862428489364353
adult_control_5,0,0.38360929553489664
adult_control_5,0,0.1578707246581951
adult_control_5,0,0.0057356920249125405
adult_control_5,0,0.03218049255248498
adult_control_5,0,0.2753179059563562
adult_control_5,0,0.2504297324117091
adult_control_5,0,0.17533079527716394
adult_control_5,0,0.04575635576210364
adult_control_5,0,0.23728697795686382
adult_control_5,0,0.13410061607812093
adult_control_5,0,0.4808153981438301
adult_control_5,0,0.13893753210144114
adult_control_5,0,0.24034878123821857
adult_control_5,0,0.299812971576383
adult_control_5,0,0.24071308758015358
adult_control_5,0,0.03248125187518731
adult_control_5,0,0.010938871459677655
adult_control_5,0,0.02454784881048654
adult_control_5,0,0.10010549477991175
adult_control_5,0,0.020326194802650334
adult_control_5,0,0.07963144205565449
adult_control_5,0,0.08513649611854092
adult_control_5,0,0.007602874960408706
adult_control_5,0,0.002396089734821814
adult_control_5,0,0.027816635935139243
adult_control_5,0,0.013317665145441917
adult_control_5,0,0.13015020395797822
adult_control_5,0,0.17105393821018855
adult_control_5,0,0.08932824592706513
adult_control_5,0,0.07947456780534384
adult_control_5,0,0.09266731101776798
adult_control_5,0,0.17365765481796697
adult_control_5,0,0.08287992523694576
adult_control_5,0,0.18175385173944472
adult_control_5,0,0.16748145541111709
adult_control_5,0,0.0725846101019354
adult_control_5,0,0.08578909966703278
adult_control_5,0,0.010844857652179593
adult_control_5,0,0.014494997456075926
adult_control_5,0,0.1535039762899312
adult_control_5,0,0.08408434739570475
adult_control_5,0,0.04033238804813591
adult_control_5,0,0.0370215169312752
adult_control_5,0,0.14986118574887178
adult_control_5,0,0.028195840754354804
adult_control_5,0,0.10965269815175085
adult_control_5,0,0.08023241376087163
adult_control_5,0,0.11739787188081119
adult_control_5,0,0.2980987234576906
adult_control_5,0,0.6655100275240665
adult_control_5,0,0.07349513096890214
adult_control_5,0,0.04352964464690732
adult_control_5,0,0.04626809354882576
adult_control_5,0,0.2531421882021151
adult_control_5,0,0.21128677703778978
adult_control_5,0,0.02174142176696328
adult_control_5,0,0.49038079383115163
adult_control_5,0,0.6654943995757578
adult_control_5,0,0.49252323406418563
adult_control_5,0,0.02881008154140452
adult_control_5,0,0.05161964250433649
adult_control_5,0,0.046721931063098625
adult_control_5,0,0.0373398695573815
adult_control_5,0,0.0592188193922582
adult_control_5,0,0.30381355759550926
adult_control_5,0,0.8369526614722705
adult_control_5,0,0.2042845935023099
adult_control_5,0,0.4090164286616133
adult_control_5,0,0.07306208265333333
adult_control_5,0,0.03162998717691464
adult_control_6,0,0.3448255040050647
adult_control_6,0,0.7017626597467569
adult_control_6,0,0.46318770447284197
adult_control_6,0,0.2500062352620286
adult_control_6,0,0.11283374187347285
adult_control_6,0,0.6865099618637825
adult_control_6,0,0.3863376713865712
adult_control_6,0,0.6305832604684056
adult_control_6,0,0.7282263237289209
adult_control_6,0,0.4764285953638283
adult_control_6,0,0.1193605776370354
adult_control_6,0,0.6909537812799623
adult_control_6,0,0.6793364546356435
adult_control_6,0,0.42713560642714726
adult_control_6,0,0.2802044834658411
adult_control_6,0,0.21856376236473635
adult_control_6,0,0.1828663882672943
adult_control_6,0,0.23864193164082922
adult_control_6,0,0.07776593516957198
adult_control_6,0,0.4931813602814094
adult_control_6,0,0.8383157169322338
adult_control_6,0,0.8176323532147708
adult_control_6,0,0.5026451631333134
adult_control_6,0,0.46444124139657644
adult_control_6,0,0.681257449285073
adult_control_6,0,0.4567497234608159
adult_control_6,0,0.6223971929510181
adult_control_6,0,0.7772501030203967
adult_control_6,0,0.41552677017887835
adult_control_6,0,0.4087906133689756
adult_control_6,0,0.7316673617137325
adult_control_6,0,0.39818847797445683
adult_control_6,0,0.2566912161561573
adult_control_6,0,0.23369538798888484
adult_control_6,0,0.5303890082110044
adult_control_6,0,0.6667968956442362
adult_control_6,0,0.38448874722741094
adult_control_6,0,0.31204607430318493
adult_control_6,0,0.6065220364006956
adult_control_6,0,0.7681708660295165
adult_control_6,0,0.2417726565326463
adult_control_6,0,0.3142759289370985
adult_control_6,0,0.3082322465335098
adult_control_6,0,0.13301376713397242
adult_control_6,0,0.28639324549655026
adult_control_6,0,0.49833922809918063
adult_control_6,0,0.8224970934962389
adult_control_6,0,0.5519402941295818
adult_control_6,0,0.6335925402172408
adult_control_6,0,0.5372368254196558
adult_control_6,0,0.5854237904658319
adult_control_6,0,0.6401150580923308
adult_control_6,0,0.5423948249721648
adult_control_6,0,0.6082005321191889
adult_control_6,0,0.6309668030756811
adult_control_6,0,0.09925179383336917
adult_control_6,0,0.4113696311565376
adult_control_6,0,0.4940423718445518
adult_control_6,0,0.7977395029862057
adult_control_6,0,0.19585475913704462
adult_control_6,0,0.13624108202841387
adult_control_6,0,0.2024112194707698
adult_control_6,0,0.062083835201500105
adult_control_6,0,0.09152220058531363
adult_control_6,0,0.1309750139041285
adult_control_6,0,0.23517588678802892
adult_control_6,0,0.7079651391560211
adult_control_6,0,0.27106406587791143
adult_control_6,0,0.39925727039626163
adult_control_6,0,0.7655461567674208
adult_control_6,0,0.8349174418587509
adult_control_6,0,0.7270899225033484
adult_control_6,0,0.770598180793155
adult_control_6,0,0.775468814064551
adult_control_6,0,0.5042378582956122
adult_control_6,0,0.5934711511471569
adult_control_6,0,0.27280190573930657
adult_control_6,0,0.5661601184781374
adult_control_6,0,0.5908657053601449
adult_control_6,0,0.20137684924021088
adult_control_6,0,0.7298420447061695
adult_control_6,0,0.8169483059016132
adult_control_6,0,0.17208005902093293
adult_control_6,0,0.15366547776703587
adult_control_6,0,0.4948679719100444
adult_control_6,0,0.8972419511101857
adult_control_6,0,0.8510707884613656
adult_control_6,0,0.24897592580682237
adult_control_6,0,0.8252659177890126
adult_control_6,0,0.9464920281657735
adult_control_6,0,0.9165879775675526
adult_control_6,0,0.5764654024877974
adult_control_6,0,0.47282808451115915
adult_control_6,0,0.7516119171082796
adult_control_6,0,0.8831934503725762
adult_control_6,0,0.8544256462066682
adult_control_6,0,0.0739081499897253
adult_control_6,0,0.1972538747297509
adult_control_6,0,0.5134665710829622
adult_control_6,0,0.873229201097423
adult_control_6,0,0.29626126142596715
adult_control_6,0,0.30384449274558656
adult_control_6,0,0.6416706987483212
adult_control_6,0,0.590267371182163
adult_control_6,0,0.8156820801948954
adult_control_6,0,0.4064196782239028
adult_control_6,0,0.869956467116731
adult_control_6,0,0.7448006359020164
adult_control_6,0,0.7221199372405603
adult_control_6,0,0.24784741182319892
adult_control_6,0,0.43940842238752015
adult_control_6,0,0.2361338888067619
adult_control_6,0,0.23708305052270098
adult_control_6,0,0.4188258025289306
adult_control_6,0,0.502729284624604
adult_control_6,0,0.8195800606836816
adult_control_6,0,0.6885601445365532
adult_control_6,0,0.6695222359920207
adult_control_6,0,0.31108262875891324
adult_control_6,0,0.39693526981288335
adult_control_6,0,0.3838904722772943
adult_control_6,0,0.38084306358616016
adult_control_6,0,0.5273452175804593
adult_control_6,0,0.9280862332765595
adult_control_6,0,0.9633473325614546
adult_control_6,0,0.7521186704818484
adult_control_6,0,0.21624407785680858
adult_control_6,0,0.40729769556291456
adult_control_6,0,0.5201784699972147
adult_control_6,0,0.6815866895861906
adult_control_6,0,0.8861385315945935
adult_control_6,0,0.548546342908709
adult_control_6,0,0.7290681845372526
adult_control_6,0,0.7872373629487697
adult_control_6,0,0.7869071213372213
adult_control_6,0,0.8207357589500625
adult_control_6,0,0.15619576952170464
adult_control_6,0,0.24093148036046577
adult_control_6,0,0.8766832270979017
adult_control_6,0,0.5617230356715377
adult_control_6,0,0.2521442561279523
adult_control_6,0,0.7578228770554463
adult_control_6,0,0.9029203057450996
adult_control_6,0,0.9028891086415758
adult_control_6,0,0.8194565778465698
adult_control_6,0,0.8121393970479043
adult_control_6,0,0.8904922352263802
adult_control_6,0,0.44367944218432775
adult_control_6,0,0.7021446936672651
adult_control_6,0,0.8713528265629482
adult_control_6,0,0.6272158017330342
adult_control_6,0,0.6660316692963418
adult_control_6,0,0.7206958602563367
adult_control_6,0,0.1586787188923907
adult_control_6,0,0.17762268063836434
adult_control_6,0,0.13151670028260945
adult_control_6,0,0.16025727535232998
adult_control_6,0,0.2638681700157765
adult_control_6,0,0.2232342620258627
adult_control_6,0,0.7362561401255792
adult_control_6,0,0.9107158531488834
adult_control_6,0,0.6843649530701652
adult_control_6,0,0.8099878845763794
adult_control_6,0,0.7896576152188731
adult_control_6,0,0.8909359727634013
adult_control_6,0,0.705949901704456
adult_control_6,0,0.7075785777711562
adult_control_6,0,0.6768998494620894
adult_control_6,0,0.7164291191424647
adult_control_6,0,0.44972828350406524
adult_control_6,0,0.5742292358548943
adult_control_6,0,0.5729649740206962
adult_control_6,0,0.9884762223211295
adult_control_6,0,0.9586264481069904
adult_control_6,0,0.3741459284689379
adult_control_6,0,0.41952636658711245
adult_control_6,0,0.2996286963063296
adult_control_6,0,0.9305988110301189
adult_control_6,0,0.8666325826377087
adult_control_6,0,0.8446903048693173
adult_control_6,0,0.7924587587785767
adult_control_6,0,0.7792616353435414
adult_control_6,0,0.1958371273128898
adult_control_6,0,0.49352625358841334
adult_control_6,0,0.7176142051297104
adult_control_6,0,0.7474790004755923
adult_control_6,0,0.6733945721361146
adult_control_6,0,0.7961265801244053
adult_control_6,0,0.9004803151369207
adult_control_6,0,0.5818691897574638
adult_control_6,0,0.5472337802830907
adult_control_6,0,0.28647696993691035
adult_control_6,0,0.35910653254597935
adult_control_6,0,0.2744921919710699
adult_control_6,0,0.8340333656922103
adult_control_6,0,0.920460778974974
adult_control_6,0,0.8341091376294594
adult_control_6,0,0.5522151155848225
adult_control_6,0,0.35815396271339306
adult_control_6,0,0.7663260718792347
adult_control_6,0,0.9930077483282168
adult_control_6,0,0.9589971980228791
adult_control_6,0,0.7492025239724984
adult_control_6,0,0.8780810901890811
adult_control_6,0,0.9219576757206254
adult_control_6,0,0.9071921939763823
adult_control_6,0,0.9766455413713602
adult_control_6,0,0.9804364159364396
adult_control_6,0,0.8936348091384053
adult_control_6,0,0.8256908258642607
adult_control_6,0,0.9106886427941272
adult_control_6,0,0.567607408358
adult_control_6,0,0.9940371992713896
adult_control_6,0,0.9182488317253378
adult_control_6,0,0.9110146225429937
adult_control_6,0,0.8531590965581024
adult_control_6,0,0.8223029274101471
adult_control_6,0,0.8647857251606879
adult_control_6,0,0.9664506921509067
adult_control_6,0,0.6148848301953926
adult_control_6,0,0.5608696528101834
adult_control_6,0,0.8477596580735738
adult_control_6,0,0.19891851388596546
adult_control_6,0,0.15259658224144693
adult_control_6,0,0.9266026047450064
adult_control_6,0,0.8067012900509214
adult_control_6,0,0.23692671961433207
adult_control_6,0,0.9219460817362221
adult_control_6,0,0.9744067685693235
adult_control_6,0,0.9483626203490169
adult_control_6,0,0.8340671910823795
adult_control_6,0,0.8246763925278602
adult_control_6,0,0.9484003500063359
adult_control_6,0,0.487195667772229
adult_control_6,0,0.701107809020864
adult_control_6,0,0.1175708791951838
adult_control_6,0,0.5182053479236827
adult_control_6,0,0.437742456740006
adult_control_6,0,0.623179030802441
adult_control_6,0,0.9421717197355364
adult_control_6,0,0.16387385986724945
adult_control_6,0,0.023450066268265707
adult_control_6,0,0.902079341458401
adult_control_6,0,0.4814385614022716
adult_control_6,0,0.6370253258062533
adult_control_6,0,0.2509714325178041
adult_control_6,0,0.8602029264396466
adult_control_6,0,0.44006941392622106
adult_control_6,0,0.25928899966420926
adult_control_6,0,0.8295307312807445
adult_control_6,0,0.6434253055106274
adult_control_6,0,0.8023855100669077
adult_control_6,0,0.9173204857579927
adult_control_6,0,0.7769995070816561
adult_control_6,0,0.3533533385897391
adult_control_6,0,0.16807040310490404
adult_control_6,0,0.3996076423537587
adult_control_6,0,0.6059334808152459
adult_control_6,0,0.8520022692702206
adult_control_6,0,0.9004927488329857
adult_control_6,0,0.24199742489291115
adult_control_6,0,0.19471370030519905
adult_control_6,0,0.5235341134193754
adult_control_6,0,0.9487701348969328
adult_control_6,0,0.895711345355525
adult_control_6,0,0.8450041787856252
adult_control_6,0,0.8452689579647018
adult_control_6,0,0.8437022367213987
adult_control_6,0,0.8001949589839946
adult_control_6,0,0.36766883782301274
adult_control_6,0,0.7295643042559568
adult_control_6,0,0.6170494114840348
adult_control_6,0,0.7833768552229456
adult_control_6,0,0.8112752085558843
adult_control_6,0,0.7181491383902433
adult_control_6,0,0.7468426330002769
adult_control_6,0,0.7632992231819691
adult_control_6,0,0.9580807132855728
adult_control_6,0,0.9379183690584159
adult_control_6,0,0.3590277901314151
adult_control_6,0,0.2655197291564675
adult_control_6,0,0.5390419213816718
adult_control_6,0,0.7026412329994646
adult_control_6,0,0.09612698355130049
adult_control_6,0,0.0820109857124032
adult_control_6,0,0.7021325378797809
adult_control_6,0,0.7700084567912084
adult_control_6,0,0.3508853225468173
adult_control_6,0,0.7599712636088266
adult_control_6,0,0.7756065238777247
adult_control_6,0,0.7402895289977741
adult_control_6,0,0.8434623890645078
adult_control_6,0,0.7501128362112308
adult_control_6,0,0.3325151272242168
adult_control_6,0,0.1644104460767865
adult_control_6,0,0.6896589133649319
adult_control_6,0,0.9076808559666408
adult_control_6,0,0.22342219728941246
adult_control_6,0,0.7884653984213237
adult_control_6,0,0.7549901802482518
adult_control_6,0,0.8476870717586061
adult_control_6,0,0.7335574981546832
adult_control_6,0,0.7525179995616224
adult_control_6,0,0.9678529823448143
adult_control_6,0,0.8843303197265691
adult_control_6,0,0.673409505862873
adult_control_6,0,0.4437450148619935
adult_control_6,0,0.7545786073892922
adult_control_6,0,0.7386273054488733
adult_control_6,0,0.8832464324689306
adult_control_6,0,0.5425686846313671
adult_control_6,0,0.8410251683779427
adult_control_6,0,0.48746131877982346
adult_control_6,0,0.3725567806561678
adult_control_6,0,0.2597868039377184
adult_control_6,0,0.1999342863162434
adult_control_6,0,0.8880768530998824
adult_control_6,0,0.9062753291897465
adult_control_6,0,0.9331388911342385
adult_control_6,0,0.9699011628000398
adult_control_6,0,0.8680790973864972
adult_control_6,0,0.5712129746064034
adult_control_6,0,0.3848016287616129
adult_control_6,0,0.4552178983661831
adult_control_6,0,0.6346642264201665
adult_control_6,0,0.9453760400377896
adult_control_6,0,0.6119638994833778
adult_control_6,0,0.1344055571375536
adult_control_6,0,0.48321604557289494
adult_control_6,0,0.8182782881968472
adult_control_6,0,0.9487438368237455
adult_control_6,0,0.6564145371601732
adult_control_6,0,0.5668142044215608
adult_control_6,0,0.5463989854390403
adult_control_6,0,0.8225767450292392
adult_control_6,0,0.8935732340287217
adult_control_6,0,0.8884701369701098
adult_control_6,0,0.7170861236228504
adult_control_6,0,0.9184629665937373
adult_control_6,0,0.9353900261454594
adult_control_6,0,0.2619020433003857
adult_control_6,0,0.6813480567214971
adult_control_6,0,0.8661789645449334
adult_control_6,0,0.9425135126773635
adult_control_6,0,0.8786217646037702
adult_control_6,0,0.6609676616648533
adult_control_6,0,0.46324320782397355
adult_control_6,0,0.8458614514542891
adult_control_6,0,0.5521791304493403
adult_control_6,0,0.776565082044937
adult_control_6,0,0.7251927894325315
adult_control_6,0,0.4240700778427783
adult_control_6,0,0.9220708842094079
adult_control_6,0,0.9213881937652763
adult_control_6,0,0.6284970683681634
adult_control_6,0,0.9547474184590445
adult_control_6,0,0.839793689396849
adult_control_6,0,0.13413465221455606
adult_control_6,0,0.1782814209504357
adult_control_6,0,0.3901927786384438
adult_control_6,0,0.9089724790783272
adult_control_6,0,0.8366613441987761
adult_control_6,0,0.7036237908957655
adult_control_6,0,0.7238251084447722
adult_control_6,0,0.8288395433574728
adult_control_6,0,0.8891161199858146
adult_control_6,0,0.9158200887272995
adult_control_6,0,0.9616357787886693
adult_control_6,0,0.8602265590244315
adult_control_6,0,0.8310110314892399
adult_control_6,0,0.9385165283961534
adult_control_6,0,0.9586305773209062
adult_control_6,0,0.47697555894892923
adult_control_6,0,0.2241210907269448
adult_control_6,0,0.7303045447172657
adult_control_6,0,0.939964409002558
adult_control_6,0,0.6916359402107131
adult_control_6,0,0.9492759526819364
adult_control_6,0,0.8518802882943327
adult_control_6,0,0.3772263101292601
adult_control_6,0,0.24614403433934295
adult_control_6,0,0.32161957897831644
adult_control_6,0,0.6834818508739816
adult_control_6,0,0.24812756954057744
adult_control_6,0,0.3951080841571011
adult_control_6,0,0.6305877907584249
adult_control_6,0,0.947023075083585
adult_control_6,0,0.5227691594030931
adult_control_6,0,0.45826274814712553
adult_control_6,0,0.704862853448907
adult_control_6,0,0.6823964845678921
adult_control_6,0,0.7476520044563494
adult_control_6,0,0.8229297284408899
adult_control_6,0,0.6455760121944135
adult_control_6,0,0.4616318013334148
adult_control_6,0,0.6072498678549827
adult_control_6,0,0.5936719319890692
adult_control_6,0,0.29750532813867503
adult_control_6,0,0.6753574218253924
adult_control_6,0,0.7728464659237985
adult_control_6,0,0.8710584464530591
adult_control_6,0,0.55497327787165
adult_control_6,0,0.5594713695051081
adult_control_6,0,0.6347780525186487
adult_control_6,0,0.534974023600124
adult_control_6,0,0.9196849739211651
adult_control_6,0,0.9847401923432947
adult_control_6,0,0.7718258060408644
adult_control_6,0,0.9062322383664959
adult_control_6,0,0.9534924831873035
adult_control_6,0,0.9478890465472415
adult_control_6,0,0.4039349064188486
adult_control_6,0,0.19289895829532075
adult_control_6,0,0.8581415731322034
adult_control_6,0,0.45265344989433987
adult_control_6,0,0.48843980630975337
adult_control_6,0,0.7031389689069091
adult_control_6,0,0.5828515424162258
adult_control_6,0,0.4207552881128457
adult_control_6,0,0.7722320011393696
adult_control_6,0,0.9066952589047099
adult_control_6,0,0.24463406304894897
adult_control_6,0,0.4811622418712312
adult_control_6,0,0.5394400388521295
adult_control_6,0,0.6540183247957047
adult_control_6,0,0.33187933286712573
adult_control_6,0,0.35959872561821393
adult_control_6,0,0.39247720405064007
adult_control_6,0,0.6743634141300674
adult_control_6,0,0.2315136174958042
adult_control_6,0,0.61222263936112
adult_control_6,0,0.4132430998269945
adult_control_6,0,0.6222460789441238
adult_control_6,0,0.11710680774324037
adult_control_6,0,0.6289044748480256
adult_control_6,0,0.4319319537221622
adult_control_6,0,0.3505964046774
adult_control_6,0,0.18572622506978492
adult_control_6,0,0.04975703328344059
adult_control_6,0,0.15287731087914105
adult_control_6,0,0.6982580537453076
adult_control_6,0,0.6140800022340066
adult_control_6,0,0.5374308842593829
adult_control_6,0,0.7265091724135099
adult_control_6,0,0.672063733973274
adult_control_6,0,0.4660678612833686
adult_control_6,0,0.4981131316722947
adult_control_6,0,0.9361774832204863
adult_control_6,0,0.9533397047453229
adult_control_6,0,0.9391608529183728
adult_control_6,0,0.7567770540411488
adult_control_6,0,0.27310449839207723
adult_control_6,0,0.5444698782543794
adult_control_6,0,0.631254195709176
adult_control_6,0,0.6445628883496096
adult_control_6,0,0.6634734056167627
adult_control_6,0,0.6911487315066999
adult_control_6,0,0.6897926488777751
adult_control_6,0,0.22452481149732825
adult_control_6,0,0.4293727242597708
adult_control_6,0,0.3589206217945282
adult_control_6,0,0.18532854990585246
adult_control_6,0,0.4277481190106379
adult_control_6,0,0.5008819685490999
adult_control_6,0,0.8974803283154149
adult_control_6,0,0.9658062229665549
adult_control_6,0,0.8929488155442455
adult_control_6,0,0.5525564285020695
adult_control_6,0,0.28654969430245275
adult_control_6,0,0.25892304572920677
adult_control_6,0,0.7209741849832948
adult_control_6,0,0.4334462093077461
adult_control_6,0,0.6970276100929974
adult_control_6,0,0.7934496448024985
adult_control_6,0,0.7024058095377077
adult_control_6,0,0.4876850480881868
adult_control_6,0,0.8669922402002249
adult_control_6,0,0.6105570371082427
adult_control_6,0,0.850177554183172
adult_control_6,0,0.9539993936298315
adult_control_6,0,0.835236318014158
adult_control_6,0,0.8621005378926301
adult_control_6,0,0.6770131275124128
adult_control_6,0,0.16516233682819798
adult_control_6,0,0.3233068048576856
adult_control_6,0,0.30792004134738443
adult_control_6,0,0.7972700692159119
adult_control_6,0,0.4075054776971181
adult_control_6,0,0.6912854205828834
adult_control_6,0,0.634049059280777
adult_control_6,0,0.6845316784322861
adult_control_6,0,0.9870635467478103
adult_control_6,0,0.7699635385521665
adult_control_6,0,0.18203739446385447
adult_control_6,0,0.42741906036396193
adult_control_6,0,0.9698978293086618
adult_control_6,0,0.8357789847185556
adult_control_6,0,0.9080025903343174
adult_control_6,0,0.9051964663588163
adult_control_6,0,0.5633642369466628
adult_control_6,0,0.6128019911741197
adult_control_6,0,0.5473333664165358
adult_control_6,0,0.2958146716771869
adult_control_6,0,0.5671522831459106
adult_control_6,0,0.7833749101198562
adult_control_6,0,0.825239750824993
adult_control_6,0,0.21517088783665392
adult_control_6,0,0.4149263878927607
adult_control_6,0,0.2356665566945428
adult_control_6,0,0.31160775932892865
adult_control_6,0,0.6614174416222687
adult_control_6,0,0.6724658760450939
adult_control_6,0,0.751883856384052
adult_control_6,0,0.9205861020590982
adult_control_6,0,0.9372393002448802
adult_control_6,0,0.6922576761035679
adult_control_6,0,0.8391715605515557
adult_control_6,0,0.5080738540113701
adult_control_6,0,0.2117236236566543
adult_control_6,0,0.6816435917715303
adult_control_6,0,0.9210885155481666
adult_control_6,0,0.6611950492461007
adult_control_6,0,0.5727911481686704
adult_control_6,0,0.2479056582407583
adult_control_6,0,0.23978007573601834
adult_control_6,0,0.861768659333634
adult_control_6,0,0.953719133506046
adult_control_6,0,0.9032839989356826
adult_control_6,0,0.7190899181770858
adult_control_6,0,0.7042407697155563
adult_control_6,0,0.6967632205021539
adult_control_6,0,0.6293566326188446
adult_control_6,0,0.7424580226860142
adult_control_6,0,0.6468207900126275
adult_control_6,0,0.5083565826391102
adult_control_6,0,0.37361673892610203
adult_control_6,0,0.353689260307726
adult_control_6,0,0.4361353476584564
adult_control_6,0,0.799513536222109
adult_control_6,0,0.5196726281814786
adult_control_6,0,0.8386258171218223
adult_control_6,0,0.8037121842903735
adult_control_6,0,0.08490887090372413
adult_control_6,0,0.24318283163006219
adult_control_6,0,0.3525728767734525
adult_control_6,0,0.8606891900487491
adult_control_6,0,0.5874861909225816
adult_control_6,0,0.6923046615053227
adult_control_6,0,0.9273956958919964
adult_control_6,0,0.8632595193966521
adult_control_6,0,0.46144279853405074
adult_control_6,0,0.5846579298827624
adult_control_6,0,0.5253924735044782
adult_control_6,0,0.09436647891020662
adult_control_6,0,0.6517502477848678
adult_control_6,0,0.4574645776872898
adult_control_6,0,0.5784972617181521
adult_control_6,0,0.7323612641488536
adult_control_6,0,0.5218850941328087
adult_control_6,0,0.5433253551784017
adult_control_6,0,0.3257136881938306
adult_control_6,0,0.6330700793458821
adult_control_6,0,0.35573263139146394
adult_control_6,0,0.4043717810413943
adult_control_6,0,0.3331754705624771
adult_control_6,0,0.03326928766899943
adult_control_6,0,0.5383835103299207
adult_control_6,0,0.0861936261880816
adult_control_6,0,0.09693457475788911
adult_control_6,0,0.11331559604446449
adult_control_6,0,0.683892209380072
adult_control_6,0,0.8190786231872471
adult_control_6,0,0.11502819009044014
adult_control_6,0,0.5178464858941032
adult_control_6,0,0.6081393724575733
adult_control_6,0,0.17731200221180538
adult_control_6,0,0.3236194131839178
adult_control_6,0,0.1354700252653189
adult_control_6,0,0.15897182678708935
adult_control_6,0,0.23275818285970373
adult_control_6,0,0.811760053901152
adult_control_6,0,0.30027243190451164
adult_control_6,0,0.05021122872101941
adult_control_6,0,0.6693313598223009
adult_control_6,0,0.17513206836718892
adult_control_6,0,0.15305063822202117
adult_control_6,0,0.42987773235356863
adult_control_6,0,0.26394519893786444
adult_control_6,0,0.372861326417657
adult_control_6,0,0.8644843782815252
adult_control_6,0,0.6577239541691616
adult_control_6,0,0.77504240163122
adult_control_6,0,0.25950873906037336
adult_control_6,0,0.26083722943270815
adult_control_6,0,0.27167610750390414
adult_control_6,0,0.9757073536862791
adult_control_6,0,0.9864968234834693
adult_control_6,0,0.7897568259002637
adult_control_6,0,0.8802041266660554
adult_control_6,0,0.06967267557251859
adult_control_6,0,0.010881175031451239
adult_control_6,0,0.3616578902691118
adult_control_6,0,0.8129812504212711
adult_control_6,0,0.3227136424949538
adult_control_6,0,0.6300054282962407
adult_control_6,0,0.9530945746520219
adult_control_6,0,0.7632499748833539
adult_control_6,0,0.9249317520230247
adult_control_6,0,0.7789748680260716
adult_control_6,0,0.16485067013749555
adult_control_7,0,0.015650385066908714
adult_control_7,0,0.16170942891855597
adult_control_7,0,0.4581466740116947
adult_control_7,0,0.13643946545903873
adult_control_7,0,0.1567585206775027
adult_control_7,0,0.45333279871263266
adult_control_7,0,0.6601768943915292
adult_control_7,0,0.12397315800058424
adult_control_7,0,0.09282622247191233
adult_control_7,0,0.1873372619613662
adult_control_7,0,0.5854463152988224
adult_control_7,0,0.06915874562261219
adult_control_7,0,0.09578645958865362
adult_control_7,0,0.3468569979579338
adult_control_7,0,0.4196408435245346
adult_control_7,0,0.12808195581362067
adult_control_7,0,0.12124701339392742
adult_control_7,0,0.12956538875826382
adult_control_7,0,0.5022276790310947
adult_control_7,0,0.1145181886994134
adult_control_7,0,0.1030766188827824
adult_control_7,0,0.2151187144694563
adult_control_7,0,0.3466295641505833
adult_control_7,0,0.2641973997717243
adult_control_7,0,0.05943210179864125
adult_control_7,0,0.0625136428230785
adult_control_7,0,0.11242652087030221
adult_control_7,0,0.1369879233797065
adult_control_7,0,0.056310114008934875
adult_control_7,0,0.09717424194429101
adult_control_7,0,0.09804399636444172
adult_control_7,0,0.12952056570767953
adult_control_7,0,0.053017604741929306
adult_control_7,0,0.12628559870435271
adult_control_7,0,0.04962900953932339
adult_control_7,0,0.05483238449719758
adult_control_7,0,0.15686575108623282
adult_control_7,0,0.10960310404706304
adult_control_7,0,0.2379302755131237
adult_control_7,0,0.28920004538690985
adult_control_7,0,0.38292154764503133
adult_control_7,0,0.13097811214519145
adult_control_7,0,0.13525854328000608
adult_control_7,0,0.10311698150784636
adult_control_7,0,0.08119224849055257
adult_control_7,0,0.09417988138632519
adult_control_7,0,0.07702446259767463
adult_control_7,0,0.5067640396633102
adult_control_7,0,0.1077693696532098
adult_control_7,0,0.11797644644817372
adult_control_7,0,0.12158728297700609
adult_control_7,0,0.11014858376090254
adult_control_7,0,0.045097115262182894
adult_control_7,0,0.13831004521941015
adult_control_7,0,0.10911717504243651
adult_control_7,0,0.009327241138553155
adult_control_7,0,0.031294215851904505
adult_control_7,0,0.018457282844785986
adult_control_7,0,0.06525519500579945
adult_control_7,0,0.08288406675012162
adult_control_7,0,0.09833904610072082
adult_control_7,0,0.10692080723804515
adult_control_7,0,0.10475585821677078
adult_control_7,0,0.19169820133698068
adult_control_7,0,0.06204315807524449
adult_control_7,0,0.10445217634855553
adult_control_7,0,0.09181713322512709
adult_control_7,0,0.11046316074477575
adult_control_7,0,0.1630163258090624
adult_control_7,0,0.14412709617456337
adult_control_7,0,0.1590293590853484
adult_control_7,0,0.25084602255274546
adult_control_7,0,0.13604644226469945
adult_control_7,0,0.15637893275270326
adult_control_7,0,0.10549849018206553
adult_control_7,0,0.1563307080020557
adult_control_7,0,0.20692727541645756
adult_control_7,0,0.10146709737160328
adult_control_7,0,0.05854776837747002
adult_control_7,0,0.3911549618407517
adult_control_7,0,0.2819291286622092
adult_control_7,0,0.22721292398792878
adult_control_7,0,0.041512500860660176
adult_control_7,0,0.04830904427413412
adult_control_7,0,0.1271608342672546
adult_control_7,0,0.19594131938626358
adult_control_7,0,0.2158350080138357
adult_control_7,0,0.4176561408565731
adult_control_7,0,0.2303627657323243
adult_control_7,0,0.0666421250699785
adult_control_7,0,0.0848329695271558
adult_control_7,0,0.10746970907304515
adult_control_7,0,0.06420788202811827
adult_control_7,0,0.1925579298354352
adult_control_7,0,0.20714919596242895
adult_control_7,0,0.1302385708398232
adult_control_7,0,0.12281756346683616
adult_control_7,0,0.30308034114934307
adult_control_7,0,0.03150534098246395
adult_control_7,0,0.05385083041629703
adult_control_7,0,0.5944192981620583
adult_control_7,0,0.41379605389750385
adult_control_7,0,0.19495391588036173
adult_control_7,0,0.13394093530550066
adult_control_7,0,0.0680368968159529
adult_control_7,0,0.10656197750067306
adult_control_7,0,0.07157758809272868
adult_control_7,0,0.11510254369072183
adult_control_7,0,0.17200683959789972
adult_control_7,0,0.42564210528934454
adult_control_7,0,0.36834032018517066
adult_control_7,0,0.11639259926936396
adult_control_7,0,0.17885657828440257
adult_control_7,0,0.2954146666930136
adult_control_7,0,0.06397298478225413
adult_control_7,0,0.08257516718127003
adult_control_7,0,0.1290193028824512
adult_control_7,0,0.07950473907732887
adult_control_7,0,0.06744276457566499
adult_control_7,0,0.08587258098943039
adult_control_7,0,0.05794945172460718
adult_control_7,0,0.20024776986546916
adult_control_7,0,0.07186797121663109
adult_control_7,0,0.03181317905092175
adult_control_7,0,0.07308362521841849
adult_control_7,0,0.2259576463389927
adult_control_7,0,0.15474698902419332
adult_control_7,0,0.20256938581346043
adult_control_7,0,0.24963147884934742
adult_control_7,0,0.063262532660359
adult_control_7,0,0.2061908276547813
adult_control_7,0,0.07404289103720424
adult_control_7,0,0.13424985049487026
adult_control_7,0,0.07697489809756664
adult_control_7,0,0.09943225627975151
adult_control_7,0,0.12564925784078548
adult_control_7,0,0.05285685753260401
adult_control_7,0,0.3187491818636913
adult_control_7,0,0.1611929560560924
adult_control_7,0,0.2937340650402583
adult_control_7,0,0.4702231645464359
adult_control_7,0,0.06442913180063871
adult_control_7,0,0.16193408736404502
adult_control_7,0,0.2880935518288356
adult_control_7,0,0.18911607650304835
adult_control_7,0,0.0517001287977462
adult_control_7,0,0.045010256548227726
adult_control_7,0,0.16280357505546397
adult_control_7,0,0.17528636236140016
adult_control_7,0,0.09954182341281807
adult_control_7,0,0.15198161805310362
adult_control_7,0,0.11257611342560202
adult_control_7,0,0.16876439207714414
adult_control_7,0,0.11760446455882856
adult_control_7,0,0.17078764410387182
adult_control_7,0,0.4073236506580062
adult_control_7,0,0.240685046099441
adult_control_7,0,0.19815072553500931
adult_control_7,0,0.1603287153365209
adult_control_7,0,0.22664198242186595
adult_control_7,0,0.1464642844900021
adult_control_7,0,0.020551811846312364
adult_control_7,0,0.12545633762821137
adult_control_7,0,0.4121426598985208
adult_control_7,0,0.2548373313424476
adult_control_7,0,0.08956757135766469
adult_control_7,0,0.17762962374366068
adult_control_7,0,0.018605533235072583
adult_control_7,0,0.018847882255450685
adult_control_7,0,0.061739296558647315
adult_control_7,0,0.2304359349555203
adult_control_7,0,0.18124450321942523
adult_control_7,0,0.14423620113760846
adult_control_7,0,0.10763643389790671
adult_control_7,0,0.39151253046572854
adult_control_7,0,0.2529541655763499
adult_control_7,0,0.26931797241965916
adult_control_7,0,0.11959689675731969
adult_control_7,0,0.7062761714704118
adult_control_7,0,0.8621279918224969
adult_control_7,0,0.4435358052628049
adult_control_7,0,0.23231231734360894
adult_control_7,0,0.07699463275830054
adult_control_7,0,0.10949226051109688
adult_control_7,0,0.25985826886342617
adult_control_7,0,0.45341401091229905
adult_control_7,0,0.19395430021082435
adult_control_7,0,0.060573930470558306
adult_control_7,0,0.27136430609115547
adult_control_7,0,0.17967425441585413
adult_control_7,0,0.1637112727097274
adult_control_7,0,0.13587097679783022
adult_control_7,0,0.22324417327489837
adult_control_7,0,0.5312769247712331
adult_control_7,0,0.14717900953786478
adult_control_7,0,0.1885048247600528
adult_control_7,0,0.11601346504387822
adult_control_7,0,0.30755224294444417
adult_control_7,0,0.16522965057448985
adult_control_7,0,0.07032053913130078
adult_control_7,0,0.11413398450604045
adult_control_7,0,0.19955221979571602
adult_control_7,0,0.07407743627550592
adult_control_7,0,0.03164461832530601
adult_control_7,0,0.2257642621745915
adult_control_7,0,0.08065915245422578
adult_control_7,0,0.08020332803214991
adult_control_7,0,0.08343293673979876
adult_control_7,0,0.22487653563487586
adult_control_7,0,0.2399992857879367
adult_control_7,0,0.16437684595705265
adult_control_7,0,0.11752564150041232
adult_control_7,0,0.37350654439100156
adult_control_7,0,0.5993640718085868
adult_control_7,0,0.13838546806040275
adult_control_7,0,0.5204803268026449
adult_control_7,0,0.48540501655310025
adult_control_7,0,0.48646399413250724
adult_control_7,0,0.07509022711978526
adult_control_7,0,0.0987780313408864
adult_control_7,0,0.13761389092375145
adult_control_7,0,0.19006802204175802
adult_control_7,0,0.1018928668276156
adult_control_7,0,0.08879265621252325
adult_control_7,0,0.17447125063614927
adult_control_7,0,0.041198709539024124
adult_control_7,0,0.06587949485283674
adult_control_7,0,0.2635222888909886
adult_control_7,0,0.15332281230658779
adult_control_7,0,0.12314106379486849
adult_control_7,0,0.05546957891878802
adult_control_7,0,0.22798501951879638
adult_control_7,0,0.1660399456819725
adult_control_7,0,0.3670508452557642
adult_control_7,0,0.35858021504255977
adult_control_7,0,0.21075035254565488
adult_control_7,0,0.05800799922880156
adult_control_7,0,0.05319257415400499
adult_control_7,0,0.147730330027955
adult_control_7,0,0.10798442626167383
adult_control_7,0,0.20684034480174204
adult_control_7,0,0.3124719658266782
adult_control_7,0,0.044725154306861636
adult_control_7,0,0.03750231868240972
adult_control_7,0,0.0737197226608585
adult_control_7,0,0.1310086355699025
adult_control_7,0,0.40748518828718344
adult_control_7,0,0.09062232902175893
adult_control_7,0,0.0454248597324879
adult_control_7,0,0.15983788522361275
adult_control_7,0,0.06925900266153705
adult_control_7,0,0.0786667542405009
adult_control_7,0,0.1833725232905051
adult_control_7,0,0.17083136603808768
adult_control_7,0,0.23522080246166427
adult_control_7,0,0.3127309498473974
adult_control_7,0,0.03282988309834381
adult_control_7,0,0.1583279472665065
adult_control_7,0,0.31198719605652164
adult_control_7,0,0.531704811115253
adult_control_7,0,0.4950420677433697
adult_control_7,0,0.2896660028430827
adult_control_7,0,0.3401478275208069
adult_control_7,0,0.14535998655856947
adult_control_7,0,0.33912691312285287
adult_control_7,0,0.14164203013392232
adult_control_7,0,0.07802691609167035
adult_control_7,0,0.07979540509686245
adult_control_7,0,0.13225352751103953
adult_control_7,0,0.14414024752021912
adult_control_7,0,0.1345104482671797
adult_control_7,0,0.0818939411738324
adult_control_7,0,0.1265952082905134
adult_control_7,0,0.11512939696753363
adult_control_7,0,0.16803156360858823
adult_control_7,0,0.10242796167049137
adult_control_7,0,0.034457979942456377
adult_control_7,0,0.08010067405142172
adult_control_7,0,0.19301410832835564
adult_control_7,0,0.07593274262372138
adult_control_7,0,0.0853009020475819
adult_control_7,0,0.24559297709590555
adult_control_7,0,0.17868484672146476
adult_control_7,0,0.2545179587667366
adult_control_7,0,0.0967326106617867
adult_control_7,0,0.06711683308610927
adult_control_7,0,0.10761227171448445
adult_control_7,0,0.29824797019216664
adult_control_7,0,0.18987793714797352
adult_control_7,0,0.3440564224144592
adult_control_7,0,0.09585798143238082
adult_control_7,0,0.2324182360054826
adult_control_7,0,0.11256955973181637
adult_control_7,0,0.20920273534984643
adult_control_7,0,0.19508780443279233
adult_control_7,0,0.6533457850632756
adult_control_7,0,0.22104343644516508
adult_control_7,0,0.21423938329820721
adult_control_7,0,0.5924604807754166
adult_control_7,0,0.3094808894548372
adult_control_7,0,0.1623861466685845
adult_control_7,0,0.18282728695710415
adult_control_7,0,0.11070797607461866
adult_control_7,0,0.17806320850463273
adult_control_7,0,0.18781153222019734
adult_control_7,0,0.07397330883260578
adult_control_7,0,0.03604303810768603
adult_control_7,0,0.14904427963556185
adult_control_7,0,0.276597710658125
adult_control_7,0,0.39823009327513553
adult_control_7,0,0.14945530664649273
adult_control_7,0,0.25438746721169314
adult_control_7,0,0.14207231467424336
adult_control_7,0,0.14499788550746112
adult_control_7,0,0.2785282603072597
adult_control_7,0,0.15700096593708143
adult_control_7,0,0.4254763268882323
adult_control_7,0,0.13598978375282633
adult_control_7,0,0.08715303341463417
adult_control_7,0,0.3399987273450935
adult_control_7,0,0.1709380952756749
adult_control_7,0,0.41155534904901897
adult_control_7,0,0.7783916869533323
adult_control_7,0,0.12558274177498652
adult_control_7,0,0.06654328899581417
adult_control_7,0,0.10889817920339323
adult_control_7,0,0.18649528876432162
adult_control_7,0,0.1781034068699947
adult_control_7,0,0.42169694706379834
adult_control_7,0,0.30953331283712765
adult_control_7,0,0.29885641744058644
adult_control_7,0,0.38206469669604204
adult_control_7,0,0.11127033762335782
adult_control_7,0,0.14684494362526698
adult_control_7,0,0.39677485050677835
adult_control_7,0,0.2476041443811612
adult_control_7,0,0.16531180742867682
adult_control_7,0,0.33194263481320796
adult_control_7,0,0.019876650049231462
adult_control_7,0,0.29586375055292813
adult_control_7,0,0.20671381770188071
adult_control_7,0,0.2114862125945877
adult_control_7,0,0.17884891225876695
adult_control_7,0,0.15412946578610304
adult_control_7,0,0.12528683444082203
adult_control_7,0,0.16652160543724587
adult_control_7,0,0.10222020642690063
adult_control_7,0,0.1037632556468197
adult_control_7,0,0.29824050233975685
adult_control_7,0,0.06989480323585641
adult_control_7,0,0.4068741192171061
adult_control_7,0,0.21571398196311706
adult_control_7,0,0.23661956161192124
adult_control_7,0,0.40259077668252796
adult_control_7,0,0.26142961627469297
adult_control_7,0,0.2770879512346815
adult_control_7,0,0.34851393671801706
adult_control_7,0,0.03435835536893803
adult_control_7,0,0.09047523020696385
adult_control_7,0,0.10742461393914388
adult_control_7,0,0.13766714147186826
adult_control_7,0,0.0859420340851961
adult_control_7,0,0.060134341479832286
adult_control_7,0,0.15442090933400235
adult_control_7,0,0.15096605797712628
adult_control_7,0,0.13428577489105625
adult_control_7,0,0.10668909198233088
adult_control_7,0,0.03127246511583164
adult_control_7,0,0.2223052074795825
adult_control_7,0,0.4713324628304824
adult_control_7,0,0.23913222380239152
adult_control_7,0,0.15894824972637966
adult_control_7,0,0.2189351391196067
adult_control_7,0,0.14983609134608727
adult_control_7,0,0.3445272006412092
adult_control_7,0,0.43465785675236546
adult_control_7,0,0.5701924172070404
adult_control_7,0,0.30770640314263203
adult_control_7,0,0.11167226707511838
adult_control_7,0,0.0767767037982939
adult_control_7,0,0.055773719748905305
adult_control_7,0,0.24891227377752684
adult_control_7,0,0.03395411298505836
adult_control_7,0,0.7811340526263437
adult_control_7,0,0.2899856652326087
adult_control_7,0,0.038440710744632844
adult_control_7,0,0.23630987980112228
adult_control_7,0,0.23402892913012718
adult_control_7,0,0.13114785963151465
adult_control_7,0,0.35389192482635584
adult_control_7,0,0.26180534487590135
adult_control_7,0,0.14116335883648692
adult_control_7,0,0.18049934404860835
adult_control_7,0,0.3650451262981807
adult_control_7,0,0.14820849292314212
adult_control_7,0,0.26138415551157423
adult_control_7,0,0.16975668966756807
adult_control_7,0,0.25377050527703804
adult_control_7,0,0.10663783247708397
adult_control_7,0,0.18012797964732438
adult_control_7,0,0.16042087358763102
adult_control_7,0,0.3000960049205246
adult_control_7,0,0.11697217957290092
adult_control_7,0,0.12896571257196787
adult_control_7,0,0.10814784538866085
adult_control_7,0,0.06232826280298165
adult_control_7,0,0.050911056941112205
adult_control_7,0,0.1306696822139054
adult_control_7,0,0.06056366296780236
adult_control_7,0,0.0919970811020104
adult_control_7,0,0.28665974025704116
adult_control_7,0,0.3123439100384577
adult_control_7,0,0.27337696760932256
adult_control_7,0,0.12431022056845108
adult_control_7,0,0.0639170945833655
adult_control_7,0,0.4780018047638443
adult_control_7,0,0.09219959467067128
adult_control_7,0,0.10275109258443742
adult_control_7,0,0.020285367302360552
adult_control_7,0,0.07933097121132533
adult_control_7,0,0.05915935720668948
adult_control_7,0,0.02708033703625932
adult_control_7,0,0.12986615643871754
adult_control_7,0,0.2859138236445273
adult_control_7,0,0.309304682062249
adult_control_7,0,0.3127060806281789
adult_control_7,0,0.14423494589165445
adult_control_7,0,0.06686275101878876
adult_control_7,0,0.15352372858415209
adult_control_7,0,0.5370087109553257
adult_control_7,0,0.26507121392957184
adult_control_7,0,0.2748606358799276
adult_control_7,0,0.14301680057579677
adult_control_7,0,0.10155232408079184
adult_control_7,0,0.2717923405405368
adult_control_7,0,0.0769632213685939
adult_control_7,0,0.048517698292664495
adult_control_7,0,0.1186361568311329
adult_control_7,0,0.20099663404441967
adult_control_7,0,0.4446580119078926
adult_control_7,0,0.30928981682167656
adult_control_7,0,0.21067722894254676
adult_control_7,0,0.21090958288365363
adult_control_7,0,0.24726687640643386
adult_control_7,0,0.21061664411534745
adult_control_7,0,0.13782736279168786
adult_control_7,0,0.26382165662153145
adult_control_7,0,0.1225696772960982
adult_control_7,0,0.0823100048779156
adult_control_7,0,0.06124930678662186
adult_control_7,0,0.13305040417116584
adult_control_7,0,0.3873513388047885
adult_control_7,0,0.05430669688632568
adult_control_7,0,0.060026582440341716
adult_control_7,0,0.23193578850579358
adult_control_7,0,0.321789330916562
adult_control_7,0,0.09239380195885064
adult_control_7,0,0.3880954354249901
adult_control_7,0,0.11245119570279791
adult_control_7,0,0.27687196609240816
adult_control_7,0,0.20586116907355495
adult_control_7,0,0.10893226573648325
adult_control_7,0,0.2631527439398676
adult_control_7,0,0.10582268198780416
adult_control_7,0,0.04372703783899761
adult_control_7,0,0.23318356504435356
adult_control_7,0,0.06157383741417117
adult_control_7,0,0.04374510962791787
adult_control_7,0,0.24280674249493164
adult_control_7,0,0.05802188707259395
adult_control_7,0,0.13046775706858652
adult_control_7,0,0.2131953265674451
adult_control_7,0,0.5794738788349529
adult_control_7,0,0.36220875269967684
adult_control_7,0,0.24913670364927948
adult_control_7,0,0.10885750177455575
adult_control_7,0,0.11765442791003983
adult_control_7,0,0.18845583321750414
adult_control_7,0,0.10565435517675562
adult_control_7,0,0.03996686141425054
adult_control_7,0,0.13541213783036143
adult_control_7,0,0.23333679405441882
adult_control_7,0,0.2697339670056108
adult_control_7,0,0.46434149886975545
adult_control_7,0,0.16296184516300097
adult_control_7,0,0.46740800556676554
adult_control_7,0,0.37075306081846854
adult_control_7,0,0.3756322476739549
adult_control_7,0,0.152479655502859
adult_control_7,0,0.10063920407494106
adult_control_7,0,0.11020645118801395
adult_control_7,0,0.1822236815355903
adult_control_7,0,0.17686469950976294
adult_control_7,0,0.2197256758122241
adult_control_7,0,0.18386669538851325
adult_control_7,0,0.1886151281774049
adult_control_7,0,0.18157897407519794
adult_control_7,0,0.15367686668440123
adult_control_7,0,0.1006920744907741
adult_control_7,0,0.2608275065126303
adult_control_7,0,0.13708970668575782
adult_control_7,0,0.26495784412759593
adult_control_7,0,0.31440097180541066
adult_control_7,0,0.3169105583905832
adult_control_7,0,0.21505042808241348
adult_control_7,0,0.20206298427049568
adult_control_7,0,0.5314790494321833
adult_control_7,0,0.4348352909527898
adult_control_7,0,0.4296910492374674
adult_control_7,0,0.3783551215562669
adult_control_7,0,0.053378458474198816
adult_control_7,0,0.05281057256429755
adult_control_7,0,0.02926199962507042
adult_control_7,0,0.08255345669421106
adult_control_7,0,0.3405163211350817
adult_control_7,0,0.21845598082554202
adult_control_7,0,0.1582932688192172
adult_control_7,0,0.13996493501177812
adult_control_7,0,0.1593111070249268
adult_control_7,0,0.21260864120061243
adult_control_7,0,0.06730804618079489
adult_control_7,0,0.10791041780221246
adult_control_7,0,0.5293925789515549
adult_control_7,0,0.23727146639165403
adult_control_7,0,0.18052181523343075
adult_control_7,0,0.14181031641398884
adult_control_7,0,0.1613441409703235
adult_control_7,0,0.31143406699975945
adult_control_7,0,0.22695358402104654
adult_control_7,0,0.2737237655005003
adult_control_7,0,0.21962917574254984
adult_control_7,0,0.37903831968834156
adult_control_7,0,0.2517644537347481
adult_control_7,0,0.19626325610435014
adult_control_7,0,0.11216702450269114
adult_control_7,0,0.16352071403827975
adult_control_7,0,0.08586253617091111
adult_control_7,0,0.20707244098110564
adult_control_7,0,0.27208677356972283
adult_control_7,0,0.3308112730915336
adult_control_7,0,0.14658035550646845
adult_control_7,0,0.1264542676062669
adult_control_7,0,0.12245870907168743
adult_control_7,0,0.19087275776297627
adult_control_7,0,0.20348498516242616
adult_control_7,0,0.47692932013624717
adult_control_7,0,0.25709847641979927
adult_control_7,0,0.03679864145841139
adult_control_7,0,0.2869145014880271
adult_control_7,0,0.3579560777217012
adult_control_7,0,0.11262452581333653
adult_control_7,0,0.14926750371933464
adult_control_7,0,0.12247900398218274
adult_control_7,0,0.11118333813432302
adult_control_7,0,0.10196639121924223
adult_control_7,0,0.1324864105333325
adult_control_7,0,0.04591426809901862
adult_control_7,0,0.10730702269290804
adult_control_7,0,0.07265674979778337
adult_control_7,0,0.07612444872394143
adult_control_7,0,0.09999586671661875
adult_control_7,0,0.20249408412695216
adult_control_7,0,0.16230428815192582
adult_control_7,0,0.10813349334962175
adult_control_7,0,0.20864681109993005
adult_control_7,0,0.3777088030221486
adult_control_7,0,0.16232343628166918
adult_control_7,0,0.33718771260202074
adult_control_7,0,0.2757970420508767
adult_control_7,0,0.042557918196388045
adult_control_7,0,0.2161505784736146
adult_control_7,0,0.24869489118463667
adult_control_7,0,0.12174673037818444
adult_control_7,0,0.15042099516058483
adult_control_7,0,0.17487613213990105
adult_control_7,0,0.03631130693088672
adult_control_7,0,0.041256279876121946
adult_control_7,0,0.1562146937222243
adult_control_7,0,0.14644494742341266
adult_control_7,0,0.17333427321423556
adult_control_7,0,0.07548718909479926
adult_control_7,0,0.06212435622316002
adult_control_7,0,0.11583545923848408
adult_control_7,0,0.03367668428824294
adult_control_7,0,0.1704501194574334
adult_control_7,0,0.09525024959285776
adult_control_7,0,0.3533996904671831
adult_control_7,0,0.5161982234997455
adult_control_7,0,0.17199361631704213
adult_control_7,0,0.06732380454019596
adult_control_7,0,0.0906349245035922
adult_control_7,0,0.09306034829224824
adult_control_7,0,0.04282102788233228
adult_control_7,0,0.15581471711158515
adult_control_7,0,0.22752484860485533
adult_control_7,0,0.3172143579633411
adult_control_7,0,0.07482760720820064
adult_control_7,0,0.1077092194055125
adult_control_7,0,0.4572717626794295
adult_control_7,0,0.26002313292395624
adult_control_7,0,0.1190468374068573
adult_control_7,0,0.39011105294428133
adult_control_7,0,0.20957072447985697
adult_control_7,0,0.1397180531586594
adult_control_7,0,0.0735477824334521
adult_control_7,0,0.1406494996419159
adult_control_7,0,0.12288224930291004
adult_control_7,0,0.1481076436245578
adult_control_7,0,0.2965327210475449
adult_control_7,0,0.3086326945812209
adult_control_7,0,0.17867628743201527
adult_control_7,0,0.07467627297231634
adult_control_7,0,0.04368686845318117
adult_control_7,0,0.03842442609622294
adult_control_7,0,0.161623905135641
adult_control_7,0,0.09896942338221477
adult_control_7,0,0.052192920787684574
adult_control_7,0,0.09240246969754157
adult_control_7,0,0.03342885627013486
adult_control_7,0,0.12024743139195701
adult_control_8,0,0.07869081888688445
adult_control_8,0,0.014485059177785638
adult_control_8,0,0.01402319166215433
adult_control_8,0,0.009218989718903607
adult_control_8,0,0.009469838465124666
adult_control_8,0,0.003177179654257263
adult_control_8,0,0.003488376496284324
adult_control_8,0,0.0005007045664712756
adult_control_8,0,0.008857885251264758
adult_control_8,0,0.010023996676954448
adult_control_8,0,0.0029594870904820886
adult_control_8,0,0.007194669802459725
adult_control_8,0,0.005024422942305016
adult_control_8,0,0.0007538074784707595
adult_control_8,0,0.0024139194455655728
adult_control_8,0,0.01089595324635763
adult_control_8,0,0.005666393920127061
adult_control_8,0,0.003985241740621576
adult_control_8,0,0.002497409014807532
adult_control_8,0,0.12130632729190942
adult_control_8,0,0.010476722026438684
adult_control_8,0,0.0041861308755526
adult_control_8,0,0.00047174055809898213
adult_control_8,0,0.001676346390635955
adult_control_8,0,0.007812968207561772
adult_control_8,0,0.026073050569464705
adult_control_8,0,0.016675052120193296
adult_control_8,0,0.014734408821375696
adult_control_8,0,0.051457483944683864
adult_control_8,0,0.06703751512584263
adult_control_8,0,0.005188417476908387
adult_control_8,0,0.003041770579772814
adult_control_8,0,0.04153040219572528
adult_control_8,0,0.01974571803972829
adult_control_8,0,0.031015652883804458
adult_control_8,0,0.23335283651170494
adult_control_8,0,0.06384340853884438
adult_control_8,0,0.013759313221678966
adult_control_8,0,0.006334402869562659
adult_control_8,0,0.009840061361375
adult_control_8,0,0.008137668990717871
adult_control_8,0,0.003895295155985209
adult_control_8,0,0.0007686714250591385
adult_control_8,0,0.0021030876099948784
adult_control_8,0,0.02330345658552128
adult_control_8,0,0.0015833172934991843
adult_control_8,0,0.008949570965752263
adult_control_8,0,0.0013499642056380063
adult_control_8,0,0.0046617843151895025
adult_control_8,0,0.04126591389095662
adult_control_8,0,0.0059461543106067915
adult_control_8,0,0.0021112528367349644
adult_control_8,0,0.0036573908207942134
adult_control_8,0,0.009049920053963384
adult_control_8,0,0.001432229747973545
adult_control_8,0,0.00270564703649658
adult_control_8,0,0.040300911293133054
adult_control_8,0,0.06398715561238837
adult_control_8,0,0.15194588785859345
adult_control_8,0,0.0501016699567154
adult_control_8,0,0.005860506773913908
adult_control_8,0,0.08109006794321186
adult_control_8,0,0.038282783678371714
adult_control_8,0,0.003019205764656892
adult_control_8,0,0.0018000511417288836
adult_control_8,0,0.0004620832467871139
adult_control_8,0,0.0017115986586357546
adult_control_8,0,0.06116012696455159
adult_control_8,0,0.008124651078110045
adult_control_8,0,0.006564071936853409
adult_control_8,0,0.07937866623810722
adult_control_8,0,0.02118869445776107
adult_control_8,0,0.01317082018264146
adult_control_8,0,0.034265518871454556
adult_control_8,0,0.15378329162539636
adult_control_8,0,0.0380675098736794
adult_control_8,0,0.005686132936752051
adult_control_8,0,0.0313949300246672
adult_control_8,0,0.054601327660047425
adult_control_8,0,0.010083250170866614
adult_control_8,0,0.0012505659057769178
adult_control_8,0,0.009287768438517538
adult_control_8,0,0.00602149453214868
adult_control_8,0,0.006126932304903487
adult_control_8,0,0.007600579626283791
adult_control_8,0,0.016974405589861928
adult_control_8,0,0.01658039379592253
adult_control_8,0,0.061068597964105825
adult_control_8,0,0.0064373234051572905
adult_control_8,0,0.01686415402070322
adult_control_8,0,0.08799162552395443
adult_control_8,0,0.04142255821005078
adult_control_8,0,0.025178491169276215
adult_control_8,0,0.017390036833480286
adult_control_8,0,0.04467199130214983
adult_control_8,0,0.14565446406653387
adult_control_8,0,0.10101425840522152
adult_control_8,0,0.04796987159268671
adult_control_8,0,0.5842550116804436
adult_control_8,0,0.02006672112903761
adult_control_8,0,0.09277450605314087
adult_control_8,0,0.05478392987818346
adult_control_8,0,0.03230057345807905
adult_control_8,0,0.02758724287256115
adult_control_8,0,0.0781224558388683
adult_control_8,0,0.08292955414073173
adult_control_8,0,0.019674838854219945
adult_control_8,0,0.008704628186301161
adult_control_8,0,0.006426357344146649
adult_control_8,0,0.12864567112852165
adult_control_8,0,0.08648396518861098
adult_control_8,0,0.002523999062311291
adult_control_8,0,0.000405851812041676
adult_control_8,0,0.012627159639241933
adult_control_8,0,0.0021536282847693993
adult_control_8,0,0.0175135373007172
adult_control_8,0,0.010424085117848588
adult_control_8,0,0.009892820476141796
adult_control_8,0,0.0315767189605233
adult_control_8,0,0.005680387710111079
adult_control_8,0,0.0481111700692154
adult_control_8,0,0.024476887979019608
adult_control_8,0,0.0037853174099763917
adult_control_8,0,0.0008369567763229859
adult_control_8,0,0.006949782728794017
adult_control_8,0,0.014237106899810028
adult_control_8,0,0.001457330877668964
adult_control_8,0,0.005116770623017912
adult_control_8,0,0.04056429572231371
adult_control_8,0,0.03758252187325408
adult_control_8,0,0.12406786194555508
adult_control_8,0,0.023092632126913763
adult_control_8,0,0.007857327097314718
adult_control_8,0,0.05659546403502631
adult_control_8,0,0.04726122631713508
adult_control_8,0,0.014925567582907865
adult_control_8,0,0.0017445644800252885
adult_control_8,0,0.0266741945973306
adult_control_8,0,0.029103339421995653
adult_control_8,0,0.015721040249063678
adult_control_8,0,0.04658938479341718
adult_control_8,0,0.05571732269945661
adult_control_8,0,0.07160808718657455
adult_control_8,0,0.0676581208830166
adult_control_8,0,0.0144795250962735
adult_control_8,0,0.009370101312139925
adult_control_8,0,0.012317156052037237
adult_control_8,0,0.022759785812784376
adult_control_8,0,0.003036692091398622
adult_control_8,0,0.009452068291492874
adult_control_8,0,0.022433693331751027
adult_control_8,0,0.004278247614554122
adult_control_8,0,0.0037770598978290157
adult_control_8,0,0.004373520125497589
adult_control_8,0,0.005630351503663723
adult_control_8,0,0.016077814126410097
adult_control_8,0,0.06171645745600392
adult_control_8,0,0.008530053854089238
adult_control_8,0,0.00879376193337609
adult_control_8,0,0.005656733919694895
adult_control_8,0,0.009646663975574694
adult_control_8,0,0.005249689100773419
adult_control_8,0,0.07033194664425488
adult_control_8,0,0.04456817655832031
adult_control_8,0,0.0013892403159071083
adult_control_8,0,0.029494824089241107
adult_control_8,0,0.018168954600365952
adult_control_8,0,0.030229584205520944
adult_control_8,0,0.016908825610574562
adult_control_8,0,0.04500514271638169
adult_control_8,0,0.032072741447753954
adult_control_8,0,0.05551015946355147
adult_control_8,0,0.003686655079591639
adult_control_8,0,0.03240484376334227
adult_control_8,0,0.06090342582311982
adult_control_8,0,0.015019257775466801
adult_control_8,0,0.016981993536784843
adult_control_8,0,0.021946656794578436
adult_control_8,0,0.09469448510884368
adult_control_8,0,0.2963039465530818
adult_control_8,0,0.021917600178317592
adult_control_8,0,0.04625016642257699
adult_control_8,0,0.048847168509376176
adult_control_8,0,0.03202457129643929
adult_control_8,0,0.15939539463297595
adult_control_8,0,0.10031574942439374
adult_control_8,0,0.032461218682123635
adult_control_8,0,0.09440945720337182
adult_control_8,0,0.2741177275178132
adult_control_8,0,0.24903751778093713
adult_control_8,0,0.1549981276040289
adult_control_8,0,0.021966871161515033
adult_control_8,0,0.028733173754365647
adult_control_8,0,0.07369055389680544
adult_control_8,0,0.02834310952303972
adult_control_8,0,0.002827947457272863
adult_control_8,0,0.0007969300360797805
adult_control_8,0,0.006042411029951317
adult_control_8,0,0.06645190476370401
adult_control_8,0,0.20370680621005083
adult_control_8,0,0.054479432779782073
adult_control_8,0,0.012551281039469451
adult_control_8,0,0.014319073169593804
adult_control_8,0,0.003397588814337347
adult_control_8,0,0.04658844934197098
adult_control_8,0,0.16884255604619675
adult_control_8,0,0.09277044988212449
adult_control_8,0,0.05984092707739332
adult_control_8,0,0.1021475309308035
adult_control_8,0,0.048931559162672326
adult_control_8,0,0.02581032107708579
adult_control_8,0,0.04007130852706777
adult_control_8,0,0.11000814122482638
adult_control_8,0,0.07812491194106133
adult_control_8,0,0.02564319916482023
adult_control_8,0,0.007856164141261725
adult_control_8,0,0.008117858437292668
adult_control_8,0,0.007107320333044805
adult_control_8,0,0.056708657392991836
adult_control_8,0,0.007197496570811663
adult_control_8,0,0.008746582494129901
adult_control_8,0,0.0012689276801303088
adult_control_8,0,0.008335962269063055
adult_control_8,0,0.05499069358202055
adult_control_8,0,0.27225272885758145
adult_control_8,0,0.027846104613443702
adult_control_8,0,0.008306425559034285
adult_control_8,0,0.0048382131454959305
adult_control_8,0,0.003239545155598159
adult_control_8,0,0.002722240989645261
adult_control_8,0,0.00488377746649325
adult_control_8,0,0.015028199191917849
adult_control_8,0,0.004084446029674964
adult_control_8,0,0.005442344148211291
adult_control_8,0,0.0074147015116035496
adult_control_8,0,0.004315943381105815
adult_control_8,0,0.01307331256148796
adult_control_8,0,0.0010180387496411948
adult_control_8,0,0.0036935533244440715
adult_control_8,0,0.00826092145407781
adult_control_8,0,0.0358956306110227
adult_control_8,0,0.03791648286800884
adult_control_8,0,0.017366162153210043
adult_control_8,0,0.004615934489735613
adult_control_8,0,0.0020240408428201856
adult_control_8,0,0.016003064925945738
adult_control_8,0,0.11338290192049685
adult_control_8,0,0.0021965281657667867
adult_control_8,0,0.0024195343776201896
adult_control_8,0,0.037720868133139296
adult_control_8,0,0.0721338025502533
adult_control_8,0,0.014713036640138177
adult_control_8,0,0.010546345665724105
adult_control_8,0,0.006539709842401233
adult_control_8,0,0.015209360836722453
adult_control_8,0,0.00596573554407975
adult_control_8,0,0.006627145882312801
adult_control_8,0,0.005278719627208398
adult_control_8,0,0.005310089214770637
adult_control_8,0,0.007103439700338112
adult_control_8,0,0.015743415645841436
adult_control_8,0,0.0019134309194276436
adult_control_8,0,0.0034209612850238254
adult_control_8,0,0.039815137645054385
adult_control_8,0,0.08831252293628762
adult_control_8,0,0.03692043047791242
adult_control_8,0,0.001086108111090783
adult_control_8,0,0.0007880045678817494
adult_control_8,0,0.014545400416322364
adult_control_8,0,0.002878095946726114
adult_control_8,0,0.0053311537777156305
adult_control_8,0,0.003763624033045823
adult_control_8,0,0.005571640452116258
adult_control_8,0,0.06243248472806232
adult_control_8,0,0.032531742588160634
adult_control_8,0,0.024292775465504915
adult_control_8,0,0.08216454261631513
adult_control_8,0,0.0668888234041379
adult_control_8,0,0.018628529917626584
adult_control_8,0,0.0054946631978603664
adult_control_8,0,0.00466621990361865
adult_control_8,0,0.0026338576004413606
adult_control_8,0,0.0463989102203594
adult_control_8,0,0.00786447603215886
adult_control_8,0,0.0019017888738182616
adult_control_8,0,0.014993228073545533
adult_control_8,0,0.030912247997269
adult_control_8,0,0.011372026350806544
adult_control_8,0,0.0043044075701763294
adult_control_8,0,0.006725490513796473
adult_control_8,0,0.02947130187163396
adult_control_8,0,0.10121473191198842
adult_control_8,0,0.09272390425233926
adult_control_8,0,0.01743286221871872
adult_control_8,0,0.07745197653653811
adult_control_8,0,0.008527226221208413
adult_control_8,0,0.005018176362683387
adult_control_8,0,0.061259176345933496
adult_control_8,0,0.014560541851221069
adult_control_8,0,0.05105161409791363
adult_control_8,0,0.14094104302755087
adult_control_8,0,0.00897364140546454
adult_control_8,0,0.03485611334773081
adult_control_8,0,0.07483758413736799
adult_control_8,0,0.01247227153020951
adult_control_8,0,0.006562524943841927
adult_control_8,0,0.06216916525280584
adult_control_8,0,0.008810561283428687
adult_control_8,0,0.007053418050069707
adult_control_8,0,0.09394161642466468
adult_control_8,0,0.016123914785285094
adult_control_8,0,0.0002343519600013003
adult_control_8,0,0.0005003020862056967
adult_control_8,0,0.0036453866122000776
adult_control_8,0,0.0010841897376962146
adult_control_8,0,0.007864279807019913
adult_control_8,0,0.015073320960561345
adult_control_8,0,0.09130983894816584
adult_control_8,0,0.0634710925221221
adult_control_8,0,0.02062487496731829
adult_control_8,0,0.06246076939184617
adult_control_8,0,0.0750300185974195
adult_control_8,0,0.025133697322944598
adult_control_8,0,0.2086983729807844
adult_control_8,0,0.002349470256839078
adult_control_8,0,0.00011328123622974055
adult_control_8,0,0.0008144848770316064
adult_control_8,0,0.0020356896771303885
adult_control_8,0,0.004292471409033778
adult_control_8,0,0.020927910399052205
adult_control_8,0,0.05402817739075228
adult_control_8,0,0.01680784482268296
adult_control_8,0,0.02323904822321721
adult_control_8,0,0.008809429549973961
adult_control_8,0,0.015461265883832061
adult_control_8,0,0.0031463312703240427
adult_control_8,0,0.008968047081350804
adult_control_8,0,0.03247096081886439
adult_control_8,0,0.013053781975921878
adult_control_8,0,0.02192201732961007
adult_control_8,0,0.01571584938675114
adult_control_8,0,0.026511985510257734
adult_control_8,0,0.02133795808656539
adult_control_8,0,0.028136750413483572
adult_control_8,0,0.0012581184747898963
adult_control_8,0,0.006202102405943796
adult_control_8,0,0.010454632636885865
adult_control_8,0,0.010317087731076788
adult_control_8,0,0.014094055210016457
adult_control_8,0,0.09391788669237819
adult_control_8,0,0.013868501693494238
adult_control_8,0,0.023972789885119694
adult_control_8,0,0.017926255815925624
adult_control_8,0,0.07126564782906993
adult_control_8,0,0.04385513203779481
adult_control_8,0,0.056376130906647934
adult_control_8,0,0.034787031410297695
adult_control_8,0,0.014389035091244303
adult_control_8,0,0.004430773805368076
adult_control_8,0,0.004299421446750912
adult_control_8,0,0.029765743965909
adult_control_8,0,0.04735998792879651
adult_control_8,0,0.016260139684802374
adult_control_8,0,0.015469720998188424
adult_control_8,0,0.0030442896614776755
adult_control_8,0,0.004080838404044611
adult_control_8,0,0.006145641809262599
adult_control_8,0,0.0028975358706076907
adult_control_8,0,0.013472142521181925
adult_control_8,0,0.02386219875263716
adult_control_8,0,0.006286670212963844
adult_control_8,0,0.0075356637220345205
adult_control_8,0,0.027101640758138156
adult_control_8,0,0.01018516423950391
adult_control_8,0,0.0024921610634768576
adult_control_8,0,0.0027487324462217907
adult_control_8,0,0.020922807071704474
adult_control_8,0,0.02525275773705189
adult_control_8,0,0.13252734173773592
adult_control_8,0,0.021205180572176446
adult_control_8,0,0.00243312926830724
adult_control_8,0,0.022487828375239733
adult_control_8,0,0.016775134339472662
adult_control_8,0,0.0727287414299458
adult_control_8,0,0.05590251952307838
adult_control_8,0,0.12431511560531848
adult_control_8,0,0.14189261531708747
adult_control_8,0,0.028056166900899945
adult_control_8,0,0.015703344535374683
adult_control_8,0,0.03212079952775791
adult_control_8,0,0.020803819857176657
adult_control_8,0,0.010136282254526521
adult_control_8,0,0.026976561308879994
adult_control_8,0,0.03915186742241215
adult_control_8,0,0.039140965006422695
adult_control_8,0,0.014054506710344928
adult_control_8,0,0.013498179007655004
adult_control_8,0,0.0589428050021769
adult_control_8,0,0.09921172552750476
adult_control_8,0,0.018842363228885356
adult_control_8,0,0.005948422756920605
adult_control_8,0,0.011372121660474492
adult_control_8,0,0.013712491013168274
adult_control_8,0,0.009084993716956195
adult_control_8,0,0.0018395871277338746
adult_control_8,0,0.0035750291966574984
adult_control_8,0,0.0020691679674795
adult_control_8,0,0.0017782024728705361
adult_control_8,0,0.008828926636310585
adult_control_8,0,0.007185247654041944
adult_control_8,0,0.07063956169061421
adult_control_8,0,0.09061257441226182
adult_control_8,0,0.06067236742169368
adult_control_8,0,0.022124880170513957
adult_control_8,0,0.006570235314097835
adult_control_8,0,0.019340790693791958
adult_control_8,0,0.031601435979144984
adult_control_8,0,0.005962675145729193
adult_control_8,0,0.00978841652552013
adult_control_8,0,0.005545089614208184
adult_control_8,0,0.018415459244083103
adult_control_8,0,0.02228185065716653
adult_control_8,0,0.0006417178378337774
adult_control_8,0,0.0018322686909563602
adult_control_8,0,0.012494512523925104
adult_control_8,0,0.00675469872670198
adult_control_8,0,0.002017506437170294
adult_control_8,0,0.028972727352077114
adult_control_8,0,0.027768031982985632
adult_control_8,0,0.017833487083163978
adult_control_8,0,0.07466926523469689
adult_control_8,0,0.11970232015580348
adult_control_8,0,0.05535764783269382
adult_control_8,0,0.022327235874935708
adult_control_8,0,0.04844449780124201
adult_control_8,0,0.00894812112661435
adult_control_8,0,0.20558496539744658
adult_control_8,0,0.09441355878056544
adult_control_8,0,0.02351356978331086
adult_control_8,0,0.012533781497571051
adult_control_8,0,0.005087591121239256
adult_control_8,0,0.0020687307192049373
adult_control_8,0,0.00357912081337932
adult_control_8,0,0.02362607339738558
adult_control_8,0,0.05322215498304419
adult_control_8,0,0.004784185645533767
adult_control_8,0,0.0007670570555176043
adult_control_8,0,0.0027974966228514957
adult_control_8,0,0.02127094148734623
adult_control_8,0,0.0018841359594530093
adult_control_8,0,0.0056742089531907
adult_control_8,0,0.016094032870455584
adult_control_8,0,0.004522066568865185
adult_control_8,0,0.003234346795921604
adult_control_8,0,0.007715789832959765
adult_control_8,0,0.013913290764825581
adult_control_8,0,0.003754930997069483
adult_control_8,0,0.012829724972979779
adult_control_8,0,0.0852851342231876
adult_control_8,0,0.003267608675851545
adult_control_8,0,0.00934978784812058
adult_control_8,0,0.02869894968720946
adult_control_8,0,0.001795842654526583
adult_control_8,0,0.027758280345234625
adult_control_8,0,0.028136691014532728
adult_control_8,0,0.008467047467382775
adult_control_8,0,0.011966112330707546
adult_control_8,0,0.01602142070273299
adult_control_8,0,0.004954658875165834
adult_control_8,0,0.0005286571371852711
adult_control_8,0,0.0029863144308470715
adult_control_8,0,0.015325604156986285
adult_control_8,0,0.01017782869352843
adult_control_8,0,0.015681803098366805
adult_control_8,0,0.002987808611652447
adult_control_8,0,0.028745479319738306
adult_control_8,0,0.008364504240360329
adult_control_8,0,0.008204018110137212
adult_control_8,0,0.07550288188397998
adult_control_8,0,0.014589606497884584
adult_control_8,0,0.006744695894315986
adult_control_8,0,0.006024720246949812
adult_control_8,0,0.007019229256679072
adult_control_8,0,0.016162239777182237
adult_control_8,0,0.06032901556575262
adult_control_8,0,0.009994292248165679
adult_control_8,0,0.017150064659398844
adult_control_8,0,0.05425290456329297
adult_control_8,0,0.033390157016282826
adult_control_8,0,0.02772325414296575
adult_control_8,0,0.040121226696474256
adult_control_8,0,0.046116998907960435
adult_control_8,0,0.004493805109753579
adult_control_8,0,0.003441712145264174
adult_control_8,0,0.0031495379014537367
adult_control_8,0,0.014573799658819388
adult_control_8,0,0.0027812048888394363
adult_control_8,0,0.009642903481976975
adult_control_8,0,0.04259817381676909
adult_control_8,0,0.005986050113565397
adult_control_8,0,0.02899367324932888
adult_control_8,0,0.0029170439605913554
adult_control_8,0,0.004229302613519272
adult_control_8,0,0.03031906978074863
adult_control_8,0,0.024125660525709164
adult_control_8,0,0.024205134247039562
adult_control_8,0,0.010106487405524035
adult_control_8,0,0.03623364982078036
adult_control_8,0,0.02918606502721955
adult_control_8,0,0.0015437604214339575
adult_control_8,0,0.010564090460803914
adult_control_8,0,0.012034478477378074
adult_control_8,0,0.007877091489570638
adult_control_8,0,0.018349474042577033
adult_control_8,0,0.03397017208525291
adult_control_8,0,0.0066537531115425635
adult_control_8,0,0.0007303418103257608
adult_control_8,0,0.002347138485047116
adult_control_8,0,0.019779600574427604
adult_control_8,0,0.16440218019550773
adult_control_8,0,0.08804814384109089
adult_control_8,0,0.027420473905898007
adult_control_8,0,0.010848749750286935
adult_control_8,0,0.009390021648978748
adult_control_8,0,0.007600344243848413
adult_control_8,0,0.058395119370656744
adult_control_8,0,0.07357571801174062
adult_control_8,0,0.008144911212604636
adult_control_8,0,0.011269134853431681
adult_control_8,0,0.007417405782401624
adult_control_8,0,0.00799649027874913
adult_control_8,0,0.007777991122417126
adult_control_8,0,0.008535950885199765
adult_control_8,0,0.012681740323699434
adult_control_8,0,0.0038500494803126134
adult_control_8,0,0.0048680625434046245
adult_control_8,0,0.021620899684374372
adult_control_8,0,0.04681681911275999
adult_control_8,0,0.19922114434402072
adult_control_8,0,0.03340887117184171
adult_control_8,0,0.02252431817761425
adult_control_8,0,0.005749080806554357
adult_control_8,0,0.00821964669515025
adult_control_8,0,0.005041609987726929
adult_control_8,0,0.01312307796560033
adult_control_8,0,0.031889145135559474
adult_control_8,0,0.15048982209995435
adult_control_8,0,0.008883430141393207
adult_control_8,0,0.000698682848366899
adult_control_8,0,0.011235548907781128
adult_control_8,0,0.012955623015996698
adult_control_8,0,0.0008951284194061036
adult_control_8,0,0.01078947232415473
adult_control_8,0,0.01712283711172317
adult_control_8,0,0.054597525695492644
adult_control_8,0,0.03898881757590886
adult_control_8,0,0.005478516177868577
adult_control_8,0,0.007756882930066139
adult_control_8,0,0.0195048130563482
adult_control_8,0,0.05158918896947964
adult_control_8,0,0.011262074552551423
adult_control_8,0,0.0067390008943653415
adult_control_8,0,0.004759903857269682
adult_control_8,0,0.009343688281542292
adult_control_8,0,0.03383411566350426
adult_control_8,0,0.026081867933400102
adult_control_8,0,0.009226665339075825
adult_control_8,0,0.006969092118259372
adult_control_8,0,0.006971306347390366
adult_control_8,0,0.02443742943809669
adult_control_8,0,0.019831815649864724
adult_control_8,0,0.0008423377925382285
adult_control_8,0,0.0032939826707620834
adult_control_8,0,0.05754072577358526
adult_control_8,0,0.0033872795315242196
adult_control_8,0,0.000592715833333952
adult_control_8,0,0.0019589514395369225
adult_control_8,0,0.0006883314042570239
adult_control_8,0,0.0028119910617510143
adult_control_8,0,0.003921001099106278
adult_control_8,0,0.01594617931347031
adult_control_8,0,0.036794020127647924
adult_control_8,0,0.012020890668657715
adult_control_8,0,0.014214735126910006
adult_control_8,0,0.004776866050124273
adult_control_8,0,0.002752662270550396
adult_control_8,0,0.002773254363136168
adult_control_8,0,0.020204748839704443
adult_control_8,0,0.018912664515179787
adult_control_8,0,0.038534987517815825
adult_control_8,0,0.056844196991216046
adult_control_8,0,0.052154793304286344
adult_control_8,0,0.07448232907294604
adult_control_8,0,0.03080551126949976
adult_control_8,0,0.004809603428600674
adult_control_8,0,0.0016111650445681102
adult_control_8,0,0.07030999848321844
adult_control_8,0,0.05591760308850042
adult_control_8,0,0.012264177960009063
adult_control_8,0,0.03647801614983142
adult_control_8,0,0.021572165971491555
adult_control_8,0,0.041533646021721146
adult_control_8,0,0.00744532927940924
adult_control_8,0,0.0035836776526082486
adult_control_8,0,0.009093390561236831
adult_control_8,0,0.027633888025091122
adult_control_8,0,0.034400105720754186
adult_control_8,0,0.04077565692188845
adult_control_8,0,0.023793872922454464
adult_control_8,0,0.009977142562023707
adult_control_8,0,0.01474203243907612
adult_control_8,0,0.015377161879555817
adult_control_8,0,0.13574787926744952
adult_control_8,0,0.053115099482133346
adult_control_8,0,0.02067685852605167
adult_control_8,0,0.003756174381859059
adult_control_8,0,0.0017858008633496948
adult_control_8,0,0.02323211871641568
adult_control_8,0,0.015889682274141986
adult_control_8,0,0.016668163795155143
