manifest_path,scenario,protocol,seed,split,n_subjects,adhd_subjects,control_subjects,n_epochs,adhd_epochs,control_epochs,adhd_subject_proportion,adhd_epoch_proportion,subject_overlap_detected,unique_subject_ids
Results\CleanDeepBenchmark\adult_to_child\Bi-LSTM\split_manifest.json,adult_to_child,deep_subject_safe_adult_to_child_v1,42,train,14,7,7,8695,4327,4368,0.500000,0.497642,False,"[""adult_adhd_1"", ""adult_adhd_6"", ""adult_control_2"", ""adult_control_4"", ""adult_adhd_8"", ""adult_adhd_5"", ""adult_control_8"", ""adult_adhd_3"", ""adult_control_6"", ""adult_control_3"", ""adult_control_5"", ""adult_control_1"", ""adult_adhd_2"", ""adult_adhd_4""]"
Results\CleanDeepBenchmark\adult_to_child\Bi-LSTM\split_manifest.json,adult_to_child,deep_subject_safe_adult_to_child_v1,42,val,2,1,1,1236,616,620,0.500000,0.498382,False,"[""adult_control_7"", ""adult_adhd_7""]"
Results\CleanDeepBenchmark\adult_to_child\Bi-LSTM\split_manifest.json,adult_to_child,deep_subject_safe_adult_to_child_v1,42,test,121,61,60,4052,2269,1783,0.504132,0.559970,False,"[""child_adhd_1"", ""child_adhd_2"", ""child_adhd_3"", ""child_adhd_4"", ""child_adhd_5"", ""child_adhd_6"", ""child_adhd_7"", ""child_adhd_8"", ""child_adhd_9"", ""child_adhd_10"", ""child_adhd_11"", ""child_adhd_12"", ""child_adhd_13"", ""child_adhd_14"", ""child_adhd_15"", ""child_adhd_16"", ""child_adhd_17"", ""child_adhd_18"", ""child_adhd_19"", ""child_adhd_20"", ""child_adhd_21"", ""child_adhd_22"", ""child_adhd_23"", ""child_adhd_24"", ""child_adhd_25"", ""child_adhd_26"", ""child_adhd_27"", ""child_adhd_28"", ""child_adhd_29"", ""child_adhd_30"", ""child_adhd_31"", ""child_adhd_32"", ""child_adhd_33"", ""child_adhd_34"", ""child_adhd_35"", ""child_adhd_36"", ""child_adhd_37"", ""child_adhd_38"", ""child_adhd_39"", ""child_adhd_40"", ""child_adhd_41"", ""child_adhd_42"", ""child_adhd_43"", ""child_adhd_44"", ""child_adhd_45"", ""child_adhd_46"", ""child_adhd_47"", ""child_adhd_48"", ""child_adhd_49"", ""child_adhd_50"", ""child_adhd_51"", ""child_adhd_52"", ""child_adhd_53"", ""child_adhd_54"", ""child_adhd_55"", ""child_adhd_56"", ""child_adhd_57"", ""child_adhd_58"", ""child_adhd_59"", ""child_adhd_60"", ""child_adhd_61"", ""child_control_1"", ""child_control_2"", ""child_control_3"", ""child_control_4"", ""child_control_5"", ""child_control_6"", ""child_control_7"", ""child_control_8"", ""child_control_9"", ""child_control_10"", ""child_control_11"", ""child_control_12"", ""child_control_13"", ""child_control_14"", ""child_control_15"", ""child_control_16"", ""child_control_17"", ""child_control_18"", ""child_control_19"", ""child_control_20"", ""child_control_21"", ""child_control_22"", ""child_control_23"", ""child_control_24"", ""child_control_25"", ""child_control_26"", ""child_control_27"", ""child_control_28"", ""child_control_29"", ""child_control_30"", ""child_control_31"", ""child_control_32"", ""child_control_33"", ""child_control_34"", ""child_control_35"", ""child_control_36"", ""child_control_37"", ""child_control_38"", ""child_control_39"", ""child_control_40"", ""child_control_41"", ""child_control_42"", ""child_control_43"", ""child_control_44"", ""child_control_45"", ""child_control_46"", ""child_control_47"", ""child_control_48"", ""child_control_49"", ""child_control_50"", ""child_control_51"", ""child_control_52"", ""child_control_53"", ""child_control_54"", ""child_control_55"", ""child_control_56"", ""child_control_57"", ""child_control_58"", ""child_control_59"", ""child_control_60""]"
Results\CleanDeepBenchmark\adult_to_child\CNN\split_manifest.json,adult_to_child,deep_subject_safe_adult_to_child_v1,42,train,14,7,7,8695,4327,4368,0.500000,0.497642,False,"[""adult_adhd_1"", ""adult_adhd_6"", ""adult_control_2"", ""adult_control_4"", ""adult_adhd_8"", ""adult_adhd_5"", ""adult_control_8"", ""adult_adhd_3"", ""adult_control_6"", ""adult_control_3"", ""adult_control_5"", ""adult_control_1"", ""adult_adhd_2"", ""adult_adhd_4""]"
Results\CleanDeepBenchmark\adult_to_child\CNN\split_manifest.json,adult_to_child,deep_subject_safe_adult_to_child_v1,42,val,2,1,1,1236,616,620,0.500000,0.498382,False,"[""adult_control_7"", ""adult_adhd_7""]"
Results\CleanDeepBenchmark\adult_to_child\CNN\split_manifest.json,adult_to_child,deep_subject_safe_adult_to_child_v1,42,test,121,61,60,4052,2269,1783,0.504132,0.559970,False,"[""child_adhd_1"", ""child_adhd_2"", ""child_adhd_3"", ""child_adhd_4"", ""child_adhd_5"", ""child_adhd_6"", ""child_adhd_7"", ""child_adhd_8"", ""child_adhd_9"", ""child_adhd_10"", ""child_adhd_11"", ""child_adhd_12"", ""child_adhd_13"", ""child_adhd_14"", ""child_adhd_15"", ""child_adhd_16"", ""child_adhd_17"", ""child_adhd_18"", ""child_adhd_19"", ""child_adhd_20"", ""child_adhd_21"", ""child_adhd_22"", ""child_adhd_23"", ""child_adhd_24"", ""child_adhd_25"", ""child_adhd_26"", ""child_adhd_27"", ""child_adhd_28"", ""child_adhd_29"", ""child_adhd_30"", ""child_adhd_31"", ""child_adhd_32"", ""child_adhd_33"", ""child_adhd_34"", ""child_adhd_35"", ""child_adhd_36"", ""child_adhd_37"", ""child_adhd_38"", ""child_adhd_39"", ""child_adhd_40"", ""child_adhd_41"", ""child_adhd_42"", ""child_adhd_43"", ""child_adhd_44"", ""child_adhd_45"", ""child_adhd_46"", ""child_adhd_47"", ""child_adhd_48"", ""child_adhd_49"", ""child_adhd_50"", ""child_adhd_51"", ""child_adhd_52"", ""child_adhd_53"", ""child_adhd_54"", ""child_adhd_55"", ""child_adhd_56"", ""child_adhd_57"", ""child_adhd_58"", ""child_adhd_59"", ""child_adhd_60"", ""child_adhd_61"", ""child_control_1"", ""child_control_2"", ""child_control_3"", ""child_control_4"", ""child_control_5"", ""child_control_6"", ""child_control_7"", ""child_control_8"", ""child_control_9"", ""child_control_10"", ""child_control_11"", ""child_control_12"", ""child_control_13"", ""child_control_14"", ""child_control_15"", ""child_control_16"", ""child_control_17"", ""child_control_18"", ""child_control_19"", ""child_control_20"", ""child_control_21"", ""child_control_22"", ""child_control_23"", ""child_control_24"", ""child_control_25"", ""child_control_26"", ""child_control_27"", ""child_control_28"", ""child_control_29"", ""child_control_30"", ""child_control_31"", ""child_control_32"", ""child_control_33"", ""child_control_34"", ""child_control_35"", ""child_control_36"", ""child_control_37"", ""child_control_38"", ""child_control_39"", ""child_control_40"", ""child_control_41"", ""child_control_42"", ""child_control_43"", ""child_control_44"", ""child_control_45"", ""child_control_46"", ""child_control_47"", ""child_control_48"", ""child_control_49"", ""child_control_50"", ""child_control_51"", ""child_control_52"", ""child_control_53"", ""child_control_54"", ""child_control_55"", ""child_control_56"", ""child_control_57"", ""child_control_58"", ""child_control_59"", ""child_control_60""]"
Results\CleanDeepBenchmark\adult_to_child\EEGFormer\split_manifest.json,adult_to_child,deep_subject_safe_adult_to_child_v1,42,train,14,7,7,8695,4327,4368,0.500000,0.497642,False,"[""adult_adhd_1"", ""adult_adhd_6"", ""adult_control_2"", ""adult_control_4"", ""adult_adhd_8"", ""adult_adhd_5"", ""adult_control_8"", ""adult_adhd_3"", ""adult_control_6"", ""adult_control_3"", ""adult_control_5"", ""adult_control_1"", ""adult_adhd_2"", ""adult_adhd_4""]"
Results\CleanDeepBenchmark\adult_to_child\EEGFormer\split_manifest.json,adult_to_child,deep_subject_safe_adult_to_child_v1,42,val,2,1,1,1236,616,620,0.500000,0.498382,False,"[""adult_control_7"", ""adult_adhd_7""]"
Results\CleanDeepBenchmark\adult_to_child\EEGFormer\split_manifest.json,adult_to_child,deep_subject_safe_adult_to_child_v1,42,test,121,61,60,4052,2269,1783,0.504132,0.559970,False,"[""child_adhd_1"", ""child_adhd_2"", ""child_adhd_3"", ""child_adhd_4"", ""child_adhd_5"", ""child_adhd_6"", ""child_adhd_7"", ""child_adhd_8"", ""child_adhd_9"", ""child_adhd_10"", ""child_adhd_11"", ""child_adhd_12"", ""child_adhd_13"", ""child_adhd_14"", ""child_adhd_15"", ""child_adhd_16"", ""child_adhd_17"", ""child_adhd_18"", ""child_adhd_19"", ""child_adhd_20"", ""child_adhd_21"", ""child_adhd_22"", ""child_adhd_23"", ""child_adhd_24"", ""child_adhd_25"", ""child_adhd_26"", ""child_adhd_27"", ""child_adhd_28"", ""child_adhd_29"", ""child_adhd_30"", ""child_adhd_31"", ""child_adhd_32"", ""child_adhd_33"", ""child_adhd_34"", ""child_adhd_35"", ""child_adhd_36"", ""child_adhd_37"", ""child_adhd_38"", ""child_adhd_39"", ""child_adhd_40"", ""child_adhd_41"", ""child_adhd_42"", ""child_adhd_43"", ""child_adhd_44"", ""child_adhd_45"", ""child_adhd_46"", ""child_adhd_47"", ""child_adhd_48"", ""child_adhd_49"", ""child_adhd_50"", ""child_adhd_51"", ""child_adhd_52"", ""child_adhd_53"", ""child_adhd_54"", ""child_adhd_55"", ""child_adhd_56"", ""child_adhd_57"", ""child_adhd_58"", ""child_adhd_59"", ""child_adhd_60"", ""child_adhd_61"", ""child_control_1"", ""child_control_2"", ""child_control_3"", ""child_control_4"", ""child_control_5"", ""child_control_6"", ""child_control_7"", ""child_control_8"", ""child_control_9"", ""child_control_10"", ""child_control_11"", ""child_control_12"", ""child_control_13"", ""child_control_14"", ""child_control_15"", ""child_control_16"", ""child_control_17"", ""child_control_18"", ""child_control_19"", ""child_control_20"", ""child_control_21"", ""child_control_22"", ""child_control_23"", ""child_control_24"", ""child_control_25"", ""child_control_26"", ""child_control_27"", ""child_control_28"", ""child_control_29"", ""child_control_30"", ""child_control_31"", ""child_control_32"", ""child_control_33"", ""child_control_34"", ""child_control_35"", ""child_control_36"", ""child_control_37"", ""child_control_38"", ""child_control_39"", ""child_control_40"", ""child_control_41"", ""child_control_42"", ""child_control_43"", ""child_control_44"", ""child_control_45"", ""child_control_46"", ""child_control_47"", ""child_control_48"", ""child_control_49"", ""child_control_50"", ""child_control_51"", ""child_control_52"", ""child_control_53"", ""child_control_54"", ""child_control_55"", ""child_control_56"", ""child_control_57"", ""child_control_58"", ""child_control_59"", ""child_control_60""]"
Results\CleanDeepBenchmark\adult_to_child\LSTM\split_manifest.json,adult_to_child,deep_subject_safe_adult_to_child_v1,42,train,14,7,7,8695,4327,4368,0.500000,0.497642,False,"[""adult_adhd_1"", ""adult_adhd_6"", ""adult_control_2"", ""adult_control_4"", ""adult_adhd_8"", ""adult_adhd_5"", ""adult_control_8"", ""adult_adhd_3"", ""adult_control_6"", ""adult_control_3"", ""adult_control_5"", ""adult_control_1"", ""adult_adhd_2"", ""adult_adhd_4""]"
Results\CleanDeepBenchmark\adult_to_child\LSTM\split_manifest.json,adult_to_child,deep_subject_safe_adult_to_child_v1,42,val,2,1,1,1236,616,620,0.500000,0.498382,False,"[""adult_control_7"", ""adult_adhd_7""]"
Results\CleanDeepBenchmark\adult_to_child\LSTM\split_manifest.json,adult_to_child,deep_subject_safe_adult_to_child_v1,42,test,121,61,60,4052,2269,1783,0.504132,0.559970,False,"[""child_adhd_1"", ""child_adhd_2"", ""child_adhd_3"", ""child_adhd_4"", ""child_adhd_5"", ""child_adhd_6"", ""child_adhd_7"", ""child_adhd_8"", ""child_adhd_9"", ""child_adhd_10"", ""child_adhd_11"", ""child_adhd_12"", ""child_adhd_13"", ""child_adhd_14"", ""child_adhd_15"", ""child_adhd_16"", ""child_adhd_17"", ""child_adhd_18"", ""child_adhd_19"", ""child_adhd_20"", ""child_adhd_21"", ""child_adhd_22"", ""child_adhd_23"", ""child_adhd_24"", ""child_adhd_25"", ""child_adhd_26"", ""child_adhd_27"", ""child_adhd_28"", ""child_adhd_29"", ""child_adhd_30"", ""child_adhd_31"", ""child_adhd_32"", ""child_adhd_33"", ""child_adhd_34"", ""child_adhd_35"", ""child_adhd_36"", ""child_adhd_37"", ""child_adhd_38"", ""child_adhd_39"", ""child_adhd_40"", ""child_adhd_41"", ""child_adhd_42"", ""child_adhd_43"", ""child_adhd_44"", ""child_adhd_45"", ""child_adhd_46"", ""child_adhd_47"", ""child_adhd_48"", ""child_adhd_49"", ""child_adhd_50"", ""child_adhd_51"", ""child_adhd_52"", ""child_adhd_53"", ""child_adhd_54"", ""child_adhd_55"", ""child_adhd_56"", ""child_adhd_57"", ""child_adhd_58"", ""child_adhd_59"", ""child_adhd_60"", ""child_adhd_61"", ""child_control_1"", ""child_control_2"", ""child_control_3"", ""child_control_4"", ""child_control_5"", ""child_control_6"", ""child_control_7"", ""child_control_8"", ""child_control_9"", ""child_control_10"", ""child_control_11"", ""child_control_12"", ""child_control_13"", ""child_control_14"", ""child_control_15"", ""child_control_16"", ""child_control_17"", ""child_control_18"", ""child_control_19"", ""child_control_20"", ""child_control_21"", ""child_control_22"", ""child_control_23"", ""child_control_24"", ""child_control_25"", ""child_control_26"", ""child_control_27"", ""child_control_28"", ""child_control_29"", ""child_control_30"", ""child_control_31"", ""child_control_32"", ""child_control_33"", ""child_control_34"", ""child_control_35"", ""child_control_36"", ""child_control_37"", ""child_control_38"", ""child_control_39"", ""child_control_40"", ""child_control_41"", ""child_control_42"", ""child_control_43"", ""child_control_44"", ""child_control_45"", ""child_control_46"", ""child_control_47"", ""child_control_48"", ""child_control_49"", ""child_control_50"", ""child_control_51"", ""child_control_52"", ""child_control_53"", ""child_control_54"", ""child_control_55"", ""child_control_56"", ""child_control_57"", ""child_control_58"", ""child_control_59"", ""child_control_60""]"
Results\CleanDeepBenchmark\child_to_adult\Bi-LSTM\split_manifest.json,child_to_adult,deep_subject_safe_child_to_adult_v1,42,train,108,54,54,3573,1961,1612,0.500000,0.548839,False,"[""child_control_27"", ""child_adhd_22"", ""child_adhd_54"", ""child_adhd_27"", ""child_adhd_19"", ""child_adhd_31"", ""child_control_40"", ""child_control_20"", ""child_control_58"", ""child_adhd_51"", ""child_control_30"", ""child_control_42"", ""child_adhd_15"", ""child_adhd_43"", ""child_control_18"", ""child_adhd_1"", ""child_control_7"", ""child_control_41"", ""child_control_44"", ""child_adhd_16"", ""child_adhd_25"", ""child_adhd_41"", ""child_control_6"", ""child_adhd_50"", ""child_adhd_2"", ""child_control_21"", ""child_control_57"", ""child_adhd_4"", ""child_control_9"", ""child_adhd_58"", ""child_adhd_40"", ""child_adhd_12"", ""child_adhd_6"", ""child_adhd_33"", ""child_adhd_61"", ""child_control_59"", ""child_control_50"", ""child_adhd_34"", ""child_adhd_38"", ""child_adhd_56"", ""child_control_49"", ""child_adhd_5"", ""child_control_11"", ""child_adhd_23"", ""child_control_45"", ""child_adhd_37"", ""child_adhd_45"", ""child_adhd_26"", ""child_adhd_42"", ""child_control_38"", ""child_control_26"", ""child_adhd_20"", ""child_control_47"", ""child_control_31"", ""child_control_5"", ""child_adhd_52"", ""child_adhd_10"", ""child_adhd_11"", ""child_adhd_3"", ""child_control_55"", ""child_control_60"", ""child_adhd_49"", ""child_adhd_18"", ""child_control_48"", ""child_adhd_60"", ""child_adhd_39"", ""child_adhd_36"", ""child_adhd_53"", ""child_control_17"", ""child_control_32"", ""child_control_33"", ""child_control_10"", ""child_control_22"", ""child_adhd_24"", ""child_adhd_29"", ""child_control_46"", ""child_control_19"", ""child_adhd_48"", ""child_control_23"", ""child_adhd_30"", ""child_control_2"", ""child_control_53"", ""child_adhd_32"", ""child_control_13"", ""child_control_16"", ""child_control_4"", ""child_control_14"", ""child_control_1"", ""child_control_37"", ""child_adhd_9"", ""child_control_36"", ""child_adhd_57"", ""child_control_12"", ""child_adhd_59"", ""child_adhd_13"", ""child_control_3"", ""child_control_54"", ""child_adhd_21"", ""child_adhd_55"", ""child_control_35"", ""child_control_24"", ""child_control_25"", ""child_control_56"", ""child_control_51"", ""child_adhd_46"", ""child_adhd_28"", ""child_control_34"", ""child_control_28""]"
Results\CleanDeepBenchmark\child_to_adult\Bi-LSTM\split_manifest.json,child_to_adult,deep_subject_safe_child_to_adult_v1,42,val,13,7,6,479,308,171,0.538462,0.643006,False,"[""child_adhd_47"", ""child_adhd_35"", ""child_control_43"", ""child_adhd_8"", ""child_control_52"", ""child_adhd_7"", ""child_control_8"", ""child_control_15"", ""child_adhd_14"", ""child_adhd_44"", ""child_control_29"", ""child_adhd_17"", ""child_control_39""]"
Results\CleanDeepBenchmark\child_to_adult\Bi-LSTM\split_manifest.json,child_to_adult,deep_subject_safe_child_to_adult_v1,42,test,16,8,8,9931,4943,4988,0.500000,0.497734,False,"[""adult_adhd_1"", ""adult_adhd_2"", ""adult_adhd_3"", ""adult_adhd_4"", ""adult_adhd_5"", ""adult_adhd_6"", ""adult_adhd_7"", ""adult_adhd_8"", ""adult_control_1"", ""adult_control_2"", ""adult_control_3"", ""adult_control_4"", ""adult_control_5"", ""adult_control_6"", ""adult_control_7"", ""adult_control_8""]"
Results\CleanDeepBenchmark\child_to_adult\CNN\split_manifest.json,child_to_adult,deep_subject_safe_child_to_adult_v1,42,train,108,54,54,3573,1961,1612,0.500000,0.548839,False,"[""child_control_27"", ""child_adhd_22"", ""child_adhd_54"", ""child_adhd_27"", ""child_adhd_19"", ""child_adhd_31"", ""child_control_40"", ""child_control_20"", ""child_control_58"", ""child_adhd_51"", ""child_control_30"", ""child_control_42"", ""child_adhd_15"", ""child_adhd_43"", ""child_control_18"", ""child_adhd_1"", ""child_control_7"", ""child_control_41"", ""child_control_44"", ""child_adhd_16"", ""child_adhd_25"", ""child_adhd_41"", ""child_control_6"", ""child_adhd_50"", ""child_adhd_2"", ""child_control_21"", ""child_control_57"", ""child_adhd_4"", ""child_control_9"", ""child_adhd_58"", ""child_adhd_40"", ""child_adhd_12"", ""child_adhd_6"", ""child_adhd_33"", ""child_adhd_61"", ""child_control_59"", ""child_control_50"", ""child_adhd_34"", ""child_adhd_38"", ""child_adhd_56"", ""child_control_49"", ""child_adhd_5"", ""child_control_11"", ""child_adhd_23"", ""child_control_45"", ""child_adhd_37"", ""child_adhd_45"", ""child_adhd_26"", ""child_adhd_42"", ""child_control_38"", ""child_control_26"", ""child_adhd_20"", ""child_control_47"", ""child_control_31"", ""child_control_5"", ""child_adhd_52"", ""child_adhd_10"", ""child_adhd_11"", ""child_adhd_3"", ""child_control_55"", ""child_control_60"", ""child_adhd_49"", ""child_adhd_18"", ""child_control_48"", ""child_adhd_60"", ""child_adhd_39"", ""child_adhd_36"", ""child_adhd_53"", ""child_control_17"", ""child_control_32"", ""child_control_33"", ""child_control_10"", ""child_control_22"", ""child_adhd_24"", ""child_adhd_29"", ""child_control_46"", ""child_control_19"", ""child_adhd_48"", ""child_control_23"", ""child_adhd_30"", ""child_control_2"", ""child_control_53"", ""child_adhd_32"", ""child_control_13"", ""child_control_16"", ""child_control_4"", ""child_control_14"", ""child_control_1"", ""child_control_37"", ""child_adhd_9"", ""child_control_36"", ""child_adhd_57"", ""child_control_12"", ""child_adhd_59"", ""child_adhd_13"", ""child_control_3"", ""child_control_54"", ""child_adhd_21"", ""child_adhd_55"", ""child_control_35"", ""child_control_24"", ""child_control_25"", ""child_control_56"", ""child_control_51"", ""child_adhd_46"", ""child_adhd_28"", ""child_control_34"", ""child_control_28""]"
Results\CleanDeepBenchmark\child_to_adult\CNN\split_manifest.json,child_to_adult,deep_subject_safe_child_to_adult_v1,42,val,13,7,6,479,308,171,0.538462,0.643006,False,"[""child_adhd_47"", ""child_adhd_35"", ""child_control_43"", ""child_adhd_8"", ""child_control_52"", ""child_adhd_7"", ""child_control_8"", ""child_control_15"", ""child_adhd_14"", ""child_adhd_44"", ""child_control_29"", ""child_adhd_17"", ""child_control_39""]"
Results\CleanDeepBenchmark\child_to_adult\CNN\split_manifest.json,child_to_adult,deep_subject_safe_child_to_adult_v1,42,test,16,8,8,9931,4943,4988,0.500000,0.497734,False,"[""adult_adhd_1"", ""adult_adhd_2"", ""adult_adhd_3"", ""adult_adhd_4"", ""adult_adhd_5"", ""adult_adhd_6"", ""adult_adhd_7"", ""adult_adhd_8"", ""adult_control_1"", ""adult_control_2"", ""adult_control_3"", ""adult_control_4"", ""adult_control_5"", ""adult_control_6"", ""adult_control_7"", ""adult_control_8""]"
Results\CleanDeepBenchmark\child_to_adult\EEGFormer\split_manifest.json,child_to_adult,deep_subject_safe_child_to_adult_v1,42,train,108,54,54,3573,1961,1612,0.500000,0.548839,False,"[""child_control_27"", ""child_adhd_22"", ""child_adhd_54"", ""child_adhd_27"", ""child_adhd_19"", ""child_adhd_31"", ""child_control_40"", ""child_control_20"", ""child_control_58"", ""child_adhd_51"", ""child_control_30"", ""child_control_42"", ""child_adhd_15"", ""child_adhd_43"", ""child_control_18"", ""child_adhd_1"", ""child_control_7"", ""child_control_41"", ""child_control_44"", ""child_adhd_16"", ""child_adhd_25"", ""child_adhd_41"", ""child_control_6"", ""child_adhd_50"", ""child_adhd_2"", ""child_control_21"", ""child_control_57"", ""child_adhd_4"", ""child_control_9"", ""child_adhd_58"", ""child_adhd_40"", ""child_adhd_12"", ""child_adhd_6"", ""child_adhd_33"", ""child_adhd_61"", ""child_control_59"", ""child_control_50"", ""child_adhd_34"", ""child_adhd_38"", ""child_adhd_56"", ""child_control_49"", ""child_adhd_5"", ""child_control_11"", ""child_adhd_23"", ""child_control_45"", ""child_adhd_37"", ""child_adhd_45"", ""child_adhd_26"", ""child_adhd_42"", ""child_control_38"", ""child_control_26"", ""child_adhd_20"", ""child_control_47"", ""child_control_31"", ""child_control_5"", ""child_adhd_52"", ""child_adhd_10"", ""child_adhd_11"", ""child_adhd_3"", ""child_control_55"", ""child_control_60"", ""child_adhd_49"", ""child_adhd_18"", ""child_control_48"", ""child_adhd_60"", ""child_adhd_39"", ""child_adhd_36"", ""child_adhd_53"", ""child_control_17"", ""child_control_32"", ""child_control_33"", ""child_control_10"", ""child_control_22"", ""child_adhd_24"", ""child_adhd_29"", ""child_control_46"", ""child_control_19"", ""child_adhd_48"", ""child_control_23"", ""child_adhd_30"", ""child_control_2"", ""child_control_53"", ""child_adhd_32"", ""child_control_13"", ""child_control_16"", ""child_control_4"", ""child_control_14"", ""child_control_1"", ""child_control_37"", ""child_adhd_9"", ""child_control_36"", ""child_adhd_57"", ""child_control_12"", ""child_adhd_59"", ""child_adhd_13"", ""child_control_3"", ""child_control_54"", ""child_adhd_21"", ""child_adhd_55"", ""child_control_35"", ""child_control_24"", ""child_control_25"", ""child_control_56"", ""child_control_51"", ""child_adhd_46"", ""child_adhd_28"", ""child_control_34"", ""child_control_28""]"
Results\CleanDeepBenchmark\child_to_adult\EEGFormer\split_manifest.json,child_to_adult,deep_subject_safe_child_to_adult_v1,42,val,13,7,6,479,308,171,0.538462,0.643006,False,"[""child_adhd_47"", ""child_adhd_35"", ""child_control_43"", ""child_adhd_8"", ""child_control_52"", ""child_adhd_7"", ""child_control_8"", ""child_control_15"", ""child_adhd_14"", ""child_adhd_44"", ""child_control_29"", ""child_adhd_17"", ""child_control_39""]"
Results\CleanDeepBenchmark\child_to_adult\EEGFormer\split_manifest.json,child_to_adult,deep_subject_safe_child_to_adult_v1,42,test,16,8,8,9931,4943,4988,0.500000,0.497734,False,"[""adult_adhd_1"", ""adult_adhd_2"", ""adult_adhd_3"", ""adult_adhd_4"", ""adult_adhd_5"", ""adult_adhd_6"", ""adult_adhd_7"", ""adult_adhd_8"", ""adult_control_1"", ""adult_control_2"", ""adult_control_3"", ""adult_control_4"", ""adult_control_5"", ""adult_control_6"", ""adult_control_7"", ""adult_control_8""]"
Results\CleanDeepBenchmark\child_to_adult\LSTM\split_manifest.json,child_to_adult,deep_subject_safe_child_to_adult_v1,42,train,108,54,54,3573,1961,1612,0.500000,0.548839,False,"[""child_control_27"", ""child_adhd_22"", ""child_adhd_54"", ""child_adhd_27"", ""child_adhd_19"", ""child_adhd_31"", ""child_control_40"", ""child_control_20"", ""child_control_58"", ""child_adhd_51"", ""child_control_30"", ""child_control_42"", ""child_adhd_15"", ""child_adhd_43"", ""child_control_18"", ""child_adhd_1"", ""child_control_7"", ""child_control_41"", ""child_control_44"", ""child_adhd_16"", ""child_adhd_25"", ""child_adhd_41"", ""child_control_6"", ""child_adhd_50"", ""child_adhd_2"", ""child_control_21"", ""child_control_57"", ""child_adhd_4"", ""child_control_9"", ""child_adhd_58"", ""child_adhd_40"", ""child_adhd_12"", ""child_adhd_6"", ""child_adhd_33"", ""child_adhd_61"", ""child_control_59"", ""child_control_50"", ""child_adhd_34"", ""child_adhd_38"", ""child_adhd_56"", ""child_control_49"", ""child_adhd_5"", ""child_control_11"", ""child_adhd_23"", ""child_control_45"", ""child_adhd_37"", ""child_adhd_45"", ""child_adhd_26"", ""child_adhd_42"", ""child_control_38"", ""child_control_26"", ""child_adhd_20"", ""child_control_47"", ""child_control_31"", ""child_control_5"", ""child_adhd_52"", ""child_adhd_10"", ""child_adhd_11"", ""child_adhd_3"", ""child_control_55"", ""child_control_60"", ""child_adhd_49"", ""child_adhd_18"", ""child_control_48"", ""child_adhd_60"", ""child_adhd_39"", ""child_adhd_36"", ""child_adhd_53"", ""child_control_17"", ""child_control_32"", ""child_control_33"", ""child_control_10"", ""child_control_22"", ""child_adhd_24"", ""child_adhd_29"", ""child_control_46"", ""child_control_19"", ""child_adhd_48"", ""child_control_23"", ""child_adhd_30"", ""child_control_2"", ""child_control_53"", ""child_adhd_32"", ""child_control_13"", ""child_control_16"", ""child_control_4"", ""child_control_14"", ""child_control_1"", ""child_control_37"", ""child_adhd_9"", ""child_control_36"", ""child_adhd_57"", ""child_control_12"", ""child_adhd_59"", ""child_adhd_13"", ""child_control_3"", ""child_control_54"", ""child_adhd_21"", ""child_adhd_55"", ""child_control_35"", ""child_control_24"", ""child_control_25"", ""child_control_56"", ""child_control_51"", ""child_adhd_46"", ""child_adhd_28"", ""child_control_34"", ""child_control_28""]"
Results\CleanDeepBenchmark\child_to_adult\LSTM\split_manifest.json,child_to_adult,deep_subject_safe_child_to_adult_v1,42,val,13,7,6,479,308,171,0.538462,0.643006,False,"[""child_adhd_47"", ""child_adhd_35"", ""child_control_43"", ""child_adhd_8"", ""child_control_52"", ""child_adhd_7"", ""child_control_8"", ""child_control_15"", ""child_adhd_14"", ""child_adhd_44"", ""child_control_29"", ""child_adhd_17"", ""child_control_39""]"
Results\CleanDeepBenchmark\child_to_adult\LSTM\split_manifest.json,child_to_adult,deep_subject_safe_child_to_adult_v1,42,test,16,8,8,9931,4943,4988,0.500000,0.497734,False,"[""adult_adhd_1"", ""adult_adhd_2"", ""adult_adhd_3"", ""adult_adhd_4"", ""adult_adhd_5"", ""adult_adhd_6"", ""adult_adhd_7"", ""adult_adhd_8"", ""adult_control_1"", ""adult_control_2"", ""adult_control_3"", ""adult_control_4"", ""adult_control_5"", ""adult_control_6"", ""adult_control_7"", ""adult_control_8""]"
Results\CleanDeepBenchmark\combined_holdout\Bi-LSTM\split_manifest.json,combined_holdout,deep_subject_safe_combined_v1,42,train,98,49,49,8600,3603,4997,0.500000,0.418953,False,"[""child_control_7"", ""child_adhd_20"", ""child_adhd_55"", ""child_control_55"", ""child_adhd_30"", ""child_adhd_10"", ""adult_control_6"", ""adult_adhd_3"", ""child_adhd_39"", ""child_adhd_12"", ""adult_control_5"", ""child_adhd_13"", ""child_adhd_7"", ""child_adhd_47"", ""child_adhd_52"", ""child_control_37"", ""child_control_51"", ""child_control_42"", ""child_control_13"", ""adult_adhd_5"", ""child_adhd_42"", ""child_control_31"", ""child_control_9"", ""child_control_54"", ""child_control_41"", ""child_control_49"", ""child_adhd_9"", ""child_control_43"", ""child_control_2"", ""child_control_59"", ""child_control_44"", ""adult_control_3"", ""child_adhd_17"", ""child_control_57"", ""child_adhd_56"", ""child_adhd_60"", ""child_control_46"", ""child_adhd_16"", ""child_control_29"", ""child_adhd_41"", ""child_adhd_27"", ""child_control_25"", ""child_control_22"", ""child_control_35"", ""child_control_16"", ""child_control_38"", ""child_control_33"", ""child_adhd_19"", ""child_adhd_22"", ""child_adhd_4"", ""child_control_47"", ""child_control_17"", ""child_adhd_37"", ""child_adhd_21"", ""adult_adhd_6"", ""child_control_48"", ""child_adhd_35"", ""child_adhd_28"", ""child_control_3"", ""child_adhd_5"", ""child_control_56"", ""child_control_6"", ""child_control_50"", ""child_adhd_11"", ""child_adhd_43"", ""adult_control_7"", ""child_adhd_46"", ""child_adhd_29"", ""child_control_30"", ""child_adhd_38"", ""child_adhd_49"", ""child_control_4"", ""child_control_26"", ""child_adhd_59"", ""child_control_8"", ""child_control_18"", ""child_control_14"", ""child_adhd_61"", ""child_control_10"", ""child_adhd_26"", ""child_adhd_3"", ""adult_control_8"", ""child_control_45"", ""child_adhd_32"", ""child_adhd_57"", ""child_adhd_53"", ""child_adhd_51"", ""adult_control_2"", ""child_adhd_50"", ""child_control_12"", ""child_adhd_1"", ""child_control_34"", ""child_adhd_33"", ""child_adhd_2"", ""child_adhd_6"", ""child_adhd_25"", ""child_control_32"", ""child_control_27""]"
Results\CleanDeepBenchmark\combined_holdout\Bi-LSTM\split_manifest.json,combined_holdout,deep_subject_safe_combined_v1,42,val,11,6,5,2112,1377,735,0.545455,0.651989,False,"[""child_adhd_45"", ""child_control_1"", ""adult_adhd_7"", ""child_adhd_54"", ""adult_adhd_4"", ""child_control_20"", ""adult_control_4"", ""child_adhd_58"", ""child_control_28"", ""child_adhd_24"", ""child_control_5""]"
Results\CleanDeepBenchmark\combined_holdout\Bi-LSTM\split_manifest.json,combined_holdout,deep_subject_safe_combined_v1,42,test,28,14,14,3271,2232,1039,0.500000,0.682360,False,"[""child_adhd_40"", ""adult_adhd_8"", ""child_adhd_48"", ""child_control_52"", ""child_control_60"", ""child_control_15"", ""child_control_11"", ""child_adhd_36"", ""child_adhd_31"", ""child_control_36"", ""child_adhd_14"", ""child_adhd_23"", ""child_control_24"", ""adult_adhd_2"", ""child_adhd_15"", ""adult_control_1"", ""child_adhd_34"", ""child_control_53"", ""child_control_39"", ""adult_adhd_1"", ""child_control_21"", ""child_adhd_18"", ""child_adhd_44"", ""child_adhd_8"", ""child_control_23"", ""child_control_19"", ""child_control_40"", ""child_control_58""]"
Results\CleanDeepBenchmark\combined_holdout\CNN\split_manifest.json,combined_holdout,deep_subject_safe_combined_v1,42,train,98,49,49,8600,3603,4997,0.500000,0.418953,False,"[""child_control_7"", ""child_adhd_20"", ""child_adhd_55"", ""child_control_55"", ""child_adhd_30"", ""child_adhd_10"", ""adult_control_6"", ""adult_adhd_3"", ""child_adhd_39"", ""child_adhd_12"", ""adult_control_5"", ""child_adhd_13"", ""child_adhd_7"", ""child_adhd_47"", ""child_adhd_52"", ""child_control_37"", ""child_control_51"", ""child_control_42"", ""child_control_13"", ""adult_adhd_5"", ""child_adhd_42"", ""child_control_31"", ""child_control_9"", ""child_control_54"", ""child_control_41"", ""child_control_49"", ""child_adhd_9"", ""child_control_43"", ""child_control_2"", ""child_control_59"", ""child_control_44"", ""adult_control_3"", ""child_adhd_17"", ""child_control_57"", ""child_adhd_56"", ""child_adhd_60"", ""child_control_46"", ""child_adhd_16"", ""child_control_29"", ""child_adhd_41"", ""child_adhd_27"", ""child_control_25"", ""child_control_22"", ""child_control_35"", ""child_control_16"", ""child_control_38"", ""child_control_33"", ""child_adhd_19"", ""child_adhd_22"", ""child_adhd_4"", ""child_control_47"", ""child_control_17"", ""child_adhd_37"", ""child_adhd_21"", ""adult_adhd_6"", ""child_control_48"", ""child_adhd_35"", ""child_adhd_28"", ""child_control_3"", ""child_adhd_5"", ""child_control_56"", ""child_control_6"", ""child_control_50"", ""child_adhd_11"", ""child_adhd_43"", ""adult_control_7"", ""child_adhd_46"", ""child_adhd_29"", ""child_control_30"", ""child_adhd_38"", ""child_adhd_49"", ""child_control_4"", ""child_control_26"", ""child_adhd_59"", ""child_control_8"", ""child_control_18"", ""child_control_14"", ""child_adhd_61"", ""child_control_10"", ""child_adhd_26"", ""child_adhd_3"", ""adult_control_8"", ""child_control_45"", ""child_adhd_32"", ""child_adhd_57"", ""child_adhd_53"", ""child_adhd_51"", ""adult_control_2"", ""child_adhd_50"", ""child_control_12"", ""child_adhd_1"", ""child_control_34"", ""child_adhd_33"", ""child_adhd_2"", ""child_adhd_6"", ""child_adhd_25"", ""child_control_32"", ""child_control_27""]"
Results\CleanDeepBenchmark\combined_holdout\CNN\split_manifest.json,combined_holdout,deep_subject_safe_combined_v1,42,val,11,6,5,2112,1377,735,0.545455,0.651989,False,"[""child_adhd_45"", ""child_control_1"", ""adult_adhd_7"", ""child_adhd_54"", ""adult_adhd_4"", ""child_control_20"", ""adult_control_4"", ""child_adhd_58"", ""child_control_28"", ""child_adhd_24"", ""child_control_5""]"
Results\CleanDeepBenchmark\combined_holdout\CNN\split_manifest.json,combined_holdout,deep_subject_safe_combined_v1,42,test,28,14,14,3271,2232,1039,0.500000,0.682360,False,"[""child_adhd_40"", ""adult_adhd_8"", ""child_adhd_48"", ""child_control_52"", ""child_control_60"", ""child_control_15"", ""child_control_11"", ""child_adhd_36"", ""child_adhd_31"", ""child_control_36"", ""child_adhd_14"", ""child_adhd_23"", ""child_control_24"", ""adult_adhd_2"", ""child_adhd_15"", ""adult_control_1"", ""child_adhd_34"", ""child_control_53"", ""child_control_39"", ""adult_adhd_1"", ""child_control_21"", ""child_adhd_18"", ""child_adhd_44"", ""child_adhd_8"", ""child_control_23"", ""child_control_19"", ""child_control_40"", ""child_control_58""]"
Results\CleanDeepBenchmark\combined_holdout\EEGFormer\split_manifest.json,combined_holdout,deep_subject_safe_combined_v1,42,train,98,49,49,8600,3603,4997,0.500000,0.418953,False,"[""child_control_7"", ""child_adhd_20"", ""child_adhd_55"", ""child_control_55"", ""child_adhd_30"", ""child_adhd_10"", ""adult_control_6"", ""adult_adhd_3"", ""child_adhd_39"", ""child_adhd_12"", ""adult_control_5"", ""child_adhd_13"", ""child_adhd_7"", ""child_adhd_47"", ""child_adhd_52"", ""child_control_37"", ""child_control_51"", ""child_control_42"", ""child_control_13"", ""adult_adhd_5"", ""child_adhd_42"", ""child_control_31"", ""child_control_9"", ""child_control_54"", ""child_control_41"", ""child_control_49"", ""child_adhd_9"", ""child_control_43"", ""child_control_2"", ""child_control_59"", ""child_control_44"", ""adult_control_3"", ""child_adhd_17"", ""child_control_57"", ""child_adhd_56"", ""child_adhd_60"", ""child_control_46"", ""child_adhd_16"", ""child_control_29"", ""child_adhd_41"", ""child_adhd_27"", ""child_control_25"", ""child_control_22"", ""child_control_35"", ""child_control_16"", ""child_control_38"", ""child_control_33"", ""child_adhd_19"", ""child_adhd_22"", ""child_adhd_4"", ""child_control_47"", ""child_control_17"", ""child_adhd_37"", ""child_adhd_21"", ""adult_adhd_6"", ""child_control_48"", ""child_adhd_35"", ""child_adhd_28"", ""child_control_3"", ""child_adhd_5"", ""child_control_56"", ""child_control_6"", ""child_control_50"", ""child_adhd_11"", ""child_adhd_43"", ""adult_control_7"", ""child_adhd_46"", ""child_adhd_29"", ""child_control_30"", ""child_adhd_38"", ""child_adhd_49"", ""child_control_4"", ""child_control_26"", ""child_adhd_59"", ""child_control_8"", ""child_control_18"", ""child_control_14"", ""child_adhd_61"", ""child_control_10"", ""child_adhd_26"", ""child_adhd_3"", ""adult_control_8"", ""child_control_45"", ""child_adhd_32"", ""child_adhd_57"", ""child_adhd_53"", ""child_adhd_51"", ""adult_control_2"", ""child_adhd_50"", ""child_control_12"", ""child_adhd_1"", ""child_control_34"", ""child_adhd_33"", ""child_adhd_2"", ""child_adhd_6"", ""child_adhd_25"", ""child_control_32"", ""child_control_27""]"
Results\CleanDeepBenchmark\combined_holdout\EEGFormer\split_manifest.json,combined_holdout,deep_subject_safe_combined_v1,42,val,11,6,5,2112,1377,735,0.545455,0.651989,False,"[""child_adhd_45"", ""child_control_1"", ""adult_adhd_7"", ""child_adhd_54"", ""adult_adhd_4"", ""child_control_20"", ""adult_control_4"", ""child_adhd_58"", ""child_control_28"", ""child_adhd_24"", ""child_control_5""]"
Results\CleanDeepBenchmark\combined_holdout\EEGFormer\split_manifest.json,combined_holdout,deep_subject_safe_combined_v1,42,test,28,14,14,3271,2232,1039,0.500000,0.682360,False,"[""child_adhd_40"", ""adult_adhd_8"", ""child_adhd_48"", ""child_control_52"", ""child_control_60"", ""child_control_15"", ""child_control_11"", ""child_adhd_36"", ""child_adhd_31"", ""child_control_36"", ""child_adhd_14"", ""child_adhd_23"", ""child_control_24"", ""adult_adhd_2"", ""child_adhd_15"", ""adult_control_1"", ""child_adhd_34"", ""child_control_53"", ""child_control_39"", ""adult_adhd_1"", ""child_control_21"", ""child_adhd_18"", ""child_adhd_44"", ""child_adhd_8"", ""child_control_23"", ""child_control_19"", ""child_control_40"", ""child_control_58""]"
Results\CleanDeepBenchmark\combined_holdout\LSTM\split_manifest.json,combined_holdout,deep_subject_safe_combined_v1,42,train,98,49,49,8600,3603,4997,0.500000,0.418953,False,"[""child_control_7"", ""child_adhd_20"", ""child_adhd_55"", ""child_control_55"", ""child_adhd_30"", ""child_adhd_10"", ""adult_control_6"", ""adult_adhd_3"", ""child_adhd_39"", ""child_adhd_12"", ""adult_control_5"", ""child_adhd_13"", ""child_adhd_7"", ""child_adhd_47"", ""child_adhd_52"", ""child_control_37"", ""child_control_51"", ""child_control_42"", ""child_control_13"", ""adult_adhd_5"", ""child_adhd_42"", ""child_control_31"", ""child_control_9"", ""child_control_54"", ""child_control_41"", ""child_control_49"", ""child_adhd_9"", ""child_control_43"", ""child_control_2"", ""child_control_59"", ""child_control_44"", ""adult_control_3"", ""child_adhd_17"", ""child_control_57"", ""child_adhd_56"", ""child_adhd_60"", ""child_control_46"", ""child_adhd_16"", ""child_control_29"", ""child_adhd_41"", ""child_adhd_27"", ""child_control_25"", ""child_control_22"", ""child_control_35"", ""child_control_16"", ""child_control_38"", ""child_control_33"", ""child_adhd_19"", ""child_adhd_22"", ""child_adhd_4"", ""child_control_47"", ""child_control_17"", ""child_adhd_37"", ""child_adhd_21"", ""adult_adhd_6"", ""child_control_48"", ""child_adhd_35"", ""child_adhd_28"", ""child_control_3"", ""child_adhd_5"", ""child_control_56"", ""child_control_6"", ""child_control_50"", ""child_adhd_11"", ""child_adhd_43"", ""adult_control_7"", ""child_adhd_46"", ""child_adhd_29"", ""child_control_30"", ""child_adhd_38"", ""child_adhd_49"", ""child_control_4"", ""child_control_26"", ""child_adhd_59"", ""child_control_8"", ""child_control_18"", ""child_control_14"", ""child_adhd_61"", ""child_control_10"", ""child_adhd_26"", ""child_adhd_3"", ""adult_control_8"", ""child_control_45"", ""child_adhd_32"", ""child_adhd_57"", ""child_adhd_53"", ""child_adhd_51"", ""adult_control_2"", ""child_adhd_50"", ""child_control_12"", ""child_adhd_1"", ""child_control_34"", ""child_adhd_33"", ""child_adhd_2"", ""child_adhd_6"", ""child_adhd_25"", ""child_control_32"", ""child_control_27""]"
Results\CleanDeepBenchmark\combined_holdout\LSTM\split_manifest.json,combined_holdout,deep_subject_safe_combined_v1,42,val,11,6,5,2112,1377,735,0.545455,0.651989,False,"[""child_adhd_45"", ""child_control_1"", ""adult_adhd_7"", ""child_adhd_54"", ""adult_adhd_4"", ""child_control_20"", ""adult_control_4"", ""child_adhd_58"", ""child_control_28"", ""child_adhd_24"", ""child_control_5""]"
Results\CleanDeepBenchmark\combined_holdout\LSTM\split_manifest.json,combined_holdout,deep_subject_safe_combined_v1,42,test,28,14,14,3271,2232,1039,0.500000,0.682360,False,"[""child_adhd_40"", ""adult_adhd_8"", ""child_adhd_48"", ""child_control_52"", ""child_control_60"", ""child_control_15"", ""child_control_11"", ""child_adhd_36"", ""child_adhd_31"", ""child_control_36"", ""child_adhd_14"", ""child_adhd_23"", ""child_control_24"", ""adult_adhd_2"", ""child_adhd_15"", ""adult_control_1"", ""child_adhd_34"", ""child_control_53"", ""child_control_39"", ""adult_adhd_1"", ""child_control_21"", ""child_adhd_18"", ""child_adhd_44"", ""child_adhd_8"", ""child_control_23"", ""child_control_19"", ""child_control_40"", ""child_control_58""]"
Results\LSTM_Tuning\adult_to_child\adult_to_child_balanced_threshold_acc\split_manifest.json,adult_to_child,deep_subject_safe_adult_to_child_v1,42,train,14,7,7,8695,4327,4368,0.500000,0.497642,False,"[""adult_adhd_1"", ""adult_adhd_6"", ""adult_control_2"", ""adult_control_4"", ""adult_adhd_8"", ""adult_adhd_5"", ""adult_control_8"", ""adult_adhd_3"", ""adult_control_6"", ""adult_control_3"", ""adult_control_5"", ""adult_control_1"", ""adult_adhd_2"", ""adult_adhd_4""]"
Results\LSTM_Tuning\adult_to_child\adult_to_child_balanced_threshold_acc\split_manifest.json,adult_to_child,deep_subject_safe_adult_to_child_v1,42,val,2,1,1,1236,616,620,0.500000,0.498382,False,"[""adult_control_7"", ""adult_adhd_7""]"
Results\LSTM_Tuning\adult_to_child\adult_to_child_balanced_threshold_acc\split_manifest.json,adult_to_child,deep_subject_safe_adult_to_child_v1,42,test,121,61,60,4052,2269,1783,0.504132,0.559970,False,"[""child_adhd_1"", ""child_adhd_2"", ""child_adhd_3"", ""child_adhd_4"", ""child_adhd_5"", ""child_adhd_6"", ""child_adhd_7"", ""child_adhd_8"", ""child_adhd_9"", ""child_adhd_10"", ""child_adhd_11"", ""child_adhd_12"", ""child_adhd_13"", ""child_adhd_14"", ""child_adhd_15"", ""child_adhd_16"", ""child_adhd_17"", ""child_adhd_18"", ""child_adhd_19"", ""child_adhd_20"", ""child_adhd_21"", ""child_adhd_22"", ""child_adhd_23"", ""child_adhd_24"", ""child_adhd_25"", ""child_adhd_26"", ""child_adhd_27"", ""child_adhd_28"", ""child_adhd_29"", ""child_adhd_30"", ""child_adhd_31"", ""child_adhd_32"", ""child_adhd_33"", ""child_adhd_34"", ""child_adhd_35"", ""child_adhd_36"", ""child_adhd_37"", ""child_adhd_38"", ""child_adhd_39"", ""child_adhd_40"", ""child_adhd_41"", ""child_adhd_42"", ""child_adhd_43"", ""child_adhd_44"", ""child_adhd_45"", ""child_adhd_46"", ""child_adhd_47"", ""child_adhd_48"", ""child_adhd_49"", ""child_adhd_50"", ""child_adhd_51"", ""child_adhd_52"", ""child_adhd_53"", ""child_adhd_54"", ""child_adhd_55"", ""child_adhd_56"", ""child_adhd_57"", ""child_adhd_58"", ""child_adhd_59"", ""child_adhd_60"", ""child_adhd_61"", ""child_control_1"", ""child_control_2"", ""child_control_3"", ""child_control_4"", ""child_control_5"", ""child_control_6"", ""child_control_7"", ""child_control_8"", ""child_control_9"", ""child_control_10"", ""child_control_11"", ""child_control_12"", ""child_control_13"", ""child_control_14"", ""child_control_15"", ""child_control_16"", ""child_control_17"", ""child_control_18"", ""child_control_19"", ""child_control_20"", ""child_control_21"", ""child_control_22"", ""child_control_23"", ""child_control_24"", ""child_control_25"", ""child_control_26"", ""child_control_27"", ""child_control_28"", ""child_control_29"", ""child_control_30"", ""child_control_31"", ""child_control_32"", ""child_control_33"", ""child_control_34"", ""child_control_35"", ""child_control_36"", ""child_control_37"", ""child_control_38"", ""child_control_39"", ""child_control_40"", ""child_control_41"", ""child_control_42"", ""child_control_43"", ""child_control_44"", ""child_control_45"", ""child_control_46"", ""child_control_47"", ""child_control_48"", ""child_control_49"", ""child_control_50"", ""child_control_51"", ""child_control_52"", ""child_control_53"", ""child_control_54"", ""child_control_55"", ""child_control_56"", ""child_control_57"", ""child_control_58"", ""child_control_59"", ""child_control_60""]"
Results\LSTM_Tuning\adult_to_child\adult_to_child_epoch_zscore_layer_norm\split_manifest.json,adult_to_child,deep_subject_safe_adult_to_child_v1,42,train,14,7,7,8695,4327,4368,0.500000,0.497642,False,"[""adult_adhd_1"", ""adult_adhd_6"", ""adult_control_2"", ""adult_control_4"", ""adult_adhd_8"", ""adult_adhd_5"", ""adult_control_8"", ""adult_adhd_3"", ""adult_control_6"", ""adult_control_3"", ""adult_control_5"", ""adult_control_1"", ""adult_adhd_2"", ""adult_adhd_4""]"
Results\LSTM_Tuning\adult_to_child\adult_to_child_epoch_zscore_layer_norm\split_manifest.json,adult_to_child,deep_subject_safe_adult_to_child_v1,42,val,2,1,1,1236,616,620,0.500000,0.498382,False,"[""adult_control_7"", ""adult_adhd_7""]"
Results\LSTM_Tuning\adult_to_child\adult_to_child_epoch_zscore_layer_norm\split_manifest.json,adult_to_child,deep_subject_safe_adult_to_child_v1,42,test,121,61,60,4052,2269,1783,0.504132,0.559970,False,"[""child_adhd_1"", ""child_adhd_2"", ""child_adhd_3"", ""child_adhd_4"", ""child_adhd_5"", ""child_adhd_6"", ""child_adhd_7"", ""child_adhd_8"", ""child_adhd_9"", ""child_adhd_10"", ""child_adhd_11"", ""child_adhd_12"", ""child_adhd_13"", ""child_adhd_14"", ""child_adhd_15"", ""child_adhd_16"", ""child_adhd_17"", ""child_adhd_18"", ""child_adhd_19"", ""child_adhd_20"", ""child_adhd_21"", ""child_adhd_22"", ""child_adhd_23"", ""child_adhd_24"", ""child_adhd_25"", ""child_adhd_26"", ""child_adhd_27"", ""child_adhd_28"", ""child_adhd_29"", ""child_adhd_30"", ""child_adhd_31"", ""child_adhd_32"", ""child_adhd_33"", ""child_adhd_34"", ""child_adhd_35"", ""child_adhd_36"", ""child_adhd_37"", ""child_adhd_38"", ""child_adhd_39"", ""child_adhd_40"", ""child_adhd_41"", ""child_adhd_42"", ""child_adhd_43"", ""child_adhd_44"", ""child_adhd_45"", ""child_adhd_46"", ""child_adhd_47"", ""child_adhd_48"", ""child_adhd_49"", ""child_adhd_50"", ""child_adhd_51"", ""child_adhd_52"", ""child_adhd_53"", ""child_adhd_54"", ""child_adhd_55"", ""child_adhd_56"", ""child_adhd_57"", ""child_adhd_58"", ""child_adhd_59"", ""child_adhd_60"", ""child_adhd_61"", ""child_control_1"", ""child_control_2"", ""child_control_3"", ""child_control_4"", ""child_control_5"", ""child_control_6"", ""child_control_7"", ""child_control_8"", ""child_control_9"", ""child_control_10"", ""child_control_11"", ""child_control_12"", ""child_control_13"", ""child_control_14"", ""child_control_15"", ""child_control_16"", ""child_control_17"", ""child_control_18"", ""child_control_19"", ""child_control_20"", ""child_control_21"", ""child_control_22"", ""child_control_23"", ""child_control_24"", ""child_control_25"", ""child_control_26"", ""child_control_27"", ""child_control_28"", ""child_control_29"", ""child_control_30"", ""child_control_31"", ""child_control_32"", ""child_control_33"", ""child_control_34"", ""child_control_35"", ""child_control_36"", ""child_control_37"", ""child_control_38"", ""child_control_39"", ""child_control_40"", ""child_control_41"", ""child_control_42"", ""child_control_43"", ""child_control_44"", ""child_control_45"", ""child_control_46"", ""child_control_47"", ""child_control_48"", ""child_control_49"", ""child_control_50"", ""child_control_51"", ""child_control_52"", ""child_control_53"", ""child_control_54"", ""child_control_55"", ""child_control_56"", ""child_control_57"", ""child_control_58"", ""child_control_59"", ""child_control_60""]"
Results\LSTM_Tuning\adult_to_child\adult_to_child_epoch_zscore_no_class_weight\split_manifest.json,adult_to_child,deep_subject_safe_adult_to_child_v1,42,train,14,7,7,8695,4327,4368,0.500000,0.497642,False,"[""adult_adhd_1"", ""adult_adhd_6"", ""adult_control_2"", ""adult_control_4"", ""adult_adhd_8"", ""adult_adhd_5"", ""adult_control_8"", ""adult_adhd_3"", ""adult_control_6"", ""adult_control_3"", ""adult_control_5"", ""adult_control_1"", ""adult_adhd_2"", ""adult_adhd_4""]"
Results\LSTM_Tuning\adult_to_child\adult_to_child_epoch_zscore_no_class_weight\split_manifest.json,adult_to_child,deep_subject_safe_adult_to_child_v1,42,val,2,1,1,1236,616,620,0.500000,0.498382,False,"[""adult_control_7"", ""adult_adhd_7""]"
Results\LSTM_Tuning\adult_to_child\adult_to_child_epoch_zscore_no_class_weight\split_manifest.json,adult_to_child,deep_subject_safe_adult_to_child_v1,42,test,121,61,60,4052,2269,1783,0.504132,0.559970,False,"[""child_adhd_1"", ""child_adhd_2"", ""child_adhd_3"", ""child_adhd_4"", ""child_adhd_5"", ""child_adhd_6"", ""child_adhd_7"", ""child_adhd_8"", ""child_adhd_9"", ""child_adhd_10"", ""child_adhd_11"", ""child_adhd_12"", ""child_adhd_13"", ""child_adhd_14"", ""child_adhd_15"", ""child_adhd_16"", ""child_adhd_17"", ""child_adhd_18"", ""child_adhd_19"", ""child_adhd_20"", ""child_adhd_21"", ""child_adhd_22"", ""child_adhd_23"", ""child_adhd_24"", ""child_adhd_25"", ""child_adhd_26"", ""child_adhd_27"", ""child_adhd_28"", ""child_adhd_29"", ""child_adhd_30"", ""child_adhd_31"", ""child_adhd_32"", ""child_adhd_33"", ""child_adhd_34"", ""child_adhd_35"", ""child_adhd_36"", ""child_adhd_37"", ""child_adhd_38"", ""child_adhd_39"", ""child_adhd_40"", ""child_adhd_41"", ""child_adhd_42"", ""child_adhd_43"", ""child_adhd_44"", ""child_adhd_45"", ""child_adhd_46"", ""child_adhd_47"", ""child_adhd_48"", ""child_adhd_49"", ""child_adhd_50"", ""child_adhd_51"", ""child_adhd_52"", ""child_adhd_53"", ""child_adhd_54"", ""child_adhd_55"", ""child_adhd_56"", ""child_adhd_57"", ""child_adhd_58"", ""child_adhd_59"", ""child_adhd_60"", ""child_adhd_61"", ""child_control_1"", ""child_control_2"", ""child_control_3"", ""child_control_4"", ""child_control_5"", ""child_control_6"", ""child_control_7"", ""child_control_8"", ""child_control_9"", ""child_control_10"", ""child_control_11"", ""child_control_12"", ""child_control_13"", ""child_control_14"", ""child_control_15"", ""child_control_16"", ""child_control_17"", ""child_control_18"", ""child_control_19"", ""child_control_20"", ""child_control_21"", ""child_control_22"", ""child_control_23"", ""child_control_24"", ""child_control_25"", ""child_control_26"", ""child_control_27"", ""child_control_28"", ""child_control_29"", ""child_control_30"", ""child_control_31"", ""child_control_32"", ""child_control_33"", ""child_control_34"", ""child_control_35"", ""child_control_36"", ""child_control_37"", ""child_control_38"", ""child_control_39"", ""child_control_40"", ""child_control_41"", ""child_control_42"", ""child_control_43"", ""child_control_44"", ""child_control_45"", ""child_control_46"", ""child_control_47"", ""child_control_48"", ""child_control_49"", ""child_control_50"", ""child_control_51"", ""child_control_52"", ""child_control_53"", ""child_control_54"", ""child_control_55"", ""child_control_56"", ""child_control_57"", ""child_control_58"", ""child_control_59"", ""child_control_60""]"
Results\LSTM_Tuning\adult_to_child\adult_to_child_no_class_weight\split_manifest.json,adult_to_child,deep_subject_safe_adult_to_child_v1,42,train,14,7,7,8695,4327,4368,0.500000,0.497642,False,"[""adult_adhd_1"", ""adult_adhd_6"", ""adult_control_2"", ""adult_control_4"", ""adult_adhd_8"", ""adult_adhd_5"", ""adult_control_8"", ""adult_adhd_3"", ""adult_control_6"", ""adult_control_3"", ""adult_control_5"", ""adult_control_1"", ""adult_adhd_2"", ""adult_adhd_4""]"
Results\LSTM_Tuning\adult_to_child\adult_to_child_no_class_weight\split_manifest.json,adult_to_child,deep_subject_safe_adult_to_child_v1,42,val,2,1,1,1236,616,620,0.500000,0.498382,False,"[""adult_control_7"", ""adult_adhd_7""]"
Results\LSTM_Tuning\adult_to_child\adult_to_child_no_class_weight\split_manifest.json,adult_to_child,deep_subject_safe_adult_to_child_v1,42,test,121,61,60,4052,2269,1783,0.504132,0.559970,False,"[""child_adhd_1"", ""child_adhd_2"", ""child_adhd_3"", ""child_adhd_4"", ""child_adhd_5"", ""child_adhd_6"", ""child_adhd_7"", ""child_adhd_8"", ""child_adhd_9"", ""child_adhd_10"", ""child_adhd_11"", ""child_adhd_12"", ""child_adhd_13"", ""child_adhd_14"", ""child_adhd_15"", ""child_adhd_16"", ""child_adhd_17"", ""child_adhd_18"", ""child_adhd_19"", ""child_adhd_20"", ""child_adhd_21"", ""child_adhd_22"", ""child_adhd_23"", ""child_adhd_24"", ""child_adhd_25"", ""child_adhd_26"", ""child_adhd_27"", ""child_adhd_28"", ""child_adhd_29"", ""child_adhd_30"", ""child_adhd_31"", ""child_adhd_32"", ""child_adhd_33"", ""child_adhd_34"", ""child_adhd_35"", ""child_adhd_36"", ""child_adhd_37"", ""child_adhd_38"", ""child_adhd_39"", ""child_adhd_40"", ""child_adhd_41"", ""child_adhd_42"", ""child_adhd_43"", ""child_adhd_44"", ""child_adhd_45"", ""child_adhd_46"", ""child_adhd_47"", ""child_adhd_48"", ""child_adhd_49"", ""child_adhd_50"", ""child_adhd_51"", ""child_adhd_52"", ""child_adhd_53"", ""child_adhd_54"", ""child_adhd_55"", ""child_adhd_56"", ""child_adhd_57"", ""child_adhd_58"", ""child_adhd_59"", ""child_adhd_60"", ""child_adhd_61"", ""child_control_1"", ""child_control_2"", ""child_control_3"", ""child_control_4"", ""child_control_5"", ""child_control_6"", ""child_control_7"", ""child_control_8"", ""child_control_9"", ""child_control_10"", ""child_control_11"", ""child_control_12"", ""child_control_13"", ""child_control_14"", ""child_control_15"", ""child_control_16"", ""child_control_17"", ""child_control_18"", ""child_control_19"", ""child_control_20"", ""child_control_21"", ""child_control_22"", ""child_control_23"", ""child_control_24"", ""child_control_25"", ""child_control_26"", ""child_control_27"", ""child_control_28"", ""child_control_29"", ""child_control_30"", ""child_control_31"", ""child_control_32"", ""child_control_33"", ""child_control_34"", ""child_control_35"", ""child_control_36"", ""child_control_37"", ""child_control_38"", ""child_control_39"", ""child_control_40"", ""child_control_41"", ""child_control_42"", ""child_control_43"", ""child_control_44"", ""child_control_45"", ""child_control_46"", ""child_control_47"", ""child_control_48"", ""child_control_49"", ""child_control_50"", ""child_control_51"", ""child_control_52"", ""child_control_53"", ""child_control_54"", ""child_control_55"", ""child_control_56"", ""child_control_57"", ""child_control_58"", ""child_control_59"", ""child_control_60""]"
Results\LSTM_Tuning\adult_to_child\adult_to_child_no_class_weight_fixed_threshold\split_manifest.json,adult_to_child,deep_subject_safe_adult_to_child_v1,42,train,14,7,7,8695,4327,4368,0.500000,0.497642,False,"[""adult_adhd_1"", ""adult_adhd_6"", ""adult_control_2"", ""adult_control_4"", ""adult_adhd_8"", ""adult_adhd_5"", ""adult_control_8"", ""adult_adhd_3"", ""adult_control_6"", ""adult_control_3"", ""adult_control_5"", ""adult_control_1"", ""adult_adhd_2"", ""adult_adhd_4""]"
Results\LSTM_Tuning\adult_to_child\adult_to_child_no_class_weight_fixed_threshold\split_manifest.json,adult_to_child,deep_subject_safe_adult_to_child_v1,42,val,2,1,1,1236,616,620,0.500000,0.498382,False,"[""adult_control_7"", ""adult_adhd_7""]"
Results\LSTM_Tuning\adult_to_child\adult_to_child_no_class_weight_fixed_threshold\split_manifest.json,adult_to_child,deep_subject_safe_adult_to_child_v1,42,test,121,61,60,4052,2269,1783,0.504132,0.559970,False,"[""child_adhd_1"", ""child_adhd_2"", ""child_adhd_3"", ""child_adhd_4"", ""child_adhd_5"", ""child_adhd_6"", ""child_adhd_7"", ""child_adhd_8"", ""child_adhd_9"", ""child_adhd_10"", ""child_adhd_11"", ""child_adhd_12"", ""child_adhd_13"", ""child_adhd_14"", ""child_adhd_15"", ""child_adhd_16"", ""child_adhd_17"", ""child_adhd_18"", ""child_adhd_19"", ""child_adhd_20"", ""child_adhd_21"", ""child_adhd_22"", ""child_adhd_23"", ""child_adhd_24"", ""child_adhd_25"", ""child_adhd_26"", ""child_adhd_27"", ""child_adhd_28"", ""child_adhd_29"", ""child_adhd_30"", ""child_adhd_31"", ""child_adhd_32"", ""child_adhd_33"", ""child_adhd_34"", ""child_adhd_35"", ""child_adhd_36"", ""child_adhd_37"", ""child_adhd_38"", ""child_adhd_39"", ""child_adhd_40"", ""child_adhd_41"", ""child_adhd_42"", ""child_adhd_43"", ""child_adhd_44"", ""child_adhd_45"", ""child_adhd_46"", ""child_adhd_47"", ""child_adhd_48"", ""child_adhd_49"", ""child_adhd_50"", ""child_adhd_51"", ""child_adhd_52"", ""child_adhd_53"", ""child_adhd_54"", ""child_adhd_55"", ""child_adhd_56"", ""child_adhd_57"", ""child_adhd_58"", ""child_adhd_59"", ""child_adhd_60"", ""child_adhd_61"", ""child_control_1"", ""child_control_2"", ""child_control_3"", ""child_control_4"", ""child_control_5"", ""child_control_6"", ""child_control_7"", ""child_control_8"", ""child_control_9"", ""child_control_10"", ""child_control_11"", ""child_control_12"", ""child_control_13"", ""child_control_14"", ""child_control_15"", ""child_control_16"", ""child_control_17"", ""child_control_18"", ""child_control_19"", ""child_control_20"", ""child_control_21"", ""child_control_22"", ""child_control_23"", ""child_control_24"", ""child_control_25"", ""child_control_26"", ""child_control_27"", ""child_control_28"", ""child_control_29"", ""child_control_30"", ""child_control_31"", ""child_control_32"", ""child_control_33"", ""child_control_34"", ""child_control_35"", ""child_control_36"", ""child_control_37"", ""child_control_38"", ""child_control_39"", ""child_control_40"", ""child_control_41"", ""child_control_42"", ""child_control_43"", ""child_control_44"", ""child_control_45"", ""child_control_46"", ""child_control_47"", ""child_control_48"", ""child_control_49"", ""child_control_50"", ""child_control_51"", ""child_control_52"", ""child_control_53"", ""child_control_54"", ""child_control_55"", ""child_control_56"", ""child_control_57"", ""child_control_58"", ""child_control_59"", ""child_control_60""]"
Results\LSTM_Tuning\child_to_adult\child_to_adult_balanced_threshold_acc\split_manifest.json,child_to_adult,deep_subject_safe_child_to_adult_v1,42,train,108,54,54,3573,1961,1612,0.500000,0.548839,False,"[""child_control_27"", ""child_adhd_22"", ""child_adhd_54"", ""child_adhd_27"", ""child_adhd_19"", ""child_adhd_31"", ""child_control_40"", ""child_control_20"", ""child_control_58"", ""child_adhd_51"", ""child_control_30"", ""child_control_42"", ""child_adhd_15"", ""child_adhd_43"", ""child_control_18"", ""child_adhd_1"", ""child_control_7"", ""child_control_41"", ""child_control_44"", ""child_adhd_16"", ""child_adhd_25"", ""child_adhd_41"", ""child_control_6"", ""child_adhd_50"", ""child_adhd_2"", ""child_control_21"", ""child_control_57"", ""child_adhd_4"", ""child_control_9"", ""child_adhd_58"", ""child_adhd_40"", ""child_adhd_12"", ""child_adhd_6"", ""child_adhd_33"", ""child_adhd_61"", ""child_control_59"", ""child_control_50"", ""child_adhd_34"", ""child_adhd_38"", ""child_adhd_56"", ""child_control_49"", ""child_adhd_5"", ""child_control_11"", ""child_adhd_23"", ""child_control_45"", ""child_adhd_37"", ""child_adhd_45"", ""child_adhd_26"", ""child_adhd_42"", ""child_control_38"", ""child_control_26"", ""child_adhd_20"", ""child_control_47"", ""child_control_31"", ""child_control_5"", ""child_adhd_52"", ""child_adhd_10"", ""child_adhd_11"", ""child_adhd_3"", ""child_control_55"", ""child_control_60"", ""child_adhd_49"", ""child_adhd_18"", ""child_control_48"", ""child_adhd_60"", ""child_adhd_39"", ""child_adhd_36"", ""child_adhd_53"", ""child_control_17"", ""child_control_32"", ""child_control_33"", ""child_control_10"", ""child_control_22"", ""child_adhd_24"", ""child_adhd_29"", ""child_control_46"", ""child_control_19"", ""child_adhd_48"", ""child_control_23"", ""child_adhd_30"", ""child_control_2"", ""child_control_53"", ""child_adhd_32"", ""child_control_13"", ""child_control_16"", ""child_control_4"", ""child_control_14"", ""child_control_1"", ""child_control_37"", ""child_adhd_9"", ""child_control_36"", ""child_adhd_57"", ""child_control_12"", ""child_adhd_59"", ""child_adhd_13"", ""child_control_3"", ""child_control_54"", ""child_adhd_21"", ""child_adhd_55"", ""child_control_35"", ""child_control_24"", ""child_control_25"", ""child_control_56"", ""child_control_51"", ""child_adhd_46"", ""child_adhd_28"", ""child_control_34"", ""child_control_28""]"
Results\LSTM_Tuning\child_to_adult\child_to_adult_balanced_threshold_acc\split_manifest.json,child_to_adult,deep_subject_safe_child_to_adult_v1,42,val,13,7,6,479,308,171,0.538462,0.643006,False,"[""child_adhd_47"", ""child_adhd_35"", ""child_control_43"", ""child_adhd_8"", ""child_control_52"", ""child_adhd_7"", ""child_control_8"", ""child_control_15"", ""child_adhd_14"", ""child_adhd_44"", ""child_control_29"", ""child_adhd_17"", ""child_control_39""]"
Results\LSTM_Tuning\child_to_adult\child_to_adult_balanced_threshold_acc\split_manifest.json,child_to_adult,deep_subject_safe_child_to_adult_v1,42,test,16,8,8,9931,4943,4988,0.500000,0.497734,False,"[""adult_adhd_1"", ""adult_adhd_2"", ""adult_adhd_3"", ""adult_adhd_4"", ""adult_adhd_5"", ""adult_adhd_6"", ""adult_adhd_7"", ""adult_adhd_8"", ""adult_control_1"", ""adult_control_2"", ""adult_control_3"", ""adult_control_4"", ""adult_control_5"", ""adult_control_6"", ""adult_control_7"", ""adult_control_8""]"
Results\LSTM_Tuning\child_to_adult\child_to_adult_epoch_zscore_layer_norm\split_manifest.json,child_to_adult,deep_subject_safe_child_to_adult_v1,42,train,108,54,54,3573,1961,1612,0.500000,0.548839,False,"[""child_control_27"", ""child_adhd_22"", ""child_adhd_54"", ""child_adhd_27"", ""child_adhd_19"", ""child_adhd_31"", ""child_control_40"", ""child_control_20"", ""child_control_58"", ""child_adhd_51"", ""child_control_30"", ""child_control_42"", ""child_adhd_15"", ""child_adhd_43"", ""child_control_18"", ""child_adhd_1"", ""child_control_7"", ""child_control_41"", ""child_control_44"", ""child_adhd_16"", ""child_adhd_25"", ""child_adhd_41"", ""child_control_6"", ""child_adhd_50"", ""child_adhd_2"", ""child_control_21"", ""child_control_57"", ""child_adhd_4"", ""child_control_9"", ""child_adhd_58"", ""child_adhd_40"", ""child_adhd_12"", ""child_adhd_6"", ""child_adhd_33"", ""child_adhd_61"", ""child_control_59"", ""child_control_50"", ""child_adhd_34"", ""child_adhd_38"", ""child_adhd_56"", ""child_control_49"", ""child_adhd_5"", ""child_control_11"", ""child_adhd_23"", ""child_control_45"", ""child_adhd_37"", ""child_adhd_45"", ""child_adhd_26"", ""child_adhd_42"", ""child_control_38"", ""child_control_26"", ""child_adhd_20"", ""child_control_47"", ""child_control_31"", ""child_control_5"", ""child_adhd_52"", ""child_adhd_10"", ""child_adhd_11"", ""child_adhd_3"", ""child_control_55"", ""child_control_60"", ""child_adhd_49"", ""child_adhd_18"", ""child_control_48"", ""child_adhd_60"", ""child_adhd_39"", ""child_adhd_36"", ""child_adhd_53"", ""child_control_17"", ""child_control_32"", ""child_control_33"", ""child_control_10"", ""child_control_22"", ""child_adhd_24"", ""child_adhd_29"", ""child_control_46"", ""child_control_19"", ""child_adhd_48"", ""child_control_23"", ""child_adhd_30"", ""child_control_2"", ""child_control_53"", ""child_adhd_32"", ""child_control_13"", ""child_control_16"", ""child_control_4"", ""child_control_14"", ""child_control_1"", ""child_control_37"", ""child_adhd_9"", ""child_control_36"", ""child_adhd_57"", ""child_control_12"", ""child_adhd_59"", ""child_adhd_13"", ""child_control_3"", ""child_control_54"", ""child_adhd_21"", ""child_adhd_55"", ""child_control_35"", ""child_control_24"", ""child_control_25"", ""child_control_56"", ""child_control_51"", ""child_adhd_46"", ""child_adhd_28"", ""child_control_34"", ""child_control_28""]"
Results\LSTM_Tuning\child_to_adult\child_to_adult_epoch_zscore_layer_norm\split_manifest.json,child_to_adult,deep_subject_safe_child_to_adult_v1,42,val,13,7,6,479,308,171,0.538462,0.643006,False,"[""child_adhd_47"", ""child_adhd_35"", ""child_control_43"", ""child_adhd_8"", ""child_control_52"", ""child_adhd_7"", ""child_control_8"", ""child_control_15"", ""child_adhd_14"", ""child_adhd_44"", ""child_control_29"", ""child_adhd_17"", ""child_control_39""]"
Results\LSTM_Tuning\child_to_adult\child_to_adult_epoch_zscore_layer_norm\split_manifest.json,child_to_adult,deep_subject_safe_child_to_adult_v1,42,test,16,8,8,9931,4943,4988,0.500000,0.497734,False,"[""adult_adhd_1"", ""adult_adhd_2"", ""adult_adhd_3"", ""adult_adhd_4"", ""adult_adhd_5"", ""adult_adhd_6"", ""adult_adhd_7"", ""adult_adhd_8"", ""adult_control_1"", ""adult_control_2"", ""adult_control_3"", ""adult_control_4"", ""adult_control_5"", ""adult_control_6"", ""adult_control_7"", ""adult_control_8""]"
Results\LSTM_Tuning\child_to_adult\child_to_adult_epoch_zscore_no_class_weight\split_manifest.json,child_to_adult,deep_subject_safe_child_to_adult_v1,42,train,108,54,54,3573,1961,1612,0.500000,0.548839,False,"[""child_control_27"", ""child_adhd_22"", ""child_adhd_54"", ""child_adhd_27"", ""child_adhd_19"", ""child_adhd_31"", ""child_control_40"", ""child_control_20"", ""child_control_58"", ""child_adhd_51"", ""child_control_30"", ""child_control_42"", ""child_adhd_15"", ""child_adhd_43"", ""child_control_18"", ""child_adhd_1"", ""child_control_7"", ""child_control_41"", ""child_control_44"", ""child_adhd_16"", ""child_adhd_25"", ""child_adhd_41"", ""child_control_6"", ""child_adhd_50"", ""child_adhd_2"", ""child_control_21"", ""child_control_57"", ""child_adhd_4"", ""child_control_9"", ""child_adhd_58"", ""child_adhd_40"", ""child_adhd_12"", ""child_adhd_6"", ""child_adhd_33"", ""child_adhd_61"", ""child_control_59"", ""child_control_50"", ""child_adhd_34"", ""child_adhd_38"", ""child_adhd_56"", ""child_control_49"", ""child_adhd_5"", ""child_control_11"", ""child_adhd_23"", ""child_control_45"", ""child_adhd_37"", ""child_adhd_45"", ""child_adhd_26"", ""child_adhd_42"", ""child_control_38"", ""child_control_26"", ""child_adhd_20"", ""child_control_47"", ""child_control_31"", ""child_control_5"", ""child_adhd_52"", ""child_adhd_10"", ""child_adhd_11"", ""child_adhd_3"", ""child_control_55"", ""child_control_60"", ""child_adhd_49"", ""child_adhd_18"", ""child_control_48"", ""child_adhd_60"", ""child_adhd_39"", ""child_adhd_36"", ""child_adhd_53"", ""child_control_17"", ""child_control_32"", ""child_control_33"", ""child_control_10"", ""child_control_22"", ""child_adhd_24"", ""child_adhd_29"", ""child_control_46"", ""child_control_19"", ""child_adhd_48"", ""child_control_23"", ""child_adhd_30"", ""child_control_2"", ""child_control_53"", ""child_adhd_32"", ""child_control_13"", ""child_control_16"", ""child_control_4"", ""child_control_14"", ""child_control_1"", ""child_control_37"", ""child_adhd_9"", ""child_control_36"", ""child_adhd_57"", ""child_control_12"", ""child_adhd_59"", ""child_adhd_13"", ""child_control_3"", ""child_control_54"", ""child_adhd_21"", ""child_adhd_55"", ""child_control_35"", ""child_control_24"", ""child_control_25"", ""child_control_56"", ""child_control_51"", ""child_adhd_46"", ""child_adhd_28"", ""child_control_34"", ""child_control_28""]"
Results\LSTM_Tuning\child_to_adult\child_to_adult_epoch_zscore_no_class_weight\split_manifest.json,child_to_adult,deep_subject_safe_child_to_adult_v1,42,val,13,7,6,479,308,171,0.538462,0.643006,False,"[""child_adhd_47"", ""child_adhd_35"", ""child_control_43"", ""child_adhd_8"", ""child_control_52"", ""child_adhd_7"", ""child_control_8"", ""child_control_15"", ""child_adhd_14"", ""child_adhd_44"", ""child_control_29"", ""child_adhd_17"", ""child_control_39""]"
Results\LSTM_Tuning\child_to_adult\child_to_adult_epoch_zscore_no_class_weight\split_manifest.json,child_to_adult,deep_subject_safe_child_to_adult_v1,42,test,16,8,8,9931,4943,4988,0.500000,0.497734,False,"[""adult_adhd_1"", ""adult_adhd_2"", ""adult_adhd_3"", ""adult_adhd_4"", ""adult_adhd_5"", ""adult_adhd_6"", ""adult_adhd_7"", ""adult_adhd_8"", ""adult_control_1"", ""adult_control_2"", ""adult_control_3"", ""adult_control_4"", ""adult_control_5"", ""adult_control_6"", ""adult_control_7"", ""adult_control_8""]"
Results\LSTM_Tuning\child_to_adult\child_to_adult_no_class_weight\split_manifest.json,child_to_adult,deep_subject_safe_child_to_adult_v1,42,train,108,54,54,3573,1961,1612,0.500000,0.548839,False,"[""child_control_27"", ""child_adhd_22"", ""child_adhd_54"", ""child_adhd_27"", ""child_adhd_19"", ""child_adhd_31"", ""child_control_40"", ""child_control_20"", ""child_control_58"", ""child_adhd_51"", ""child_control_30"", ""child_control_42"", ""child_adhd_15"", ""child_adhd_43"", ""child_control_18"", ""child_adhd_1"", ""child_control_7"", ""child_control_41"", ""child_control_44"", ""child_adhd_16"", ""child_adhd_25"", ""child_adhd_41"", ""child_control_6"", ""child_adhd_50"", ""child_adhd_2"", ""child_control_21"", ""child_control_57"", ""child_adhd_4"", ""child_control_9"", ""child_adhd_58"", ""child_adhd_40"", ""child_adhd_12"", ""child_adhd_6"", ""child_adhd_33"", ""child_adhd_61"", ""child_control_59"", ""child_control_50"", ""child_adhd_34"", ""child_adhd_38"", ""child_adhd_56"", ""child_control_49"", ""child_adhd_5"", ""child_control_11"", ""child_adhd_23"", ""child_control_45"", ""child_adhd_37"", ""child_adhd_45"", ""child_adhd_26"", ""child_adhd_42"", ""child_control_38"", ""child_control_26"", ""child_adhd_20"", ""child_control_47"", ""child_control_31"", ""child_control_5"", ""child_adhd_52"", ""child_adhd_10"", ""child_adhd_11"", ""child_adhd_3"", ""child_control_55"", ""child_control_60"", ""child_adhd_49"", ""child_adhd_18"", ""child_control_48"", ""child_adhd_60"", ""child_adhd_39"", ""child_adhd_36"", ""child_adhd_53"", ""child_control_17"", ""child_control_32"", ""child_control_33"", ""child_control_10"", ""child_control_22"", ""child_adhd_24"", ""child_adhd_29"", ""child_control_46"", ""child_control_19"", ""child_adhd_48"", ""child_control_23"", ""child_adhd_30"", ""child_control_2"", ""child_control_53"", ""child_adhd_32"", ""child_control_13"", ""child_control_16"", ""child_control_4"", ""child_control_14"", ""child_control_1"", ""child_control_37"", ""child_adhd_9"", ""child_control_36"", ""child_adhd_57"", ""child_control_12"", ""child_adhd_59"", ""child_adhd_13"", ""child_control_3"", ""child_control_54"", ""child_adhd_21"", ""child_adhd_55"", ""child_control_35"", ""child_control_24"", ""child_control_25"", ""child_control_56"", ""child_control_51"", ""child_adhd_46"", ""child_adhd_28"", ""child_control_34"", ""child_control_28""]"
Results\LSTM_Tuning\child_to_adult\child_to_adult_no_class_weight\split_manifest.json,child_to_adult,deep_subject_safe_child_to_adult_v1,42,val,13,7,6,479,308,171,0.538462,0.643006,False,"[""child_adhd_47"", ""child_adhd_35"", ""child_control_43"", ""child_adhd_8"", ""child_control_52"", ""child_adhd_7"", ""child_control_8"", ""child_control_15"", ""child_adhd_14"", ""child_adhd_44"", ""child_control_29"", ""child_adhd_17"", ""child_control_39""]"
Results\LSTM_Tuning\child_to_adult\child_to_adult_no_class_weight\split_manifest.json,child_to_adult,deep_subject_safe_child_to_adult_v1,42,test,16,8,8,9931,4943,4988,0.500000,0.497734,False,"[""adult_adhd_1"", ""adult_adhd_2"", ""adult_adhd_3"", ""adult_adhd_4"", ""adult_adhd_5"", ""adult_adhd_6"", ""adult_adhd_7"", ""adult_adhd_8"", ""adult_control_1"", ""adult_control_2"", ""adult_control_3"", ""adult_control_4"", ""adult_control_5"", ""adult_control_6"", ""adult_control_7"", ""adult_control_8""]"
Results\LSTM_Tuning\child_to_adult\child_to_adult_no_class_weight_fixed_threshold\split_manifest.json,child_to_adult,deep_subject_safe_child_to_adult_v1,42,train,108,54,54,3573,1961,1612,0.500000,0.548839,False,"[""child_control_27"", ""child_adhd_22"", ""child_adhd_54"", ""child_adhd_27"", ""child_adhd_19"", ""child_adhd_31"", ""child_control_40"", ""child_control_20"", ""child_control_58"", ""child_adhd_51"", ""child_control_30"", ""child_control_42"", ""child_adhd_15"", ""child_adhd_43"", ""child_control_18"", ""child_adhd_1"", ""child_control_7"", ""child_control_41"", ""child_control_44"", ""child_adhd_16"", ""child_adhd_25"", ""child_adhd_41"", ""child_control_6"", ""child_adhd_50"", ""child_adhd_2"", ""child_control_21"", ""child_control_57"", ""child_adhd_4"", ""child_control_9"", ""child_adhd_58"", ""child_adhd_40"", ""child_adhd_12"", ""child_adhd_6"", ""child_adhd_33"", ""child_adhd_61"", ""child_control_59"", ""child_control_50"", ""child_adhd_34"", ""child_adhd_38"", ""child_adhd_56"", ""child_control_49"", ""child_adhd_5"", ""child_control_11"", ""child_adhd_23"", ""child_control_45"", ""child_adhd_37"", ""child_adhd_45"", ""child_adhd_26"", ""child_adhd_42"", ""child_control_38"", ""child_control_26"", ""child_adhd_20"", ""child_control_47"", ""child_control_31"", ""child_control_5"", ""child_adhd_52"", ""child_adhd_10"", ""child_adhd_11"", ""child_adhd_3"", ""child_control_55"", ""child_control_60"", ""child_adhd_49"", ""child_adhd_18"", ""child_control_48"", ""child_adhd_60"", ""child_adhd_39"", ""child_adhd_36"", ""child_adhd_53"", ""child_control_17"", ""child_control_32"", ""child_control_33"", ""child_control_10"", ""child_control_22"", ""child_adhd_24"", ""child_adhd_29"", ""child_control_46"", ""child_control_19"", ""child_adhd_48"", ""child_control_23"", ""child_adhd_30"", ""child_control_2"", ""child_control_53"", ""child_adhd_32"", ""child_control_13"", ""child_control_16"", ""child_control_4"", ""child_control_14"", ""child_control_1"", ""child_control_37"", ""child_adhd_9"", ""child_control_36"", ""child_adhd_57"", ""child_control_12"", ""child_adhd_59"", ""child_adhd_13"", ""child_control_3"", ""child_control_54"", ""child_adhd_21"", ""child_adhd_55"", ""child_control_35"", ""child_control_24"", ""child_control_25"", ""child_control_56"", ""child_control_51"", ""child_adhd_46"", ""child_adhd_28"", ""child_control_34"", ""child_control_28""]"
Results\LSTM_Tuning\child_to_adult\child_to_adult_no_class_weight_fixed_threshold\split_manifest.json,child_to_adult,deep_subject_safe_child_to_adult_v1,42,val,13,7,6,479,308,171,0.538462,0.643006,False,"[""child_adhd_47"", ""child_adhd_35"", ""child_control_43"", ""child_adhd_8"", ""child_control_52"", ""child_adhd_7"", ""child_control_8"", ""child_control_15"", ""child_adhd_14"", ""child_adhd_44"", ""child_control_29"", ""child_adhd_17"", ""child_control_39""]"
Results\LSTM_Tuning\child_to_adult\child_to_adult_no_class_weight_fixed_threshold\split_manifest.json,child_to_adult,deep_subject_safe_child_to_adult_v1,42,test,16,8,8,9931,4943,4988,0.500000,0.497734,False,"[""adult_adhd_1"", ""adult_adhd_2"", ""adult_adhd_3"", ""adult_adhd_4"", ""adult_adhd_5"", ""adult_adhd_6"", ""adult_adhd_7"", ""adult_adhd_8"", ""adult_control_1"", ""adult_control_2"", ""adult_control_3"", ""adult_control_4"", ""adult_control_5"", ""adult_control_6"", ""adult_control_7"", ""adult_control_8""]"
Results\LSTM_Tuning\combined_holdout\combined_balanced_threshold_acc\split_manifest.json,combined_holdout,deep_subject_safe_combined_v1,42,train,98,49,49,8600,3603,4997,0.500000,0.418953,False,"[""child_control_7"", ""child_adhd_20"", ""child_adhd_55"", ""child_control_55"", ""child_adhd_30"", ""child_adhd_10"", ""adult_control_6"", ""adult_adhd_3"", ""child_adhd_39"", ""child_adhd_12"", ""adult_control_5"", ""child_adhd_13"", ""child_adhd_7"", ""child_adhd_47"", ""child_adhd_52"", ""child_control_37"", ""child_control_51"", ""child_control_42"", ""child_control_13"", ""adult_adhd_5"", ""child_adhd_42"", ""child_control_31"", ""child_control_9"", ""child_control_54"", ""child_control_41"", ""child_control_49"", ""child_adhd_9"", ""child_control_43"", ""child_control_2"", ""child_control_59"", ""child_control_44"", ""adult_control_3"", ""child_adhd_17"", ""child_control_57"", ""child_adhd_56"", ""child_adhd_60"", ""child_control_46"", ""child_adhd_16"", ""child_control_29"", ""child_adhd_41"", ""child_adhd_27"", ""child_control_25"", ""child_control_22"", ""child_control_35"", ""child_control_16"", ""child_control_38"", ""child_control_33"", ""child_adhd_19"", ""child_adhd_22"", ""child_adhd_4"", ""child_control_47"", ""child_control_17"", ""child_adhd_37"", ""child_adhd_21"", ""adult_adhd_6"", ""child_control_48"", ""child_adhd_35"", ""child_adhd_28"", ""child_control_3"", ""child_adhd_5"", ""child_control_56"", ""child_control_6"", ""child_control_50"", ""child_adhd_11"", ""child_adhd_43"", ""adult_control_7"", ""child_adhd_46"", ""child_adhd_29"", ""child_control_30"", ""child_adhd_38"", ""child_adhd_49"", ""child_control_4"", ""child_control_26"", ""child_adhd_59"", ""child_control_8"", ""child_control_18"", ""child_control_14"", ""child_adhd_61"", ""child_control_10"", ""child_adhd_26"", ""child_adhd_3"", ""adult_control_8"", ""child_control_45"", ""child_adhd_32"", ""child_adhd_57"", ""child_adhd_53"", ""child_adhd_51"", ""adult_control_2"", ""child_adhd_50"", ""child_control_12"", ""child_adhd_1"", ""child_control_34"", ""child_adhd_33"", ""child_adhd_2"", ""child_adhd_6"", ""child_adhd_25"", ""child_control_32"", ""child_control_27""]"
Results\LSTM_Tuning\combined_holdout\combined_balanced_threshold_acc\split_manifest.json,combined_holdout,deep_subject_safe_combined_v1,42,val,11,6,5,2112,1377,735,0.545455,0.651989,False,"[""child_adhd_45"", ""child_control_1"", ""adult_adhd_7"", ""child_adhd_54"", ""adult_adhd_4"", ""child_control_20"", ""adult_control_4"", ""child_adhd_58"", ""child_control_28"", ""child_adhd_24"", ""child_control_5""]"
Results\LSTM_Tuning\combined_holdout\combined_balanced_threshold_acc\split_manifest.json,combined_holdout,deep_subject_safe_combined_v1,42,test,28,14,14,3271,2232,1039,0.500000,0.682360,False,"[""child_adhd_40"", ""adult_adhd_8"", ""child_adhd_48"", ""child_control_52"", ""child_control_60"", ""child_control_15"", ""child_control_11"", ""child_adhd_36"", ""child_adhd_31"", ""child_control_36"", ""child_adhd_14"", ""child_adhd_23"", ""child_control_24"", ""adult_adhd_2"", ""child_adhd_15"", ""adult_control_1"", ""child_adhd_34"", ""child_control_53"", ""child_control_39"", ""adult_adhd_1"", ""child_control_21"", ""child_adhd_18"", ""child_adhd_44"", ""child_adhd_8"", ""child_control_23"", ""child_control_19"", ""child_control_40"", ""child_control_58""]"
Results\LSTM_Tuning\combined_holdout\combined_epoch_zscore_fixed_threshold\split_manifest.json,combined_holdout,deep_subject_safe_combined_v1,42,train,98,49,49,8600,3603,4997,0.500000,0.418953,False,"[""child_control_7"", ""child_adhd_20"", ""child_adhd_55"", ""child_control_55"", ""child_adhd_30"", ""child_adhd_10"", ""adult_control_6"", ""adult_adhd_3"", ""child_adhd_39"", ""child_adhd_12"", ""adult_control_5"", ""child_adhd_13"", ""child_adhd_7"", ""child_adhd_47"", ""child_adhd_52"", ""child_control_37"", ""child_control_51"", ""child_control_42"", ""child_control_13"", ""adult_adhd_5"", ""child_adhd_42"", ""child_control_31"", ""child_control_9"", ""child_control_54"", ""child_control_41"", ""child_control_49"", ""child_adhd_9"", ""child_control_43"", ""child_control_2"", ""child_control_59"", ""child_control_44"", ""adult_control_3"", ""child_adhd_17"", ""child_control_57"", ""child_adhd_56"", ""child_adhd_60"", ""child_control_46"", ""child_adhd_16"", ""child_control_29"", ""child_adhd_41"", ""child_adhd_27"", ""child_control_25"", ""child_control_22"", ""child_control_35"", ""child_control_16"", ""child_control_38"", ""child_control_33"", ""child_adhd_19"", ""child_adhd_22"", ""child_adhd_4"", ""child_control_47"", ""child_control_17"", ""child_adhd_37"", ""child_adhd_21"", ""adult_adhd_6"", ""child_control_48"", ""child_adhd_35"", ""child_adhd_28"", ""child_control_3"", ""child_adhd_5"", ""child_control_56"", ""child_control_6"", ""child_control_50"", ""child_adhd_11"", ""child_adhd_43"", ""adult_control_7"", ""child_adhd_46"", ""child_adhd_29"", ""child_control_30"", ""child_adhd_38"", ""child_adhd_49"", ""child_control_4"", ""child_control_26"", ""child_adhd_59"", ""child_control_8"", ""child_control_18"", ""child_control_14"", ""child_adhd_61"", ""child_control_10"", ""child_adhd_26"", ""child_adhd_3"", ""adult_control_8"", ""child_control_45"", ""child_adhd_32"", ""child_adhd_57"", ""child_adhd_53"", ""child_adhd_51"", ""adult_control_2"", ""child_adhd_50"", ""child_control_12"", ""child_adhd_1"", ""child_control_34"", ""child_adhd_33"", ""child_adhd_2"", ""child_adhd_6"", ""child_adhd_25"", ""child_control_32"", ""child_control_27""]"
Results\LSTM_Tuning\combined_holdout\combined_epoch_zscore_fixed_threshold\split_manifest.json,combined_holdout,deep_subject_safe_combined_v1,42,val,11,6,5,2112,1377,735,0.545455,0.651989,False,"[""child_adhd_45"", ""child_control_1"", ""adult_adhd_7"", ""child_adhd_54"", ""adult_adhd_4"", ""child_control_20"", ""adult_control_4"", ""child_adhd_58"", ""child_control_28"", ""child_adhd_24"", ""child_control_5""]"
Results\LSTM_Tuning\combined_holdout\combined_epoch_zscore_fixed_threshold\split_manifest.json,combined_holdout,deep_subject_safe_combined_v1,42,test,28,14,14,3271,2232,1039,0.500000,0.682360,False,"[""child_adhd_40"", ""adult_adhd_8"", ""child_adhd_48"", ""child_control_52"", ""child_control_60"", ""child_control_15"", ""child_control_11"", ""child_adhd_36"", ""child_adhd_31"", ""child_control_36"", ""child_adhd_14"", ""child_adhd_23"", ""child_control_24"", ""adult_adhd_2"", ""child_adhd_15"", ""adult_control_1"", ""child_adhd_34"", ""child_control_53"", ""child_control_39"", ""adult_adhd_1"", ""child_control_21"", ""child_adhd_18"", ""child_adhd_44"", ""child_adhd_8"", ""child_control_23"", ""child_control_19"", ""child_control_40"", ""child_control_58""]"
Results\LSTM_Tuning\combined_holdout\combined_epoch_zscore_layer_norm\split_manifest.json,combined_holdout,deep_subject_safe_combined_v1,42,train,98,49,49,8600,3603,4997,0.500000,0.418953,False,"[""child_control_7"", ""child_adhd_20"", ""child_adhd_55"", ""child_control_55"", ""child_adhd_30"", ""child_adhd_10"", ""adult_control_6"", ""adult_adhd_3"", ""child_adhd_39"", ""child_adhd_12"", ""adult_control_5"", ""child_adhd_13"", ""child_adhd_7"", ""child_adhd_47"", ""child_adhd_52"", ""child_control_37"", ""child_control_51"", ""child_control_42"", ""child_control_13"", ""adult_adhd_5"", ""child_adhd_42"", ""child_control_31"", ""child_control_9"", ""child_control_54"", ""child_control_41"", ""child_control_49"", ""child_adhd_9"", ""child_control_43"", ""child_control_2"", ""child_control_59"", ""child_control_44"", ""adult_control_3"", ""child_adhd_17"", ""child_control_57"", ""child_adhd_56"", ""child_adhd_60"", ""child_control_46"", ""child_adhd_16"", ""child_control_29"", ""child_adhd_41"", ""child_adhd_27"", ""child_control_25"", ""child_control_22"", ""child_control_35"", ""child_control_16"", ""child_control_38"", ""child_control_33"", ""child_adhd_19"", ""child_adhd_22"", ""child_adhd_4"", ""child_control_47"", ""child_control_17"", ""child_adhd_37"", ""child_adhd_21"", ""adult_adhd_6"", ""child_control_48"", ""child_adhd_35"", ""child_adhd_28"", ""child_control_3"", ""child_adhd_5"", ""child_control_56"", ""child_control_6"", ""child_control_50"", ""child_adhd_11"", ""child_adhd_43"", ""adult_control_7"", ""child_adhd_46"", ""child_adhd_29"", ""child_control_30"", ""child_adhd_38"", ""child_adhd_49"", ""child_control_4"", ""child_control_26"", ""child_adhd_59"", ""child_control_8"", ""child_control_18"", ""child_control_14"", ""child_adhd_61"", ""child_control_10"", ""child_adhd_26"", ""child_adhd_3"", ""adult_control_8"", ""child_control_45"", ""child_adhd_32"", ""child_adhd_57"", ""child_adhd_53"", ""child_adhd_51"", ""adult_control_2"", ""child_adhd_50"", ""child_control_12"", ""child_adhd_1"", ""child_control_34"", ""child_adhd_33"", ""child_adhd_2"", ""child_adhd_6"", ""child_adhd_25"", ""child_control_32"", ""child_control_27""]"
Results\LSTM_Tuning\combined_holdout\combined_epoch_zscore_layer_norm\split_manifest.json,combined_holdout,deep_subject_safe_combined_v1,42,val,11,6,5,2112,1377,735,0.545455,0.651989,False,"[""child_adhd_45"", ""child_control_1"", ""adult_adhd_7"", ""child_adhd_54"", ""adult_adhd_4"", ""child_control_20"", ""adult_control_4"", ""child_adhd_58"", ""child_control_28"", ""child_adhd_24"", ""child_control_5""]"
Results\LSTM_Tuning\combined_holdout\combined_epoch_zscore_layer_norm\split_manifest.json,combined_holdout,deep_subject_safe_combined_v1,42,test,28,14,14,3271,2232,1039,0.500000,0.682360,False,"[""child_adhd_40"", ""adult_adhd_8"", ""child_adhd_48"", ""child_control_52"", ""child_control_60"", ""child_control_15"", ""child_control_11"", ""child_adhd_36"", ""child_adhd_31"", ""child_control_36"", ""child_adhd_14"", ""child_adhd_23"", ""child_control_24"", ""adult_adhd_2"", ""child_adhd_15"", ""adult_control_1"", ""child_adhd_34"", ""child_control_53"", ""child_control_39"", ""adult_adhd_1"", ""child_control_21"", ""child_adhd_18"", ""child_adhd_44"", ""child_adhd_8"", ""child_control_23"", ""child_control_19"", ""child_control_40"", ""child_control_58""]"
Results\LSTM_Tuning\combined_holdout\combined_epoch_zscore_no_class_weight\split_manifest.json,combined_holdout,deep_subject_safe_combined_v1,42,train,98,49,49,8600,3603,4997,0.500000,0.418953,False,"[""child_control_7"", ""child_adhd_20"", ""child_adhd_55"", ""child_control_55"", ""child_adhd_30"", ""child_adhd_10"", ""adult_control_6"", ""adult_adhd_3"", ""child_adhd_39"", ""child_adhd_12"", ""adult_control_5"", ""child_adhd_13"", ""child_adhd_7"", ""child_adhd_47"", ""child_adhd_52"", ""child_control_37"", ""child_control_51"", ""child_control_42"", ""child_control_13"", ""adult_adhd_5"", ""child_adhd_42"", ""child_control_31"", ""child_control_9"", ""child_control_54"", ""child_control_41"", ""child_control_49"", ""child_adhd_9"", ""child_control_43"", ""child_control_2"", ""child_control_59"", ""child_control_44"", ""adult_control_3"", ""child_adhd_17"", ""child_control_57"", ""child_adhd_56"", ""child_adhd_60"", ""child_control_46"", ""child_adhd_16"", ""child_control_29"", ""child_adhd_41"", ""child_adhd_27"", ""child_control_25"", ""child_control_22"", ""child_control_35"", ""child_control_16"", ""child_control_38"", ""child_control_33"", ""child_adhd_19"", ""child_adhd_22"", ""child_adhd_4"", ""child_control_47"", ""child_control_17"", ""child_adhd_37"", ""child_adhd_21"", ""adult_adhd_6"", ""child_control_48"", ""child_adhd_35"", ""child_adhd_28"", ""child_control_3"", ""child_adhd_5"", ""child_control_56"", ""child_control_6"", ""child_control_50"", ""child_adhd_11"", ""child_adhd_43"", ""adult_control_7"", ""child_adhd_46"", ""child_adhd_29"", ""child_control_30"", ""child_adhd_38"", ""child_adhd_49"", ""child_control_4"", ""child_control_26"", ""child_adhd_59"", ""child_control_8"", ""child_control_18"", ""child_control_14"", ""child_adhd_61"", ""child_control_10"", ""child_adhd_26"", ""child_adhd_3"", ""adult_control_8"", ""child_control_45"", ""child_adhd_32"", ""child_adhd_57"", ""child_adhd_53"", ""child_adhd_51"", ""adult_control_2"", ""child_adhd_50"", ""child_control_12"", ""child_adhd_1"", ""child_control_34"", ""child_adhd_33"", ""child_adhd_2"", ""child_adhd_6"", ""child_adhd_25"", ""child_control_32"", ""child_control_27""]"
Results\LSTM_Tuning\combined_holdout\combined_epoch_zscore_no_class_weight\split_manifest.json,combined_holdout,deep_subject_safe_combined_v1,42,val,11,6,5,2112,1377,735,0.545455,0.651989,False,"[""child_adhd_45"", ""child_control_1"", ""adult_adhd_7"", ""child_adhd_54"", ""adult_adhd_4"", ""child_control_20"", ""adult_control_4"", ""child_adhd_58"", ""child_control_28"", ""child_adhd_24"", ""child_control_5""]"
Results\LSTM_Tuning\combined_holdout\combined_epoch_zscore_no_class_weight\split_manifest.json,combined_holdout,deep_subject_safe_combined_v1,42,test,28,14,14,3271,2232,1039,0.500000,0.682360,False,"[""child_adhd_40"", ""adult_adhd_8"", ""child_adhd_48"", ""child_control_52"", ""child_control_60"", ""child_control_15"", ""child_control_11"", ""child_adhd_36"", ""child_adhd_31"", ""child_control_36"", ""child_adhd_14"", ""child_adhd_23"", ""child_control_24"", ""adult_adhd_2"", ""child_adhd_15"", ""adult_control_1"", ""child_adhd_34"", ""child_control_53"", ""child_control_39"", ""adult_adhd_1"", ""child_control_21"", ""child_adhd_18"", ""child_adhd_44"", ""child_adhd_8"", ""child_control_23"", ""child_control_19"", ""child_control_40"", ""child_control_58""]"
Results\LSTM_Tuning\combined_holdout\combined_large_no_class_weight_low_lr\split_manifest.json,combined_holdout,deep_subject_safe_combined_v1,42,train,98,49,49,8600,3603,4997,0.500000,0.418953,False,"[""child_control_7"", ""child_adhd_20"", ""child_adhd_55"", ""child_control_55"", ""child_adhd_30"", ""child_adhd_10"", ""adult_control_6"", ""adult_adhd_3"", ""child_adhd_39"", ""child_adhd_12"", ""adult_control_5"", ""child_adhd_13"", ""child_adhd_7"", ""child_adhd_47"", ""child_adhd_52"", ""child_control_37"", ""child_control_51"", ""child_control_42"", ""child_control_13"", ""adult_adhd_5"", ""child_adhd_42"", ""child_control_31"", ""child_control_9"", ""child_control_54"", ""child_control_41"", ""child_control_49"", ""child_adhd_9"", ""child_control_43"", ""child_control_2"", ""child_control_59"", ""child_control_44"", ""adult_control_3"", ""child_adhd_17"", ""child_control_57"", ""child_adhd_56"", ""child_adhd_60"", ""child_control_46"", ""child_adhd_16"", ""child_control_29"", ""child_adhd_41"", ""child_adhd_27"", ""child_control_25"", ""child_control_22"", ""child_control_35"", ""child_control_16"", ""child_control_38"", ""child_control_33"", ""child_adhd_19"", ""child_adhd_22"", ""child_adhd_4"", ""child_control_47"", ""child_control_17"", ""child_adhd_37"", ""child_adhd_21"", ""adult_adhd_6"", ""child_control_48"", ""child_adhd_35"", ""child_adhd_28"", ""child_control_3"", ""child_adhd_5"", ""child_control_56"", ""child_control_6"", ""child_control_50"", ""child_adhd_11"", ""child_adhd_43"", ""adult_control_7"", ""child_adhd_46"", ""child_adhd_29"", ""child_control_30"", ""child_adhd_38"", ""child_adhd_49"", ""child_control_4"", ""child_control_26"", ""child_adhd_59"", ""child_control_8"", ""child_control_18"", ""child_control_14"", ""child_adhd_61"", ""child_control_10"", ""child_adhd_26"", ""child_adhd_3"", ""adult_control_8"", ""child_control_45"", ""child_adhd_32"", ""child_adhd_57"", ""child_adhd_53"", ""child_adhd_51"", ""adult_control_2"", ""child_adhd_50"", ""child_control_12"", ""child_adhd_1"", ""child_control_34"", ""child_adhd_33"", ""child_adhd_2"", ""child_adhd_6"", ""child_adhd_25"", ""child_control_32"", ""child_control_27""]"
Results\LSTM_Tuning\combined_holdout\combined_large_no_class_weight_low_lr\split_manifest.json,combined_holdout,deep_subject_safe_combined_v1,42,val,11,6,5,2112,1377,735,0.545455,0.651989,False,"[""child_adhd_45"", ""child_control_1"", ""adult_adhd_7"", ""child_adhd_54"", ""adult_adhd_4"", ""child_control_20"", ""adult_control_4"", ""child_adhd_58"", ""child_control_28"", ""child_adhd_24"", ""child_control_5""]"
Results\LSTM_Tuning\combined_holdout\combined_large_no_class_weight_low_lr\split_manifest.json,combined_holdout,deep_subject_safe_combined_v1,42,test,28,14,14,3271,2232,1039,0.500000,0.682360,False,"[""child_adhd_40"", ""adult_adhd_8"", ""child_adhd_48"", ""child_control_52"", ""child_control_60"", ""child_control_15"", ""child_control_11"", ""child_adhd_36"", ""child_adhd_31"", ""child_control_36"", ""child_adhd_14"", ""child_adhd_23"", ""child_control_24"", ""adult_adhd_2"", ""child_adhd_15"", ""adult_control_1"", ""child_adhd_34"", ""child_control_53"", ""child_control_39"", ""adult_adhd_1"", ""child_control_21"", ""child_adhd_18"", ""child_adhd_44"", ""child_adhd_8"", ""child_control_23"", ""child_control_19"", ""child_control_40"", ""child_control_58""]"
Results\LSTM_Tuning\combined_holdout\combined_no_class_weight_fixed_threshold\split_manifest.json,combined_holdout,deep_subject_safe_combined_v1,42,train,98,49,49,8600,3603,4997,0.500000,0.418953,False,"[""child_control_7"", ""child_adhd_20"", ""child_adhd_55"", ""child_control_55"", ""child_adhd_30"", ""child_adhd_10"", ""adult_control_6"", ""adult_adhd_3"", ""child_adhd_39"", ""child_adhd_12"", ""adult_control_5"", ""child_adhd_13"", ""child_adhd_7"", ""child_adhd_47"", ""child_adhd_52"", ""child_control_37"", ""child_control_51"", ""child_control_42"", ""child_control_13"", ""adult_adhd_5"", ""child_adhd_42"", ""child_control_31"", ""child_control_9"", ""child_control_54"", ""child_control_41"", ""child_control_49"", ""child_adhd_9"", ""child_control_43"", ""child_control_2"", ""child_control_59"", ""child_control_44"", ""adult_control_3"", ""child_adhd_17"", ""child_control_57"", ""child_adhd_56"", ""child_adhd_60"", ""child_control_46"", ""child_adhd_16"", ""child_control_29"", ""child_adhd_41"", ""child_adhd_27"", ""child_control_25"", ""child_control_22"", ""child_control_35"", ""child_control_16"", ""child_control_38"", ""child_control_33"", ""child_adhd_19"", ""child_adhd_22"", ""child_adhd_4"", ""child_control_47"", ""child_control_17"", ""child_adhd_37"", ""child_adhd_21"", ""adult_adhd_6"", ""child_control_48"", ""child_adhd_35"", ""child_adhd_28"", ""child_control_3"", ""child_adhd_5"", ""child_control_56"", ""child_control_6"", ""child_control_50"", ""child_adhd_11"", ""child_adhd_43"", ""adult_control_7"", ""child_adhd_46"", ""child_adhd_29"", ""child_control_30"", ""child_adhd_38"", ""child_adhd_49"", ""child_control_4"", ""child_control_26"", ""child_adhd_59"", ""child_control_8"", ""child_control_18"", ""child_control_14"", ""child_adhd_61"", ""child_control_10"", ""child_adhd_26"", ""child_adhd_3"", ""adult_control_8"", ""child_control_45"", ""child_adhd_32"", ""child_adhd_57"", ""child_adhd_53"", ""child_adhd_51"", ""adult_control_2"", ""child_adhd_50"", ""child_control_12"", ""child_adhd_1"", ""child_control_34"", ""child_adhd_33"", ""child_adhd_2"", ""child_adhd_6"", ""child_adhd_25"", ""child_control_32"", ""child_control_27""]"
Results\LSTM_Tuning\combined_holdout\combined_no_class_weight_fixed_threshold\split_manifest.json,combined_holdout,deep_subject_safe_combined_v1,42,val,11,6,5,2112,1377,735,0.545455,0.651989,False,"[""child_adhd_45"", ""child_control_1"", ""adult_adhd_7"", ""child_adhd_54"", ""adult_adhd_4"", ""child_control_20"", ""adult_control_4"", ""child_adhd_58"", ""child_control_28"", ""child_adhd_24"", ""child_control_5""]"
Results\LSTM_Tuning\combined_holdout\combined_no_class_weight_fixed_threshold\split_manifest.json,combined_holdout,deep_subject_safe_combined_v1,42,test,28,14,14,3271,2232,1039,0.500000,0.682360,False,"[""child_adhd_40"", ""adult_adhd_8"", ""child_adhd_48"", ""child_control_52"", ""child_control_60"", ""child_control_15"", ""child_control_11"", ""child_adhd_36"", ""child_adhd_31"", ""child_control_36"", ""child_adhd_14"", ""child_adhd_23"", ""child_control_24"", ""adult_adhd_2"", ""child_adhd_15"", ""adult_control_1"", ""child_adhd_34"", ""child_control_53"", ""child_control_39"", ""adult_adhd_1"", ""child_control_21"", ""child_adhd_18"", ""child_adhd_44"", ""child_adhd_8"", ""child_control_23"", ""child_control_19"", ""child_control_40"", ""child_control_58""]"
Results\LSTM_Tuning\combined_holdout\combined_no_class_weight_threshold_acc\split_manifest.json,combined_holdout,deep_subject_safe_combined_v1,42,train,98,49,49,8600,3603,4997,0.500000,0.418953,False,"[""child_control_7"", ""child_adhd_20"", ""child_adhd_55"", ""child_control_55"", ""child_adhd_30"", ""child_adhd_10"", ""adult_control_6"", ""adult_adhd_3"", ""child_adhd_39"", ""child_adhd_12"", ""adult_control_5"", ""child_adhd_13"", ""child_adhd_7"", ""child_adhd_47"", ""child_adhd_52"", ""child_control_37"", ""child_control_51"", ""child_control_42"", ""child_control_13"", ""adult_adhd_5"", ""child_adhd_42"", ""child_control_31"", ""child_control_9"", ""child_control_54"", ""child_control_41"", ""child_control_49"", ""child_adhd_9"", ""child_control_43"", ""child_control_2"", ""child_control_59"", ""child_control_44"", ""adult_control_3"", ""child_adhd_17"", ""child_control_57"", ""child_adhd_56"", ""child_adhd_60"", ""child_control_46"", ""child_adhd_16"", ""child_control_29"", ""child_adhd_41"", ""child_adhd_27"", ""child_control_25"", ""child_control_22"", ""child_control_35"", ""child_control_16"", ""child_control_38"", ""child_control_33"", ""child_adhd_19"", ""child_adhd_22"", ""child_adhd_4"", ""child_control_47"", ""child_control_17"", ""child_adhd_37"", ""child_adhd_21"", ""adult_adhd_6"", ""child_control_48"", ""child_adhd_35"", ""child_adhd_28"", ""child_control_3"", ""child_adhd_5"", ""child_control_56"", ""child_control_6"", ""child_control_50"", ""child_adhd_11"", ""child_adhd_43"", ""adult_control_7"", ""child_adhd_46"", ""child_adhd_29"", ""child_control_30"", ""child_adhd_38"", ""child_adhd_49"", ""child_control_4"", ""child_control_26"", ""child_adhd_59"", ""child_control_8"", ""child_control_18"", ""child_control_14"", ""child_adhd_61"", ""child_control_10"", ""child_adhd_26"", ""child_adhd_3"", ""adult_control_8"", ""child_control_45"", ""child_adhd_32"", ""child_adhd_57"", ""child_adhd_53"", ""child_adhd_51"", ""adult_control_2"", ""child_adhd_50"", ""child_control_12"", ""child_adhd_1"", ""child_control_34"", ""child_adhd_33"", ""child_adhd_2"", ""child_adhd_6"", ""child_adhd_25"", ""child_control_32"", ""child_control_27""]"
Results\LSTM_Tuning\combined_holdout\combined_no_class_weight_threshold_acc\split_manifest.json,combined_holdout,deep_subject_safe_combined_v1,42,val,11,6,5,2112,1377,735,0.545455,0.651989,False,"[""child_adhd_45"", ""child_control_1"", ""adult_adhd_7"", ""child_adhd_54"", ""adult_adhd_4"", ""child_control_20"", ""adult_control_4"", ""child_adhd_58"", ""child_control_28"", ""child_adhd_24"", ""child_control_5""]"
Results\LSTM_Tuning\combined_holdout\combined_no_class_weight_threshold_acc\split_manifest.json,combined_holdout,deep_subject_safe_combined_v1,42,test,28,14,14,3271,2232,1039,0.500000,0.682360,False,"[""child_adhd_40"", ""adult_adhd_8"", ""child_adhd_48"", ""child_control_52"", ""child_control_60"", ""child_control_15"", ""child_control_11"", ""child_adhd_36"", ""child_adhd_31"", ""child_control_36"", ""child_adhd_14"", ""child_adhd_23"", ""child_control_24"", ""adult_adhd_2"", ""child_adhd_15"", ""adult_control_1"", ""child_adhd_34"", ""child_control_53"", ""child_control_39"", ""adult_adhd_1"", ""child_control_21"", ""child_adhd_18"", ""child_adhd_44"", ""child_adhd_8"", ""child_control_23"", ""child_control_19"", ""child_control_40"", ""child_control_58""]"
Results\LSTM_Tuning\combined_holdout\combined_small_no_class_weight\split_manifest.json,combined_holdout,deep_subject_safe_combined_v1,42,train,98,49,49,8600,3603,4997,0.500000,0.418953,False,"[""child_control_7"", ""child_adhd_20"", ""child_adhd_55"", ""child_control_55"", ""child_adhd_30"", ""child_adhd_10"", ""adult_control_6"", ""adult_adhd_3"", ""child_adhd_39"", ""child_adhd_12"", ""adult_control_5"", ""child_adhd_13"", ""child_adhd_7"", ""child_adhd_47"", ""child_adhd_52"", ""child_control_37"", ""child_control_51"", ""child_control_42"", ""child_control_13"", ""adult_adhd_5"", ""child_adhd_42"", ""child_control_31"", ""child_control_9"", ""child_control_54"", ""child_control_41"", ""child_control_49"", ""child_adhd_9"", ""child_control_43"", ""child_control_2"", ""child_control_59"", ""child_control_44"", ""adult_control_3"", ""child_adhd_17"", ""child_control_57"", ""child_adhd_56"", ""child_adhd_60"", ""child_control_46"", ""child_adhd_16"", ""child_control_29"", ""child_adhd_41"", ""child_adhd_27"", ""child_control_25"", ""child_control_22"", ""child_control_35"", ""child_control_16"", ""child_control_38"", ""child_control_33"", ""child_adhd_19"", ""child_adhd_22"", ""child_adhd_4"", ""child_control_47"", ""child_control_17"", ""child_adhd_37"", ""child_adhd_21"", ""adult_adhd_6"", ""child_control_48"", ""child_adhd_35"", ""child_adhd_28"", ""child_control_3"", ""child_adhd_5"", ""child_control_56"", ""child_control_6"", ""child_control_50"", ""child_adhd_11"", ""child_adhd_43"", ""adult_control_7"", ""child_adhd_46"", ""child_adhd_29"", ""child_control_30"", ""child_adhd_38"", ""child_adhd_49"", ""child_control_4"", ""child_control_26"", ""child_adhd_59"", ""child_control_8"", ""child_control_18"", ""child_control_14"", ""child_adhd_61"", ""child_control_10"", ""child_adhd_26"", ""child_adhd_3"", ""adult_control_8"", ""child_control_45"", ""child_adhd_32"", ""child_adhd_57"", ""child_adhd_53"", ""child_adhd_51"", ""adult_control_2"", ""child_adhd_50"", ""child_control_12"", ""child_adhd_1"", ""child_control_34"", ""child_adhd_33"", ""child_adhd_2"", ""child_adhd_6"", ""child_adhd_25"", ""child_control_32"", ""child_control_27""]"
Results\LSTM_Tuning\combined_holdout\combined_small_no_class_weight\split_manifest.json,combined_holdout,deep_subject_safe_combined_v1,42,val,11,6,5,2112,1377,735,0.545455,0.651989,False,"[""child_adhd_45"", ""child_control_1"", ""adult_adhd_7"", ""child_adhd_54"", ""adult_adhd_4"", ""child_control_20"", ""adult_control_4"", ""child_adhd_58"", ""child_control_28"", ""child_adhd_24"", ""child_control_5""]"
Results\LSTM_Tuning\combined_holdout\combined_small_no_class_weight\split_manifest.json,combined_holdout,deep_subject_safe_combined_v1,42,test,28,14,14,3271,2232,1039,0.500000,0.682360,False,"[""child_adhd_40"", ""adult_adhd_8"", ""child_adhd_48"", ""child_control_52"", ""child_control_60"", ""child_control_15"", ""child_control_11"", ""child_adhd_36"", ""child_adhd_31"", ""child_control_36"", ""child_adhd_14"", ""child_adhd_23"", ""child_control_24"", ""adult_adhd_2"", ""child_adhd_15"", ""adult_control_1"", ""child_adhd_34"", ""child_control_53"", ""child_control_39"", ""adult_adhd_1"", ""child_control_21"", ""child_adhd_18"", ""child_adhd_44"", ""child_adhd_8"", ""child_control_23"", ""child_control_19"", ""child_control_40"", ""child_control_58""]"
