subject_id,y_true,y_score
child_adhd_1,1,2.836832506914368
child_adhd_1,1,3.3345443843252194
child_adhd_1,1,1.5428987183170688
child_adhd_1,1,2.4196884592897026
child_adhd_1,1,0.38504748495271257
child_adhd_1,1,2.333351467482221
child_adhd_1,1,3.0806868459678376
child_adhd_1,1,3.076977282410302
child_adhd_1,1,1.4456799150627047
child_adhd_1,1,2.8451311807911437
child_adhd_1,1,2.1711840575598527
child_adhd_1,1,2.6084635955187294
child_adhd_1,1,3.1367896392644963
child_adhd_1,1,2.6943768606623517
child_adhd_1,1,3.188200215540449
child_adhd_1,1,1.1661217182489751
child_adhd_1,1,2.5706865248971043
child_adhd_1,1,0.7466730215775275
child_adhd_1,1,-0.90936825383952
child_adhd_1,1,-1.222875040883712
child_adhd_1,1,2.307890426718815
child_adhd_1,1,3.8861704892670086
child_adhd_1,1,1.1283409476509687
child_adhd_1,1,1.2943587580542244
child_adhd_1,1,1.2322338162389757
child_adhd_1,1,3.2017671653063604
child_adhd_2,1,-1.7834700038743219
child_adhd_2,1,-0.8307421481694768
child_adhd_2,1,-0.5071785437944769
child_adhd_2,1,0.3256368200707678
child_adhd_2,1,-0.6132352074858816
child_adhd_2,1,0.8195274064036357
child_adhd_2,1,0.9617453926684625
child_adhd_2,1,2.696007586977228
child_adhd_2,1,-0.4328471192516494
child_adhd_2,1,-0.03281790504777083
child_adhd_2,1,-2.258014738039082
child_adhd_2,1,-1.9261971923538292
child_adhd_2,1,-0.6505440819687316
child_adhd_2,1,-1.9069388949368407
child_adhd_2,1,-0.02128994107723004
child_adhd_2,1,-0.932288753282146
child_adhd_2,1,-3.628309473424873
child_adhd_2,1,0.23564728304206528
child_adhd_2,1,-2.0797319178464755
child_adhd_2,1,-1.399741496965354
child_adhd_2,1,-2.3714662046994683
child_adhd_2,1,-0.42471959232386447
child_adhd_2,1,-1.360002957817722
child_adhd_2,1,-1.5901768997770598
child_adhd_2,1,-0.5664382609866199
child_adhd_2,1,-1.3699708878590047
child_adhd_2,1,-0.5421063730447584
child_adhd_2,1,-1.2983196422728673
child_adhd_2,1,0.9282344132561391
child_adhd_2,1,2.828290692398624
child_adhd_2,1,2.232840092638313
child_adhd_2,1,0.9307080977969384
child_adhd_2,1,-0.8761623800970038
child_adhd_3,1,-2.261936284323038
child_adhd_3,1,0.3579107056765476
child_adhd_3,1,0.4150735335244453
child_adhd_3,1,1.761767208759039
child_adhd_3,1,-1.6767530485154352
child_adhd_3,1,-1.8078225453486916
child_adhd_3,1,-0.369401898712699
child_adhd_3,1,-2.584800012873053
child_adhd_3,1,-3.005043964291803
child_adhd_3,1,-0.5007573246409402
child_adhd_3,1,-1.9795464177138637
child_adhd_3,1,3.0211267120220593
child_adhd_3,1,0.9947318180610683
child_adhd_3,1,-3.2119424618483596
child_adhd_3,1,-1.8049158583717368
child_adhd_3,1,-0.1706688008789865
child_adhd_3,1,-2.800630843853136
child_adhd_3,1,-2.4260726177343686
child_adhd_3,1,-0.8820249033489065
child_adhd_3,1,-1.5969078666513827
child_adhd_3,1,-2.339447700499574
child_adhd_3,1,-1.2537658256667437
child_adhd_3,1,-2.2038052109381563
child_adhd_3,1,-0.982920093240166
child_adhd_3,1,0.26904176696981774
child_adhd_3,1,-0.6645410998662185
child_adhd_3,1,-2.3924277621529613
child_adhd_3,1,-0.4795993001256511
child_adhd_3,1,-1.1257749175011018
child_adhd_3,1,-4.400922049559074
child_adhd_3,1,-2.52109775108438
child_adhd_3,1,-2.2594205456795327
child_adhd_3,1,-0.5279430326571923
child_adhd_4,1,-0.7415489379820344
child_adhd_4,1,0.04183728471607195
child_adhd_4,1,-0.017667413173418696
child_adhd_4,1,-2.0631054991243505
child_adhd_4,1,0.5843900791550893
child_adhd_4,1,-1.8491287791541426
child_adhd_4,1,-4.538374852288041
child_adhd_4,1,-0.2956327350528316
child_adhd_4,1,-1.5485053402098388
child_adhd_4,1,-2.03806922551304
child_adhd_4,1,-3.4292728915011117
child_adhd_4,1,-3.5799988449790185
child_adhd_4,1,-1.4405510962196575
child_adhd_4,1,-1.126484585958771
child_adhd_4,1,-1.359961902507002
child_adhd_4,1,-1.9881941773274259
child_adhd_4,1,0.9620820083731612
child_adhd_4,1,2.6775842855884817
child_adhd_4,1,0.7733238603217873
child_adhd_4,1,2.122110487415094
child_adhd_4,1,-1.1454320065082915
child_adhd_4,1,-1.4872656490417901
child_adhd_4,1,0.9957462847636538
child_adhd_4,1,2.3441411353248056
child_adhd_4,1,-1.9088618119402352
child_adhd_4,1,-2.346653332274536
child_adhd_4,1,-1.2778180340055088
child_adhd_4,1,-4.02703812559709
child_adhd_4,1,-1.9392788400818344
child_adhd_4,1,-1.0480765909796734
child_adhd_4,1,-3.1162793150468864
child_adhd_4,1,2.9395130605574766
child_adhd_4,1,1.9652140841379582
child_adhd_4,1,0.2951309213601989
child_adhd_4,1,0.488410066477704
child_adhd_4,1,0.026118352976938423
child_adhd_4,1,-1.7601717581220717
child_adhd_4,1,-0.7945191829277765
child_adhd_4,1,1.167991189283106
child_adhd_4,1,0.031528075167960294
child_adhd_4,1,-0.30412264343183737
child_adhd_4,1,-1.4641555437357072
child_adhd_4,1,-1.8030005837574106
child_adhd_4,1,-3.8984268717861243
child_adhd_4,1,-0.488513138525571
child_adhd_4,1,-1.4149628646213783
child_adhd_4,1,-1.0248842251119756
child_adhd_4,1,-2.3961914591531346
child_adhd_4,1,-1.8588210965628227
child_adhd_4,1,-2.4966477756375682
child_adhd_4,1,-1.3822117782448065
child_adhd_4,1,-0.3950087557636126
child_adhd_4,1,0.18206199698112502
child_adhd_4,1,-1.443687637096936
child_adhd_4,1,-5.89799325862992
child_adhd_4,1,-6.913387287262336
child_adhd_4,1,-1.0030047660665906
child_adhd_4,1,1.6441009054809397
child_adhd_4,1,-0.7062850556357045
child_adhd_4,1,-0.5264797136132924
child_adhd_4,1,-2.755775192627174
child_adhd_4,1,-2.358847702288083
child_adhd_4,1,1.6031829806194338
child_adhd_4,1,-0.9177848551872796
child_adhd_4,1,-0.4392418725903966
child_adhd_4,1,0.8552876246240932
child_adhd_4,1,-2.5696630684238513
child_adhd_4,1,-1.3565295183338775
child_adhd_4,1,0.017151239382384935
child_adhd_4,1,1.8024252033775257
child_adhd_4,1,-0.9728455025096194
child_adhd_4,1,0.07609223082789085
child_adhd_4,1,0.27295426984891047
child_adhd_4,1,-0.7117128969414541
child_adhd_4,1,1.7439153321353433
child_adhd_4,1,1.6138090137655705
child_adhd_4,1,1.0273186986716467
child_adhd_4,1,-0.6255672742037348
child_adhd_4,1,-4.064793454847746
child_adhd_4,1,-1.4743050140630276
child_adhd_4,1,0.05744797405557444
child_adhd_4,1,-1.9690979733412661
child_adhd_4,1,-0.4131464264553195
child_adhd_5,1,1.290145506027171
child_adhd_5,1,-0.8767748147512162
child_adhd_5,1,-0.9281366530111532
child_adhd_5,1,-0.3997945987058096
child_adhd_5,1,-0.47340334680215457
child_adhd_5,1,1.1442602389901058
child_adhd_5,1,1.9728265600914348
child_adhd_5,1,0.3067309369013731
child_adhd_5,1,-1.0586153178844466
child_adhd_5,1,-1.510654360250949
child_adhd_5,1,-1.137576680723986
child_adhd_5,1,-1.7359144664482706
child_adhd_5,1,0.12342302525704407
child_adhd_5,1,-0.8439045859141523
child_adhd_5,1,-1.4337268054461847
child_adhd_5,1,-0.7702731535179341
child_adhd_5,1,-2.1497236390667696
child_adhd_5,1,-1.3676179359380234
child_adhd_5,1,-0.4323662375705528
child_adhd_5,1,-0.9839234296858852
child_adhd_5,1,1.1399323015613037
child_adhd_5,1,-0.9457920235797783
child_adhd_5,1,-3.1642246526286626
child_adhd_5,1,-0.687686476308514
child_adhd_5,1,-0.058269640232243576
child_adhd_5,1,1.046119165422083
child_adhd_5,1,-1.1143329663670463
child_adhd_5,1,-0.10130013446088904
child_adhd_5,1,-1.0733550605971482
child_adhd_5,1,-0.46420500625340844
child_adhd_5,1,-1.5950315239239183
child_adhd_5,1,-1.7007198306743263
child_adhd_5,1,-0.7459261898485681
child_adhd_5,1,-2.4927879832421556
child_adhd_5,1,-0.7493109557629583
child_adhd_5,1,-1.4433149660365523
child_adhd_5,1,-1.1700454885759453
child_adhd_5,1,-0.8434786696393852
child_adhd_5,1,1.676638551635987
child_adhd_5,1,1.449885796203574
child_adhd_5,1,-0.7321547984832153
child_adhd_5,1,-1.0357089372053159
child_adhd_5,1,1.35233234444527
child_adhd_5,1,-2.7502814959955715
child_adhd_5,1,-1.0374286861190634
child_adhd_5,1,-0.7712860101978809
child_adhd_6,1,0.8869790126070336
child_adhd_6,1,1.4251995455555801
child_adhd_6,1,0.23538752212400804
child_adhd_6,1,-1.6485504261188428
child_adhd_6,1,-1.3359816719444384
child_adhd_6,1,-0.32568796048751847
child_adhd_6,1,0.7777932653740647
child_adhd_6,1,-0.3338632340820207
child_adhd_6,1,-1.1493757639812918
child_adhd_6,1,1.7437693856353256
child_adhd_6,1,-0.7206534799952993
child_adhd_6,1,0.028507109189532136
child_adhd_6,1,1.13615855057973
child_adhd_6,1,1.5737784395628098
child_adhd_6,1,0.44118284017464204
child_adhd_6,1,-3.5499151583852435
child_adhd_6,1,-1.5148665871330682
child_adhd_6,1,-2.842968610609724
child_adhd_6,1,-2.748741848977374
child_adhd_6,1,-1.7341860688891073
child_adhd_6,1,-2.761538737224878
child_adhd_6,1,1.4605000488075592
child_adhd_6,1,1.4593851878793822
child_adhd_6,1,2.63799406487929
child_adhd_6,1,1.443456225983028
child_adhd_6,1,-3.75525845180437
child_adhd_6,1,-1.4577568127697356
child_adhd_6,1,1.925452343332777
child_adhd_6,1,0.7938781157290451
child_adhd_6,1,0.6988220145320845
child_adhd_6,1,0.9325899566395275
child_adhd_6,1,-2.8007261150607348
child_adhd_6,1,-0.5983511759897129
child_adhd_6,1,0.6551571047996256
child_adhd_6,1,2.5602829869335353
child_adhd_6,1,0.3497154937399978
child_adhd_6,1,0.08039303252679875
child_adhd_6,1,-0.37027081362505165
child_adhd_6,1,-2.5370239945944397
child_adhd_6,1,-1.1276450009426304
child_adhd_6,1,0.02599038553344423
child_adhd_6,1,-2.130092238107722
child_adhd_6,1,0.44370586035419435
child_adhd_6,1,-2.7406653581925737
child_adhd_6,1,-2.0448411671755786
child_adhd_6,1,1.680936055292143
child_adhd_6,1,-1.2564033589337555
child_adhd_7,1,-4.548219328042623
child_adhd_7,1,0.3606369547214283
child_adhd_7,1,0.5999831131114106
child_adhd_7,1,0.35771465466910235
child_adhd_7,1,1.7037598131418041
child_adhd_7,1,1.1587951171586164
child_adhd_7,1,0.7637674343505274
child_adhd_7,1,0.4363652287707669
child_adhd_7,1,0.08790845501489986
child_adhd_7,1,-0.47939176333201616
child_adhd_7,1,1.6031382269513734
child_adhd_7,1,1.8734874990735946
child_adhd_7,1,0.16265664649002942
child_adhd_7,1,-0.7923489307542912
child_adhd_7,1,0.3131519845662891
child_adhd_7,1,0.14222614635868402
child_adhd_7,1,0.806605635540248
child_adhd_7,1,-2.948357688902306
child_adhd_7,1,-2.1459084130285624
child_adhd_7,1,0.05817805779346474
child_adhd_7,1,-0.324035684671131
child_adhd_7,1,-0.042882187946235335
child_adhd_7,1,0.7005544594296855
child_adhd_7,1,-0.5971342896500016
child_adhd_7,1,1.6537784082668157
child_adhd_7,1,1.2857497171869408
child_adhd_7,1,0.7445502806364359
child_adhd_7,1,0.7809906764305887
child_adhd_7,1,-0.8821679413871124
child_adhd_7,1,-0.13330055729716084
child_adhd_7,1,0.39870350412686206
child_adhd_7,1,-0.7839931811843572
child_adhd_7,1,-1.6954899896867517
child_adhd_7,1,0.744010720446483
child_adhd_7,1,0.9637715998822489
child_adhd_7,1,-2.677799572744337
child_adhd_7,1,-2.1071358613759723
child_adhd_7,1,1.368186467114065
child_adhd_7,1,0.3575668425250942
child_adhd_7,1,1.6018025689873896
child_adhd_7,1,0.5672515038187853
child_adhd_7,1,1.9746609526938756
child_adhd_7,1,1.6277458617206901
child_adhd_7,1,-0.12043369937944282
child_adhd_8,1,-0.25514442665290393
child_adhd_8,1,-5.298855276842463
child_adhd_8,1,-5.186312941906873
child_adhd_8,1,1.084123181023103
child_adhd_8,1,1.3292709599154635
child_adhd_8,1,2.4397681114037595
child_adhd_8,1,1.375120085955788
child_adhd_8,1,2.1217150947961883
child_adhd_8,1,-0.4855725309867387
child_adhd_8,1,1.274340490778436
child_adhd_8,1,-0.09747896636930364
child_adhd_8,1,-4.929599127832698
child_adhd_8,1,-2.647447481408219
child_adhd_8,1,-1.880369376203504
child_adhd_8,1,-1.8647358048493186
child_adhd_8,1,-2.2370185964728644
child_adhd_8,1,-4.4292037622309595
child_adhd_8,1,1.218555763922217
child_adhd_8,1,-2.9867760849483687
child_adhd_8,1,-4.160257955470554
child_adhd_8,1,-1.0255966507489858
child_adhd_8,1,-1.8897741045572893
child_adhd_9,1,0.5064187095183532
child_adhd_9,1,-2.1725464346403203
child_adhd_9,1,-1.6849180806596344
child_adhd_9,1,-1.0934170730643704
child_adhd_9,1,-5.044516165737789
child_adhd_9,1,-5.974371824498817
child_adhd_9,1,-3.032245092652903
child_adhd_9,1,-2.785582682493146
child_adhd_9,1,-3.158039541734881
child_adhd_9,1,0.10089732184879607
child_adhd_9,1,-0.5674477070549229
child_adhd_9,1,-1.0917912673625578
child_adhd_9,1,-2.4879013122661857
child_adhd_9,1,-2.2629225514551172
child_adhd_9,1,-0.7648394369218974
child_adhd_9,1,-1.9235918733854656
child_adhd_9,1,-0.6186856777819643
child_adhd_9,1,-3.73724228845925
child_adhd_9,1,-3.031575349476124
child_adhd_9,1,-1.221456614903061
child_adhd_9,1,-3.0389211374687393
child_adhd_9,1,-2.283346571699789
child_adhd_9,1,-0.8797781675770919
child_adhd_9,1,-2.211887949668378
child_adhd_9,1,-2.4181442607044326
child_adhd_9,1,-1.0004148588632102
child_adhd_9,1,-2.0857170896985955
child_adhd_9,1,-1.6851007835505973
child_adhd_9,1,-0.5247035584999911
child_adhd_9,1,-1.043366840683322
child_adhd_9,1,-0.8519133364405154
child_adhd_9,1,-0.8673450285042439
child_adhd_9,1,-2.6170748911738104
child_adhd_9,1,-2.244005764424814
child_adhd_9,1,-3.6419041914885724
child_adhd_9,1,-1.483515910513994
child_adhd_9,1,-1.8906579455530752
child_adhd_9,1,-3.4051713281275986
child_adhd_9,1,-2.1942080188457163
child_adhd_9,1,1.7572167747294587
child_adhd_9,1,-0.7165027147185132
child_adhd_9,1,-0.425727564576982
child_adhd_9,1,-0.03514593455266391
child_adhd_9,1,0.11287631165957523
child_adhd_9,1,0.8188626165020556
child_adhd_9,1,-0.023500009220275737
child_adhd_9,1,-0.2595789487846585
child_adhd_9,1,-1.4555619285443877
child_adhd_9,1,-1.2914634404396186
child_adhd_9,1,0.48032362809227247
child_adhd_9,1,0.04017787503644831
child_adhd_9,1,0.20247757702572744
child_adhd_9,1,1.5299196128938852
child_adhd_9,1,1.4511878676789152
child_adhd_9,1,-0.7357136773131894
child_adhd_9,1,-0.15087301596197134
child_adhd_9,1,0.3935945384383712
child_adhd_9,1,-1.0391003280146516
child_adhd_9,1,0.1887779215388814
child_adhd_9,1,2.775354651049249
child_adhd_9,1,1.3932417467728182
child_adhd_9,1,-0.018669444251894214
child_adhd_9,1,1.3430029868536006
child_adhd_9,1,0.08929320976153376
child_adhd_9,1,-2.446612664455911
child_adhd_9,1,-0.8625957419481838
child_adhd_9,1,-0.35375626212612166
child_adhd_9,1,-1.2500129147168801
child_adhd_10,1,0.08644831650636475
child_adhd_10,1,-0.523201552203368
child_adhd_10,1,1.0066712858006193
child_adhd_10,1,0.3556369668919428
child_adhd_10,1,0.2790618621625611
child_adhd_10,1,-0.07829742051779331
child_adhd_10,1,-0.17958557711671497
child_adhd_10,1,1.0223140657800929
child_adhd_10,1,1.2161079380601556
child_adhd_10,1,1.004700048155424
child_adhd_10,1,1.4585624173608849
child_adhd_10,1,1.674497203615134
child_adhd_10,1,-0.7034578617286009
child_adhd_10,1,1.0300824086878568
child_adhd_10,1,0.675961040510966
child_adhd_10,1,-0.6364350673616948
child_adhd_10,1,0.9185293869884041
child_adhd_10,1,-1.3916702151318054
child_adhd_10,1,-1.3047327548837286
child_adhd_10,1,0.8290600980452314
child_adhd_10,1,1.7637259117056192
child_adhd_10,1,-1.1053413565536305
child_adhd_10,1,1.76102910568148
child_adhd_10,1,0.18503574660874
child_adhd_10,1,-0.6511268842382496
child_adhd_10,1,-0.06486792661531227
child_adhd_10,1,2.3440003446017337
child_adhd_10,1,2.667296261616157
child_adhd_10,1,-0.6211632588556857
child_adhd_10,1,1.0285924136984874
child_adhd_10,1,-0.8942838886840001
child_adhd_11,1,-6.1022263646309804
child_adhd_11,1,-5.9786130773962824
child_adhd_11,1,-3.7614910106962243
child_adhd_11,1,-5.757186496928797
child_adhd_11,1,-5.086649854325906
child_adhd_11,1,-3.833968134001472
child_adhd_11,1,1.0158119318510825
child_adhd_11,1,-1.638321015699644
child_adhd_11,1,-2.0689576543006454
child_adhd_11,1,-3.072125274017473
child_adhd_11,1,-4.500572277661943
child_adhd_11,1,-2.7803131022952265
child_adhd_11,1,-3.0294635736281914
child_adhd_11,1,-3.051911781146203
child_adhd_11,1,-2.7760761718684264
child_adhd_11,1,-2.725594124367452
child_adhd_11,1,-2.740071841788732
child_adhd_11,1,-3.471082524400535
child_adhd_11,1,-5.430442970426891
child_adhd_11,1,-6.094008509203895
child_adhd_11,1,-4.634073843580043
child_adhd_11,1,-5.880942952192671
child_adhd_12,1,-2.7243006605069
child_adhd_12,1,-0.10955353645539323
child_adhd_12,1,0.32195385577234403
child_adhd_12,1,-0.0014807497828564012
child_adhd_12,1,-0.6898049441068024
child_adhd_12,1,1.6138019518944862
child_adhd_12,1,0.45702830854678544
child_adhd_12,1,0.8686140612908895
child_adhd_12,1,1.030794856309743
child_adhd_12,1,0.9149442681598312
child_adhd_12,1,0.7352360617846345
child_adhd_12,1,1.7495730309700537
child_adhd_12,1,1.2996803998991833
child_adhd_12,1,0.055878445311657414
child_adhd_12,1,-1.4969019427583838
child_adhd_12,1,-0.5457559520721393
child_adhd_12,1,1.6274550799060303
child_adhd_12,1,2.358763563117138
child_adhd_12,1,1.5585994377134857
child_adhd_12,1,-0.9104265354763357
child_adhd_12,1,1.2549396220519966
child_adhd_12,1,-0.5364615923606151
child_adhd_12,1,1.351589045787741
child_adhd_12,1,-0.911897311547927
child_adhd_12,1,-3.115756523832196
child_adhd_12,1,-1.815823297311842
child_adhd_12,1,-1.1264433391296553
child_adhd_12,1,-1.1475049627864726
child_adhd_12,1,-0.5157486741277062
child_adhd_12,1,-0.008216896158221638
child_adhd_12,1,-2.0699574846179076
child_adhd_13,1,-1.3249731877952649
child_adhd_13,1,-1.3056244361608995
child_adhd_13,1,-2.612695742668484
child_adhd_13,1,1.5778087657203261
child_adhd_13,1,-0.04086637133856486
child_adhd_13,1,-1.5522730776463878
child_adhd_13,1,0.25748556960361024
child_adhd_13,1,-0.6803044327425856
child_adhd_13,1,-1.4345568268229683
child_adhd_13,1,-0.48787010992605695
child_adhd_13,1,0.07628950036592452
child_adhd_13,1,-0.06837702134619783
child_adhd_13,1,0.3733834603276731
child_adhd_13,1,-0.035790564357166994
child_adhd_13,1,-0.006129535348579525
child_adhd_13,1,-1.4836873828588415
child_adhd_13,1,-2.619681990234746
child_adhd_13,1,-0.04526780618021698
child_adhd_14,1,2.4352983337778267
child_adhd_14,1,2.4080608355198154
child_adhd_14,1,0.8810461538677499
child_adhd_14,1,0.9837034403199156
child_adhd_14,1,0.8782536333785378
child_adhd_14,1,1.5727400619373613
child_adhd_14,1,3.748171130484033
child_adhd_14,1,3.0758530362513548
child_adhd_14,1,3.0689701234253453
child_adhd_14,1,5.347895390841763
child_adhd_14,1,6.936118805549138
child_adhd_14,1,3.952771135465843
child_adhd_14,1,2.908592315757319
child_adhd_14,1,4.281528906992114
child_adhd_14,1,2.450597838156517
child_adhd_14,1,2.9036450842165036
child_adhd_14,1,1.417571607130207
child_adhd_14,1,2.3586373881410716
child_adhd_14,1,3.523912957263368
child_adhd_14,1,5.146364629384514
child_adhd_14,1,4.104681649503301
child_adhd_14,1,2.6737439675410797
child_adhd_14,1,4.489814712409339
child_adhd_14,1,4.16430818044392
child_adhd_14,1,3.098380778621491
child_adhd_14,1,4.881414820207758
child_adhd_14,1,3.19455296781422
child_adhd_14,1,1.9263540204936767
child_adhd_14,1,3.7747439896842185
child_adhd_14,1,4.940693552671424
child_adhd_14,1,5.336264267870367
child_adhd_14,1,5.3568286064394135
child_adhd_14,1,5.557173701445099
child_adhd_14,1,3.626953658848351
child_adhd_14,1,4.406493242678063
child_adhd_14,1,4.339297311985699
child_adhd_14,1,3.614042986595988
child_adhd_14,1,5.17026742988165
child_adhd_14,1,6.414324786229016
child_adhd_14,1,6.837050309025986
child_adhd_14,1,6.24272983721568
child_adhd_14,1,5.170617361475592
child_adhd_14,1,5.010959326700731
child_adhd_14,1,4.161763556034596
child_adhd_14,1,4.024049149457357
child_adhd_14,1,3.3322507300015496
child_adhd_14,1,3.376189728299718
child_adhd_14,1,3.7749122135967528
child_adhd_14,1,4.031126304176283
child_adhd_14,1,2.930382566206996
child_adhd_14,1,1.8776675291823073
child_adhd_14,1,3.6741692512740234
child_adhd_14,1,3.4950352374714684
child_adhd_14,1,6.919742801857727
child_adhd_14,1,3.1487192965227506
child_adhd_15,1,0.4103216165249186
child_adhd_15,1,0.12612067772912172
child_adhd_15,1,-1.472428800767066
child_adhd_15,1,0.1899518852912745
child_adhd_15,1,-0.8832568161632415
child_adhd_15,1,0.14404286638446684
child_adhd_15,1,2.04254139457359
child_adhd_15,1,0.9871997246572659
child_adhd_15,1,3.291450736897986
child_adhd_15,1,-0.7828056331304618
child_adhd_15,1,2.267998305705008
child_adhd_15,1,2.650740062072505
child_adhd_15,1,2.647157963303686
child_adhd_15,1,5.328351147376017
child_adhd_15,1,5.206849607932604
child_adhd_15,1,4.304109803609259
child_adhd_15,1,0.8337380017751694
child_adhd_15,1,0.9054682828155276
child_adhd_15,1,0.6598936170689778
child_adhd_15,1,-0.6018567801212289
child_adhd_15,1,-0.22204231917386097
child_adhd_15,1,1.8985406365402968
child_adhd_15,1,1.4966746839285034
child_adhd_15,1,1.8890136907920423
child_adhd_15,1,1.401298149503315
child_adhd_15,1,0.5336347318442376
child_adhd_15,1,-1.040716292202766
child_adhd_15,1,0.3187974484879399
child_adhd_15,1,1.7617626086594658
child_adhd_15,1,1.2926710886408708
child_adhd_15,1,2.19063231696622
child_adhd_15,1,3.284266689273086
child_adhd_15,1,2.0662840520934185
child_adhd_15,1,0.9235429402425417
child_adhd_15,1,5.784025568331407
child_adhd_15,1,0.6557471844554248
child_adhd_15,1,-0.6684618398134019
child_adhd_15,1,0.6561727829275934
child_adhd_15,1,1.3125776340317945
child_adhd_15,1,0.07118839406222022
child_adhd_15,1,-1.595682075941282
child_adhd_15,1,-1.3927965362235375
child_adhd_15,1,0.4902764378142883
child_adhd_15,1,0.2532627863924277
child_adhd_15,1,0.5716043475521839
child_adhd_15,1,-0.6941051994806202
child_adhd_15,1,0.872289527885848
child_adhd_15,1,-0.24515015480558522
child_adhd_15,1,0.01691786389116578
child_adhd_15,1,0.760361076738312
child_adhd_15,1,-0.8455584412904049
child_adhd_15,1,1.1420625331858723
child_adhd_16,1,-1.0142190908002446
child_adhd_16,1,0.30430560368735704
child_adhd_16,1,-1.5831447787457924
child_adhd_16,1,-2.35663589483878
child_adhd_16,1,-0.36342722233389346
child_adhd_16,1,1.376701447768342
child_adhd_16,1,0.03953436333628412
child_adhd_16,1,-1.141091568034491
child_adhd_16,1,-1.5513269764878193
child_adhd_16,1,-0.29612113685373154
child_adhd_16,1,-0.8161634421727915
child_adhd_16,1,2.858170501234072
child_adhd_16,1,3.605549584338092
child_adhd_16,1,-1.5011138212736326
child_adhd_16,1,-2.537668077265043
child_adhd_16,1,-3.0729806103869266
child_adhd_16,1,-1.1251796130556058
child_adhd_16,1,-2.3830219801741883
child_adhd_16,1,-0.3300161906729875
child_adhd_16,1,-1.5546448390209415
child_adhd_16,1,-2.4036628674635208
child_adhd_16,1,-1.3437570151307316
child_adhd_16,1,-2.277693826953819
child_adhd_16,1,-1.2289451362077737
child_adhd_16,1,-4.022947642386045
child_adhd_16,1,-3.578476511902394
child_adhd_16,1,1.2220974259243833
child_adhd_16,1,-1.5983853042813474
child_adhd_16,1,-3.361364274743283
child_adhd_16,1,-2.459980248699124
child_adhd_16,1,-3.3478003758050723
child_adhd_16,1,-4.425920560427972
child_adhd_16,1,-4.94377038952038
child_adhd_16,1,-0.8786647605094287
child_adhd_16,1,1.1275514247666576
child_adhd_16,1,0.6411097025684211
child_adhd_16,1,0.14688565219688487
child_adhd_16,1,-2.045808610447654
child_adhd_16,1,-2.1316105484293435
child_adhd_16,1,-1.8820721330449415
child_adhd_16,1,-1.506653068682642
child_adhd_16,1,0.6690562971980378
child_adhd_16,1,-1.6145517083418472
child_adhd_16,1,-1.3339780117780589
child_adhd_16,1,-0.8258526006566804
child_adhd_16,1,-1.623514203092321
child_adhd_17,1,-0.6111998421843376
child_adhd_17,1,3.072429232013054
child_adhd_17,1,-0.8211093473305537
child_adhd_17,1,-0.726646246456869
child_adhd_17,1,-1.315635271392676
child_adhd_17,1,-1.0097872691280332
child_adhd_17,1,-0.4241085023136508
child_adhd_17,1,-0.58074979559067
child_adhd_17,1,1.601509805071698
child_adhd_17,1,0.6313898526278734
child_adhd_17,1,1.081073409365639
child_adhd_17,1,1.4479354609600887
child_adhd_17,1,-0.6775209698441407
child_adhd_17,1,-0.6671758744248859
child_adhd_17,1,-0.2210897755857657
child_adhd_17,1,0.9125425423885678
child_adhd_17,1,-1.4993879897661693
child_adhd_17,1,-2.284905987441086
child_adhd_17,1,-1.7753309703974092
child_adhd_17,1,-0.4577978019335964
child_adhd_17,1,0.7971705712137058
child_adhd_17,1,2.322548153970041
child_adhd_17,1,1.8625627743068713
child_adhd_17,1,-0.6702106177506002
child_adhd_17,1,0.4074507022985816
child_adhd_17,1,0.4948126638986243
child_adhd_17,1,-0.4211364900690555
child_adhd_17,1,-0.35296507734521865
child_adhd_17,1,-0.4863815162692984
child_adhd_17,1,-0.12327467309537377
child_adhd_17,1,0.7931362351395792
child_adhd_17,1,0.3456821734756683
child_adhd_17,1,0.7711744044202848
child_adhd_17,1,-1.0683685767487667
child_adhd_17,1,-1.053990511316193
child_adhd_17,1,-1.3258237799333534
child_adhd_17,1,-0.7230248568291
child_adhd_17,1,-0.29628190837226875
child_adhd_17,1,-0.7294462734133627
child_adhd_17,1,-0.929586852756928
child_adhd_17,1,-1.662674295593747
child_adhd_18,1,-3.921105633845611
child_adhd_18,1,-5.501427712602553
child_adhd_18,1,-0.9474545793362179
child_adhd_18,1,-1.509497649066452
child_adhd_18,1,0.36816471682267937
child_adhd_18,1,-1.1290982580224462
child_adhd_18,1,-2.8337347612002524
child_adhd_18,1,-1.2008026780283292
child_adhd_18,1,-1.400180701020669
child_adhd_18,1,-0.13393737955201446
child_adhd_18,1,-0.43612290361703754
child_adhd_18,1,-0.7134265123965593
child_adhd_18,1,-0.14305846624960705
child_adhd_18,1,-0.9002461542111428
child_adhd_18,1,0.3368267323741321
child_adhd_18,1,0.7782983849162572
child_adhd_18,1,-0.8662006901364114
child_adhd_18,1,-1.3242179463500101
child_adhd_18,1,-0.8500251568176458
child_adhd_18,1,-1.3702135307922119
child_adhd_18,1,-0.3596916929137495
child_adhd_19,1,7.378934381634365
child_adhd_19,1,0.7155410175048995
child_adhd_19,1,4.680142269386088
child_adhd_19,1,7.177544237537147
child_adhd_19,1,7.050147653949707
child_adhd_19,1,-0.768047305192509
child_adhd_19,1,-1.3442130127083234
child_adhd_19,1,6.159195481617263
child_adhd_19,1,1.0907708956325821
child_adhd_19,1,-1.0821613112160942
child_adhd_19,1,-1.0365460497959271
child_adhd_19,1,-0.40605170272744595
child_adhd_19,1,-1.3896932970715679
child_adhd_19,1,-0.43264603540526747
child_adhd_19,1,-1.3617477323995628
child_adhd_19,1,-0.10509217949357663
child_adhd_19,1,-0.359864019163868
child_adhd_19,1,-0.4144119499977228
child_adhd_19,1,0.12645087187550952
child_adhd_19,1,-1.0719739666284573
child_adhd_19,1,-1.320395778088579
child_adhd_19,1,-1.9331615724869782
child_adhd_19,1,-2.179911592103142
child_adhd_19,1,-1.0625932657258794
child_adhd_19,1,-1.3815734934671051
child_adhd_19,1,4.289821074114889
child_adhd_19,1,10.411762159477954
child_adhd_19,1,8.557503470765324
child_adhd_19,1,-3.4164855960925737
child_adhd_19,1,-0.8613254667689596
child_adhd_19,1,-1.9612526948503464
child_adhd_19,1,-2.9587297827839154
child_adhd_19,1,-1.1854910493640765
child_adhd_19,1,0.2346153695035802
child_adhd_20,1,-1.0017304582853142
child_adhd_20,1,-2.723800805400716
child_adhd_20,1,-4.5032122143771725
child_adhd_20,1,-3.2972124845984854
child_adhd_20,1,-5.57757968088964
child_adhd_20,1,-2.5521944065356093
child_adhd_20,1,-0.39213551126761304
child_adhd_20,1,-1.8382704711269497
child_adhd_20,1,-0.4771043298158466
child_adhd_20,1,0.7781365296638494
child_adhd_20,1,0.4674835217078479
child_adhd_20,1,-0.8315524107131236
child_adhd_20,1,-4.219488971600322
child_adhd_20,1,-8.901292033424935
child_adhd_20,1,-10.357773345964999
child_adhd_20,1,-4.1672948909656835
child_adhd_20,1,-6.935562172946086
child_adhd_20,1,-4.4308229058222075
child_adhd_20,1,-7.756110314633284
child_adhd_20,1,-5.041518689805883
child_adhd_20,1,-4.518333595954286
child_adhd_20,1,-2.0998736584842477
child_adhd_20,1,-7.143066828378749
child_adhd_20,1,-5.215111687573643
child_adhd_20,1,-8.275090538158402
child_adhd_20,1,-3.5858588030083465
child_adhd_20,1,-2.2585954062174154
child_adhd_20,1,-2.1989246360281203
child_adhd_20,1,-0.2604379415164735
child_adhd_20,1,0.8634048516901396
child_adhd_20,1,1.2282377992287887
child_adhd_20,1,0.9227218737682115
child_adhd_20,1,-0.0023228744563932383
child_adhd_20,1,-0.1767094405530234
child_adhd_20,1,-0.3041779203900179
child_adhd_20,1,-1.0407013402314045
child_adhd_20,1,2.924219359322143
child_adhd_20,1,0.4819295546726321
child_adhd_20,1,2.300421971878517
child_adhd_20,1,1.050282346887206
child_adhd_20,1,-0.998513735300387
child_adhd_20,1,-3.1613391879597432
child_adhd_20,1,-1.9124899835960634
child_adhd_20,1,1.370837577825579
child_adhd_20,1,1.0211490823845517
child_adhd_20,1,-2.8858832828933836
child_adhd_20,1,-2.3326089609164895
child_adhd_20,1,-3.7439860392991595
child_adhd_20,1,-4.259925016878609
child_adhd_20,1,0.016949775344894162
child_adhd_20,1,0.7783607729429647
child_adhd_20,1,-1.8270577900134495
child_adhd_20,1,-2.9098619705498874
child_adhd_20,1,-1.5195591057418556
child_adhd_20,1,2.152575272640321
child_adhd_20,1,0.45686718524469927
child_adhd_21,1,1.5095633550235898
child_adhd_21,1,-1.1785877232648192
child_adhd_21,1,0.26142914221113744
child_adhd_21,1,-0.34833436124772743
child_adhd_21,1,0.9034012940442018
child_adhd_21,1,0.7917859195977168
child_adhd_21,1,2.2598529038506787
child_adhd_21,1,2.9233361635619093
child_adhd_21,1,0.8779663320012874
child_adhd_21,1,-0.9811701887646465
child_adhd_21,1,-0.4617792355629631
child_adhd_21,1,0.33092235967245975
child_adhd_21,1,1.6762319954224123
child_adhd_21,1,0.7993495746848367
child_adhd_21,1,1.0429692008805123
child_adhd_21,1,0.381643690614603
child_adhd_21,1,0.48897427008704386
child_adhd_21,1,0.9041223270467433
child_adhd_21,1,1.4112936981119704
child_adhd_21,1,-0.4297358557577209
child_adhd_21,1,-1.3734695582405865
child_adhd_21,1,-0.5902460409991372
child_adhd_21,1,-0.12350205624367594
child_adhd_21,1,-0.8762954773615264
child_adhd_21,1,-1.0356400868979583
child_adhd_21,1,0.11889167753938401
child_adhd_21,1,-0.9358670345883369
child_adhd_21,1,-0.01832672037516337
child_adhd_21,1,0.4923279111774723
child_adhd_21,1,1.2061643243163187
child_adhd_21,1,1.9186888613324367
child_adhd_21,1,0.21127182394263833
child_adhd_21,1,0.4140183227078633
child_adhd_21,1,0.6716932674040181
child_adhd_21,1,0.8515880077495346
child_adhd_21,1,-0.6720546070929772
child_adhd_21,1,-0.08031282191832045
child_adhd_22,1,-1.9253829382516037
child_adhd_22,1,-0.5129152362137763
child_adhd_22,1,-1.404767681258882
child_adhd_22,1,-1.272726068773409
child_adhd_22,1,-1.1617478005682689
child_adhd_22,1,-1.1837805463282225
child_adhd_22,1,-0.8986186916979133
child_adhd_22,1,-0.2571128397765483
child_adhd_22,1,-0.24415160067655006
child_adhd_22,1,-0.9044861110910845
child_adhd_22,1,0.783830811740575
child_adhd_22,1,-1.3807121267036806
child_adhd_22,1,-1.1752142192530475
child_adhd_22,1,-1.7823336715008395
child_adhd_22,1,-0.8934777061547863
child_adhd_22,1,-1.0907472287951256
child_adhd_22,1,-1.9028707206615032
child_adhd_22,1,-0.5097017211075923
child_adhd_22,1,0.39880334722929933
child_adhd_22,1,-1.212491939842842
child_adhd_22,1,-0.6918738589392446
child_adhd_22,1,0.7631801304937598
child_adhd_22,1,-0.6536475931146672
child_adhd_22,1,-0.49290015822510047
child_adhd_22,1,-1.882845539439071
child_adhd_22,1,-0.5133113975291963
child_adhd_22,1,-0.4111533058521879
child_adhd_22,1,-1.791710618632781
child_adhd_23,1,0.0005802274884654166
child_adhd_23,1,-1.2758570373893392
child_adhd_23,1,-2.032445179103543
child_adhd_23,1,-1.362183063042169
child_adhd_23,1,-2.1509241385726487
child_adhd_23,1,-1.46021098835708
child_adhd_23,1,-3.6227137480460274
child_adhd_23,1,-1.9150327893980166
child_adhd_23,1,-1.7790131633095092
child_adhd_23,1,-1.3608540912551546
child_adhd_23,1,-2.6224232539962604
child_adhd_23,1,-3.2156741018537587
child_adhd_23,1,-1.7909022538158397
child_adhd_23,1,-2.5878246965061407
child_adhd_23,1,-1.2318692026959817
child_adhd_23,1,-1.9009561728251951
child_adhd_23,1,-2.6744714675375856
child_adhd_23,1,-0.8737500315340772
child_adhd_23,1,-0.23320905725815533
child_adhd_23,1,-0.22042927311321425
child_adhd_23,1,0.880669113399106
child_adhd_23,1,1.0051829450284353
child_adhd_23,1,1.3361869991783804
child_adhd_23,1,0.46645844472080067
child_adhd_23,1,-1.3064530722930308
child_adhd_23,1,-1.5426467774589245
child_adhd_23,1,-2.958527638559605
child_adhd_23,1,-2.4949705498130856
child_adhd_23,1,-2.501821642251565
child_adhd_23,1,-2.1757060604962324
child_adhd_23,1,-0.893141322460606
child_adhd_23,1,-0.4305023491632298
child_adhd_24,1,4.0293044408087555
child_adhd_24,1,3.138766147795581
child_adhd_24,1,2.0700279695682933
child_adhd_24,1,3.128488809148696
child_adhd_24,1,3.7056585870653893
child_adhd_24,1,3.0553037627972484
child_adhd_24,1,2.951429194207202
child_adhd_24,1,2.992596297545227
child_adhd_24,1,3.3938461730258287
child_adhd_24,1,2.9903254053174195
child_adhd_24,1,2.5587441520964593
child_adhd_24,1,2.167542933304086
child_adhd_24,1,2.690470685773605
child_adhd_24,1,1.7317742988650415
child_adhd_24,1,1.427724334707399
child_adhd_24,1,2.8713180510732044
child_adhd_24,1,3.6767733356250925
child_adhd_25,1,0.30938552504916195
child_adhd_25,1,2.963398915393203
child_adhd_25,1,2.7217354145108597
child_adhd_25,1,0.11546815477864647
child_adhd_25,1,0.6358151088890034
child_adhd_25,1,-0.9980396097523878
child_adhd_25,1,-0.824122459925704
child_adhd_25,1,-1.0674554330932706
child_adhd_25,1,0.5925269306650163
child_adhd_25,1,0.41248306075325814
child_adhd_25,1,0.030630778548162978
child_adhd_25,1,1.8717699214794388
child_adhd_25,1,0.2897587496879017
child_adhd_25,1,0.3126209794836503
child_adhd_25,1,2.044624101532745
child_adhd_25,1,0.27771357374171823
child_adhd_25,1,1.2757564857952477
child_adhd_25,1,1.5887584150952365
child_adhd_25,1,1.936166077327244
child_adhd_25,1,0.924495382165232
child_adhd_25,1,-3.1555690090052013
child_adhd_25,1,1.535888076785407
child_adhd_25,1,2.242692248813778
child_adhd_25,1,1.5246243177296133
child_adhd_25,1,0.7489458377298577
child_adhd_25,1,2.8920173989777154
child_adhd_25,1,1.1322311674381031
child_adhd_25,1,2.374659122660048
child_adhd_25,1,5.806943890394682
child_adhd_25,1,2.2087400729304796
child_adhd_25,1,0.15095236296490344
child_adhd_25,1,4.881888230799759
child_adhd_25,1,3.0690463610584353
child_adhd_25,1,1.43108976023945
child_adhd_25,1,1.8974337110757709
child_adhd_25,1,-4.098230277375667
child_adhd_25,1,-0.6961657429763151
child_adhd_25,1,4.109445440786501
child_adhd_25,1,4.59947492330715
child_adhd_25,1,0.3150452733821545
child_adhd_25,1,-3.250271556325264
child_adhd_25,1,-2.1184357394261935
child_adhd_25,1,-1.0413996393020837
child_adhd_25,1,1.1029588607366054
child_adhd_25,1,0.5504228311398005
child_adhd_25,1,-1.1342774573752392
child_adhd_25,1,-0.8624891314266032
child_adhd_26,1,-1.1360440385501287
child_adhd_26,1,1.2018531939660695
child_adhd_26,1,-1.6472642992943964
child_adhd_26,1,-0.3604954076545195
child_adhd_26,1,0.0996785237564779
child_adhd_26,1,-1.7654159989907285
child_adhd_26,1,-2.6823868526958816
child_adhd_26,1,-2.494315659699567
child_adhd_26,1,-1.1917280934618104
child_adhd_26,1,0.09507529689105598
child_adhd_26,1,0.062061515358091006
child_adhd_26,1,0.275594320780298
child_adhd_26,1,-1.0094070879889767
child_adhd_26,1,-1.1191109253604472
child_adhd_26,1,0.530586476717789
child_adhd_26,1,-0.47441472939233376
child_adhd_26,1,0.23980680048513725
child_adhd_26,1,-0.2015267013743982
child_adhd_26,1,-1.4488568810373146
child_adhd_26,1,-0.41548220794686697
child_adhd_26,1,-1.6445227039333423
child_adhd_26,1,-2.739962740354891
child_adhd_26,1,-1.0990605417483936
child_adhd_26,1,-1.038595714005041
child_adhd_26,1,-1.47424198101266
child_adhd_26,1,-0.6334475323964279
child_adhd_26,1,-1.8347106607039836
child_adhd_26,1,-2.814611395349312
child_adhd_26,1,-1.8207988905650174
child_adhd_26,1,-2.256740375805608
child_adhd_26,1,-0.7642686539873174
child_adhd_26,1,0.020524462438226136
child_adhd_26,1,-1.8461321696898356
child_adhd_26,1,0.6227298213362384
child_adhd_27,1,-2.0712642142455593
child_adhd_27,1,-0.11486188856775059
child_adhd_27,1,3.7269481178063395
child_adhd_27,1,0.4463912526017999
child_adhd_27,1,0.41617245877763653
child_adhd_27,1,1.3877414837912398
child_adhd_27,1,3.945396599885442
child_adhd_27,1,4.491178467132009
child_adhd_27,1,1.4375642640618478
child_adhd_27,1,5.824158791213049
child_adhd_27,1,4.733870074373136
child_adhd_27,1,3.698928816625856
child_adhd_27,1,2.525731345233155
child_adhd_27,1,0.9392952119340847
child_adhd_27,1,2.8762243672371617
child_adhd_27,1,3.0610615072433407
child_adhd_27,1,4.265709133096788
child_adhd_27,1,2.3734644586298104
child_adhd_27,1,2.5892738359221465
child_adhd_27,1,3.5924070796144147
child_adhd_27,1,1.621753910757931
child_adhd_27,1,1.1984230101488424
child_adhd_27,1,0.39954623016340185
child_adhd_27,1,2.8434776176313536
child_adhd_27,1,0.7990010869521551
child_adhd_27,1,4.0324445828883375
child_adhd_27,1,2.6770932630052546
child_adhd_27,1,0.08617290906590536
child_adhd_27,1,1.967423145410544
child_adhd_27,1,2.8739161844895853
child_adhd_27,1,-0.7494856990657068
child_adhd_27,1,1.7503176037894794
child_adhd_27,1,5.089883471959851
child_adhd_27,1,4.690355126663844
child_adhd_27,1,7.595469643748485
child_adhd_27,1,3.9440211275667374
child_adhd_27,1,5.162501068083519
child_adhd_27,1,4.250890868530958
child_adhd_27,1,4.356446781804854
child_adhd_27,1,5.610192626745181
child_adhd_27,1,6.123327627892756
child_adhd_27,1,3.768666496751765
child_adhd_27,1,5.641404242638795
child_adhd_27,1,3.750846359946895
child_adhd_27,1,6.426199237969926
child_adhd_27,1,8.550426118235036
child_adhd_27,1,7.153785433484221
child_adhd_27,1,5.467174769674466
child_adhd_27,1,5.804841445254377
child_adhd_27,1,7.269426926059838
child_adhd_27,1,5.7724359752345284
child_adhd_27,1,7.181543077410494
child_adhd_27,1,6.236023932336509
child_adhd_27,1,3.8090375002151347
child_adhd_27,1,5.241857410665371
child_adhd_27,1,6.2584627732812175
child_adhd_27,1,6.686983419256532
child_adhd_27,1,5.17297237224311
child_adhd_27,1,6.0260035951925675
child_adhd_27,1,6.498076516318549
child_adhd_27,1,6.489041592903276
child_adhd_27,1,3.716586071483188
child_adhd_27,1,4.714091162650721
child_adhd_27,1,5.301628374950698
child_adhd_28,1,-6.06284493804548
child_adhd_28,1,-2.0242914622953365
child_adhd_28,1,-5.567067538583722
child_adhd_28,1,-11.51158944297165
child_adhd_28,1,-6.584718285147314
child_adhd_28,1,-3.1430610405704953
child_adhd_28,1,-5.745307133209898
child_adhd_28,1,-1.0071164544061297
child_adhd_28,1,-6.287999491169249
child_adhd_28,1,-3.641860911234082
child_adhd_28,1,-5.076148974494968
child_adhd_28,1,-2.9169881108825177
child_adhd_28,1,-1.8564235770814908
child_adhd_28,1,-0.6803414229996199
child_adhd_28,1,-2.749706930825288
child_adhd_28,1,-2.0103565419829006
child_adhd_28,1,-3.3527364810834652
child_adhd_28,1,-3.4035712964351084
child_adhd_28,1,-1.155219652219513
child_adhd_28,1,-4.6579723749351665
child_adhd_28,1,-2.928768485571523
child_adhd_28,1,-4.573886733094277
child_adhd_28,1,-5.372145764689266
child_adhd_28,1,-3.095139960729951
child_adhd_28,1,-1.2579847617720168
child_adhd_28,1,-1.8475371722664555
child_adhd_28,1,-1.6143750323626114
child_adhd_28,1,0.8950018654357847
child_adhd_28,1,0.29888407236051395
child_adhd_28,1,-2.696208913004488
child_adhd_28,1,-2.25282467702521
child_adhd_28,1,-3.923090858841461
child_adhd_28,1,-2.5350759735398243
child_adhd_28,1,-0.7570397238206124
child_adhd_28,1,-4.480421278990487
child_adhd_28,1,-4.954935117489086
child_adhd_28,1,-5.308908776327957
child_adhd_28,1,-6.470359528026401
child_adhd_29,1,-1.5224421708298455
child_adhd_29,1,0.1762867492712219
child_adhd_29,1,1.8994238857226875
child_adhd_29,1,-1.4363428185046774
child_adhd_29,1,-1.7336692240819886
child_adhd_29,1,-2.403052308785582
child_adhd_29,1,1.7476237468493554
child_adhd_29,1,2.437161838289541
child_adhd_29,1,1.0951987274993529
child_adhd_29,1,1.0605971771186222
child_adhd_29,1,2.6675807574525217
child_adhd_29,1,1.164721444414737
child_adhd_29,1,2.2989662476019297
child_adhd_29,1,0.6237807424605692
child_adhd_29,1,3.6048914755192123
child_adhd_29,1,2.681436220614231
child_adhd_29,1,-1.6813101910970325
child_adhd_29,1,0.819624141102328
child_adhd_29,1,1.8248433665504062
child_adhd_29,1,0.35693216274291895
child_adhd_29,1,2.644209852029188
child_adhd_29,1,2.266084668064042
child_adhd_29,1,1.181848242356575
child_adhd_29,1,-0.39949276729704697
child_adhd_29,1,-0.297377683423129
child_adhd_29,1,1.1742288313679958
child_adhd_29,1,0.37978569819571706
child_adhd_29,1,-0.8517214025501929
child_adhd_29,1,-0.009993935510494774
child_adhd_29,1,0.6954859126284558
child_adhd_29,1,0.6391301780591527
child_adhd_29,1,0.02068582829583287
child_adhd_29,1,-0.3037474431131806
child_adhd_30,1,0.9463914199447465
child_adhd_30,1,0.7239303609723542
child_adhd_30,1,2.5917001719040926
child_adhd_30,1,1.2208223546316954
child_adhd_30,1,1.2382675427389545
child_adhd_30,1,2.371241632036275
child_adhd_30,1,-2.0521208473947605
child_adhd_30,1,-0.4814842264860151
child_adhd_30,1,0.7048810280913578
child_adhd_30,1,-0.15601419301861363
child_adhd_30,1,-0.8100623497665211
child_adhd_30,1,-0.7185722738900202
child_adhd_30,1,0.977234406624756
child_adhd_30,1,1.501408972709396
child_adhd_30,1,2.0536030783339805
child_adhd_30,1,-0.5282912186501731
child_adhd_30,1,-0.8184861130724166
child_adhd_30,1,-1.9758911038540703
child_adhd_30,1,-2.5940792223254134
child_adhd_30,1,-2.6324841168382913
child_adhd_30,1,-1.0284616791168653
child_adhd_30,1,0.2716607484838025
child_adhd_30,1,-0.5908110309599348
child_adhd_30,1,1.1874791879597024
child_adhd_30,1,0.8517970037361609
child_adhd_30,1,-1.5827378999180948
child_adhd_30,1,-0.6115276500596061
child_adhd_30,1,-2.43017108519275
child_adhd_30,1,-0.3443860870076325
child_adhd_31,1,1.675756773962126
child_adhd_31,1,-0.3479418392038769
child_adhd_31,1,0.1959863983757575
child_adhd_31,1,1.3078808275964835
child_adhd_31,1,2.9012817900151293
child_adhd_31,1,3.138111314470622
child_adhd_31,1,0.011699777089686718
child_adhd_31,1,-0.544886915016501
child_adhd_31,1,0.39012775264941424
child_adhd_31,1,1.440721634411532
child_adhd_31,1,-0.7159831745573977
child_adhd_31,1,-0.48029398249065136
child_adhd_31,1,-0.6309336749749124
child_adhd_31,1,1.4166342519305386
child_adhd_31,1,-0.7104461982190078
child_adhd_31,1,-2.1250040268686035
child_adhd_31,1,-1.1883370293742506
child_adhd_31,1,-1.4526872152878163
child_adhd_31,1,-2.879243049061245
child_adhd_31,1,-1.8753178102469052
child_adhd_31,1,-0.9340290368874025
child_adhd_31,1,-0.7265262879597485
child_adhd_31,1,-0.5751593890302706
child_adhd_31,1,-0.2893671157010591
child_adhd_31,1,-0.3102226159509318
child_adhd_31,1,0.6537862132000887
child_adhd_31,1,1.2345973828284966
child_adhd_31,1,-1.39066132175953
child_adhd_31,1,-1.211704679307909
child_adhd_31,1,-0.4509604869777004
child_adhd_31,1,-0.7435381919816584
child_adhd_32,1,1.5427497701585204
child_adhd_32,1,1.726691517221213
child_adhd_32,1,1.1547449127481497
child_adhd_32,1,1.078941034052187
child_adhd_32,1,-0.4833151622779106
child_adhd_32,1,-0.9030788416425015
child_adhd_32,1,-0.3631407851615569
child_adhd_32,1,0.2115068187923057
child_adhd_32,1,1.0645160619552587
child_adhd_32,1,0.28128700264875284
child_adhd_32,1,0.17056256355744348
child_adhd_32,1,1.3499821281063393
child_adhd_32,1,1.1693990202274953
child_adhd_32,1,0.3494537572434637
child_adhd_32,1,-0.615344680728459
child_adhd_32,1,0.21989141817516056
child_adhd_32,1,-1.666205472420086
child_adhd_32,1,-0.812973081910304
child_adhd_32,1,-1.193849220993241
child_adhd_32,1,0.610242024651338
child_adhd_32,1,0.3371875797806154
child_adhd_32,1,0.33239712590083736
child_adhd_32,1,0.544780077282877
child_adhd_33,1,0.4252317380869186
child_adhd_33,1,1.9287683780942027
child_adhd_33,1,1.1663111862463669
child_adhd_33,1,-1.741185135670474
child_adhd_33,1,0.24104315886015715
child_adhd_33,1,1.1597471646364956
child_adhd_33,1,0.25694914636158184
child_adhd_33,1,-0.7313196800696151
child_adhd_33,1,0.20368120472702134
child_adhd_33,1,-0.2608828059950892
child_adhd_33,1,-1.0642929056664834
child_adhd_33,1,-1.454710955918417
child_adhd_33,1,-1.5246972071320155
child_adhd_33,1,0.3396544909045811
child_adhd_33,1,0.5981609508204693
child_adhd_33,1,1.8012675669169125
child_adhd_33,1,-1.0172893057611507
child_adhd_33,1,-0.47575011996331384
child_adhd_33,1,0.7324094570061461
child_adhd_34,1,-1.4580497718061614
child_adhd_34,1,-1.2745615085780877
child_adhd_34,1,-1.184969372726495
child_adhd_34,1,-8.546285882017754
child_adhd_34,1,-3.39827469682626
child_adhd_34,1,-1.0405160774057747
child_adhd_34,1,-2.1689551735263186
child_adhd_34,1,2.422115303770378
child_adhd_34,1,-4.485663052506214
child_adhd_34,1,-3.143181674420355
child_adhd_34,1,-5.361103962536595
child_adhd_34,1,-3.3191945219478574
child_adhd_34,1,-1.1918200700033605
child_adhd_34,1,-1.5526370673306709
child_adhd_34,1,0.4526013213446569
child_adhd_34,1,0.6400869247779164
child_adhd_34,1,-1.512574871562679
child_adhd_34,1,-0.8125033717848293
child_adhd_34,1,-2.124117764058532
child_adhd_34,1,-1.8077352200491952
child_adhd_34,1,-0.9498293540890359
child_adhd_34,1,-2.116470788573284
child_adhd_34,1,-2.4891190847821796
child_adhd_34,1,-1.7753702008543313
child_adhd_34,1,-2.0094938864075336
child_adhd_34,1,-2.695241027814934
child_adhd_34,1,-3.4295803707095307
child_adhd_34,1,-2.9098974794819723
child_adhd_34,1,-3.056196056364539
child_adhd_34,1,-1.6939064340473051
child_adhd_34,1,0.11695499623206929
child_adhd_34,1,-0.48165039434532875
child_adhd_34,1,-1.4281948723891575
child_adhd_34,1,-1.85298903703095
child_adhd_34,1,0.7168197709362543
child_adhd_35,1,-2.212360554494414
child_adhd_35,1,-2.114893900922111
child_adhd_35,1,-1.1766523660915296
child_adhd_35,1,-2.3655966884488566
child_adhd_35,1,-1.7856651927264002
child_adhd_35,1,-2.1889208442693593
child_adhd_35,1,-3.234889395371638
child_adhd_35,1,-3.5741733037283985
child_adhd_35,1,-3.2466474192122035
child_adhd_35,1,-1.9727833834165278
child_adhd_35,1,-0.2768803061875682
child_adhd_35,1,-0.6923557571080521
child_adhd_35,1,-1.921947438913936
child_adhd_35,1,-4.219454081687296
child_adhd_35,1,-2.4674538631173015
child_adhd_35,1,-2.7700236228918294
child_adhd_35,1,-5.500499521626412
child_adhd_35,1,-5.214223521913256
child_adhd_35,1,-4.238290775158068
child_adhd_35,1,-3.357651884486359
child_adhd_35,1,-4.248914237724962
child_adhd_35,1,-3.9527175778116383
child_adhd_35,1,-3.42743412075455
child_adhd_35,1,-3.2961362593700403
child_adhd_35,1,-2.2285247147830645
child_adhd_35,1,-3.234096703232464
child_adhd_35,1,-1.4559752908072598
child_adhd_35,1,-1.3849012013143478
child_adhd_35,1,-3.567570287332551
child_adhd_36,1,1.07291728881023
child_adhd_36,1,-0.967097636234467
child_adhd_36,1,0.26994307961891084
child_adhd_36,1,-0.9544505348761618
child_adhd_36,1,-1.1012734914300417
child_adhd_36,1,-2.4123464745338548
child_adhd_36,1,-2.2569302535627753
child_adhd_36,1,0.7981412534648251
child_adhd_36,1,0.11309857933903689
child_adhd_36,1,-0.3182789156568211
child_adhd_36,1,-1.2554282821970457
child_adhd_36,1,1.0234006686275323
child_adhd_36,1,0.13944201002102097
child_adhd_36,1,-1.227148115125224
child_adhd_36,1,1.6148563573591417
child_adhd_36,1,1.922615839250234
child_adhd_36,1,0.6684105420967013
child_adhd_36,1,0.8697367266046852
child_adhd_36,1,1.8025442466449177
child_adhd_36,1,-1.379669556392882
child_adhd_36,1,-0.28088739661850437
child_adhd_36,1,0.32349401384612775
child_adhd_36,1,-0.6577017649912948
child_adhd_36,1,-0.3224696856565272
child_adhd_36,1,0.5332886550975651
child_adhd_37,1,-4.023943680625926
child_adhd_37,1,-5.116691567876086
child_adhd_37,1,-4.4610406583967
child_adhd_37,1,-2.494658852733089
child_adhd_37,1,-1.1924124590379817
child_adhd_37,1,-2.125665262452348
child_adhd_37,1,-2.8119136510003986
child_adhd_37,1,-3.164918861547918
child_adhd_37,1,-2.1234226123956055
child_adhd_37,1,-4.809300725289361
child_adhd_37,1,-1.9673392972690567
child_adhd_37,1,-1.2541784101676445
child_adhd_37,1,-3.603117880262401
child_adhd_37,1,0.825484133340521
child_adhd_37,1,-1.2929229966834728
child_adhd_37,1,-4.08232372427307
child_adhd_37,1,-2.441794043344911
child_adhd_37,1,-1.722120879921498
child_adhd_37,1,-1.5199455959104429
child_adhd_37,1,-2.4245999823238296
child_adhd_37,1,-2.7516017312011773
child_adhd_37,1,-1.6852594085465118
child_adhd_37,1,-3.0502463289440906
child_adhd_37,1,-1.877099243062087
child_adhd_37,1,0.584797228081517
child_adhd_37,1,-0.2759041505756399
child_adhd_37,1,-1.9023788799321253
child_adhd_37,1,-2.751119285166453
child_adhd_37,1,-3.0491143810912003
child_adhd_37,1,-2.31227962316662
child_adhd_37,1,-4.30860793809766
child_adhd_37,1,-2.8270160593595555
child_adhd_37,1,-3.7996032286041532
child_adhd_37,1,-4.189147187740075
child_adhd_37,1,-2.527847872887315
child_adhd_37,1,-2.2029767725679408
child_adhd_37,1,-3.2481559056004454
child_adhd_38,1,-2.0635263588079495
child_adhd_38,1,-3.1883093778204006
child_adhd_38,1,0.173615591428671
child_adhd_38,1,-0.16579852542777318
child_adhd_38,1,0.055298804131180594
child_adhd_38,1,-1.2247151073030837
child_adhd_38,1,-1.3567012363769122
child_adhd_38,1,-1.144086108357569
child_adhd_38,1,-0.23121339105417893
child_adhd_38,1,0.7384590524683083
child_adhd_38,1,-1.3134931633551237
child_adhd_38,1,-1.240241003389188
child_adhd_38,1,-0.06352533683214401
child_adhd_38,1,-0.04265542129189304
child_adhd_38,1,-2.323692359345557
child_adhd_38,1,-2.8602987132408724
child_adhd_38,1,0.3574630592428638
child_adhd_38,1,-0.07812200724944796
child_adhd_38,1,0.3532074567187029
child_adhd_38,1,-0.7549583633269255
child_adhd_38,1,0.8563626113933551
child_adhd_38,1,-0.29377560647212975
child_adhd_38,1,0.15973035662545576
child_adhd_39,1,2.2639818662736926
child_adhd_39,1,-0.8184401445785074
child_adhd_39,1,-0.12976226173132877
child_adhd_39,1,3.116916744085066
child_adhd_39,1,2.1469109952517313
child_adhd_39,1,-1.0882169103923351
child_adhd_39,1,0.5119568236238308
child_adhd_39,1,0.7634369792532494
child_adhd_39,1,1.5352473085663678
child_adhd_39,1,0.3213354310602472
child_adhd_39,1,1.4515709596096948
child_adhd_39,1,0.6928813260595745
child_adhd_39,1,-0.001961308651099232
child_adhd_39,1,-0.32424852325141384
child_adhd_39,1,0.475432390373135
child_adhd_39,1,1.3586121089118117
child_adhd_39,1,-0.6880519235666356
child_adhd_39,1,-1.5480427680186895
child_adhd_39,1,-0.38904884463928124
child_adhd_39,1,0.2884518298818495
child_adhd_39,1,2.4282947587427794
child_adhd_39,1,2.319330786837481
child_adhd_39,1,0.3054924638387415
child_adhd_39,1,1.3203682707644997
child_adhd_39,1,-0.24787429110035863
child_adhd_39,1,-2.6661971501762234
child_adhd_39,1,1.2138491596314018
child_adhd_39,1,0.43844916851434745
child_adhd_39,1,0.6550309142354871
child_adhd_39,1,3.2651777338097747
child_adhd_39,1,-0.023260699518694368
child_adhd_39,1,-0.23185223978343505
child_adhd_39,1,0.28826778742018955
child_adhd_39,1,0.9745988207017617
child_adhd_39,1,1.2626482931258989
child_adhd_39,1,2.0240064320922158
child_adhd_39,1,0.639281112832738
child_adhd_39,1,1.578983476369588
child_adhd_40,1,3.218134641777469
child_adhd_40,1,2.2355161711700284
child_adhd_40,1,0.552272514063463
child_adhd_40,1,4.540828944821696
child_adhd_40,1,3.435720114560054
child_adhd_40,1,1.9917215100149643
child_adhd_40,1,5.529130763234651
child_adhd_40,1,6.060339510388295
child_adhd_40,1,-1.709652745536313
child_adhd_40,1,0.26025051556970413
child_adhd_40,1,5.521862225667905
child_adhd_40,1,6.327756734454343
child_adhd_40,1,7.648878360653176
child_adhd_40,1,4.483413866505355
child_adhd_40,1,5.544778926754598
child_adhd_40,1,6.265918871394215
child_adhd_40,1,7.822760958640422
child_adhd_40,1,4.9056089908166145
child_adhd_40,1,3.3463877810762575
child_adhd_40,1,4.658782124872352
child_adhd_40,1,3.588410145452823
child_adhd_40,1,2.442238590241416
child_adhd_40,1,2.8762667481675215
child_adhd_40,1,1.9712222602373453
child_adhd_40,1,5.933392469293892
child_adhd_40,1,4.10842129267621
child_adhd_40,1,1.1337155811717812
child_adhd_40,1,2.918652182764369
child_adhd_40,1,2.1923826622918647
child_adhd_40,1,7.013387351284823
child_adhd_40,1,2.350207087093309
child_adhd_40,1,2.4394623573011427
child_adhd_40,1,3.7511561021891775
child_adhd_40,1,1.410294777292602
child_adhd_40,1,-0.2838770006003515
child_adhd_40,1,1.2264530116546657
child_adhd_40,1,0.3492023407128835
child_adhd_40,1,2.568209929491386
child_adhd_41,1,-0.711781600184181
child_adhd_41,1,-5.191173238938773
child_adhd_41,1,-5.1930003500494735
child_adhd_41,1,0.5004896791128528
child_adhd_41,1,-0.9194270049853019
child_adhd_41,1,-2.6318683398060707
child_adhd_41,1,1.8100054092639446
child_adhd_41,1,1.4763332529862374
child_adhd_41,1,-0.8206999581716083
child_adhd_41,1,-0.14054143862277546
child_adhd_41,1,1.3053299903703273
child_adhd_41,1,0.1685610252382952
child_adhd_41,1,-3.514378328919466
child_adhd_41,1,-2.3338008158476797
child_adhd_41,1,-1.906376901515195
child_adhd_41,1,-1.9101464566304067
child_adhd_41,1,-1.536742880391219
child_adhd_41,1,1.3816980172668358
child_adhd_41,1,1.3353161301190253
child_adhd_41,1,-4.38064734100338
child_adhd_41,1,-3.1222262814134933
child_adhd_41,1,-2.750097193317053
child_adhd_41,1,-5.379277582767959
child_adhd_41,1,-1.3013316146844416
child_adhd_41,1,-0.049763331475989554
child_adhd_41,1,-3.091951035271093
child_adhd_41,1,-2.0720147345579094
child_adhd_41,1,-0.5977974050677688
child_adhd_41,1,-2.25826829164632
child_adhd_41,1,-1.2430550116641375
child_adhd_41,1,-0.29058641602211677
child_adhd_41,1,-1.059210507136964
child_adhd_41,1,-5.166494732713457
child_adhd_41,1,-3.5375489701889493
child_adhd_41,1,-1.7887549228418405
child_adhd_41,1,-0.8258072662519684
child_adhd_41,1,-0.40692065898012
child_adhd_41,1,0.6536333046499843
child_adhd_41,1,2.529574044296076
child_adhd_41,1,-0.556080271696809
child_adhd_41,1,3.656354882602266
child_adhd_41,1,1.1025970894541153
child_adhd_41,1,0.04600042978416296
child_adhd_41,1,0.7645704820969301
child_adhd_41,1,1.3718866371495613
child_adhd_41,1,-2.7196364187526663
child_adhd_41,1,-2.7552229801307146
child_adhd_41,1,-0.8255217435850304
child_adhd_41,1,-0.86836152216116
child_adhd_41,1,-1.05924242464491
child_adhd_41,1,-2.9195228102808586
child_adhd_41,1,1.3509662458837963
child_adhd_41,1,0.6940850576685038
child_adhd_41,1,-2.670277847934377
child_adhd_41,1,0.5051825971372066
child_adhd_41,1,-2.344299465301732
child_adhd_41,1,-4.560446944475012
child_adhd_41,1,-1.4752637404554083
child_adhd_42,1,3.0297050505183916
child_adhd_42,1,3.791090748548878
child_adhd_42,1,3.974345944936608
child_adhd_42,1,3.517988092503074
child_adhd_42,1,1.7617410529220503
child_adhd_42,1,2.5883777267573467
child_adhd_42,1,3.331609217633537
child_adhd_42,1,2.9933535198249106
child_adhd_42,1,0.4174149065066224
child_adhd_42,1,3.033886535226713
child_adhd_42,1,3.7677932028139085
child_adhd_42,1,2.212047917517314
child_adhd_42,1,2.103303358918834
child_adhd_42,1,2.015239908221457
child_adhd_42,1,4.704526152597048
child_adhd_42,1,3.6208808816574094
child_adhd_42,1,3.83161572257634
child_adhd_42,1,3.451449489002982
child_adhd_42,1,4.43124806306733
child_adhd_42,1,4.121206421768886
child_adhd_42,1,3.8539440705719996
child_adhd_42,1,2.2607416620615353
child_adhd_42,1,3.360016828582807
child_adhd_43,1,-1.8520349852692297
child_adhd_43,1,-1.6443708324590915
child_adhd_43,1,-2.5472061177566325
child_adhd_43,1,-1.9170574350875522
child_adhd_43,1,-2.7624616187627313
child_adhd_43,1,-1.038730162105079
child_adhd_43,1,-0.5045536722000981
child_adhd_43,1,-2.5276677093052675
child_adhd_43,1,-1.659716156007111
child_adhd_43,1,-1.0345101376728654
child_adhd_43,1,-0.9888603158355018
child_adhd_43,1,-0.024268016639185548
child_adhd_43,1,0.10682385572492303
child_adhd_43,1,-0.608008678100527
child_adhd_43,1,-2.170750910522709
child_adhd_43,1,-1.4784160321435504
child_adhd_43,1,-0.7041729740605966
child_adhd_43,1,-1.7962608279674506
child_adhd_43,1,-1.3475210208738242
child_adhd_43,1,0.7964009363469031
child_adhd_43,1,-0.1870133342104181
child_adhd_43,1,-0.14948264089279673
child_adhd_43,1,-0.17916618652284577
child_adhd_43,1,-1.0006711122548924
child_adhd_43,1,-0.8553156211041968
child_adhd_43,1,-1.5810900001166435
child_adhd_43,1,-1.5596587966039597
child_adhd_43,1,0.6693714887874511
child_adhd_43,1,0.27257722467148127
child_adhd_43,1,0.017013354191531375
child_adhd_43,1,0.1377262249209188
child_adhd_43,1,-2.733492622834286
child_adhd_43,1,-1.6211790863389066
child_adhd_43,1,-0.6286606533839214
child_adhd_43,1,-0.5787736450629748
child_adhd_43,1,-1.0622689969654344
child_adhd_43,1,-1.148478194746189
child_adhd_43,1,0.2871363923501844
child_adhd_43,1,-0.8423504376933721
child_adhd_43,1,-0.6284055998946505
child_adhd_44,1,-0.04618745308339035
child_adhd_44,1,-0.7843138639789917
child_adhd_44,1,-0.976808719138271
child_adhd_44,1,0.9900823292868226
child_adhd_44,1,-1.752588907711501
child_adhd_44,1,-2.8138092054637167
child_adhd_44,1,0.1792163198155261
child_adhd_44,1,0.6217048424141376
child_adhd_44,1,0.10987689162942504
child_adhd_44,1,0.3760354428662651
child_adhd_44,1,0.5657696192512345
child_adhd_44,1,2.106814989773269
child_adhd_44,1,0.8083754684959439
child_adhd_44,1,0.9798288187075463
child_adhd_44,1,1.043586217269796
child_adhd_44,1,-1.1086669275316778
child_adhd_44,1,-2.804507086560885
child_adhd_44,1,-1.7510916102478424
child_adhd_44,1,-0.5796787195538677
child_adhd_44,1,1.0908047887491532
child_adhd_44,1,-0.16592058587084613
child_adhd_44,1,0.6935570056716418
child_adhd_44,1,1.5325561586593464
child_adhd_44,1,0.6186195673805217
child_adhd_44,1,-1.6035034035624556
child_adhd_44,1,0.012809801832702077
child_adhd_44,1,0.5433754946289315
child_adhd_44,1,1.0097264935751926
child_adhd_44,1,-0.6378279201164274
child_adhd_44,1,-1.5545455175064327
child_adhd_44,1,0.682651243555253
child_adhd_44,1,-0.0251882204517131
child_adhd_44,1,-0.26345288005924083
child_adhd_44,1,0.9612613647412187
child_adhd_44,1,-1.0391821623758013
child_adhd_44,1,-0.9904564823159394
child_adhd_44,1,1.6883799376588156
child_adhd_44,1,-0.41889496775880564
child_adhd_44,1,0.6105969715312349
child_adhd_44,1,1.3817608316391519
child_adhd_44,1,1.031590865444875
child_adhd_44,1,0.6520396772386847
child_adhd_44,1,1.3153377842562806
child_adhd_44,1,0.5087225957324752
child_adhd_44,1,-0.9670155367125288
child_adhd_44,1,-1.151461307717198
child_adhd_44,1,-0.5196105158138977
child_adhd_44,1,1.3886299884460669
child_adhd_44,1,0.8347106462481173
child_adhd_44,1,1.2029478911306846
child_adhd_44,1,-2.807419604555316
child_adhd_44,1,-1.182075448274719
child_adhd_45,1,2.0720804492540386
child_adhd_45,1,-0.844046527995719
child_adhd_45,1,0.6134330802466701
child_adhd_45,1,1.1792215581055172
child_adhd_45,1,1.2720865745268577
child_adhd_45,1,2.2768630708645463
child_adhd_45,1,0.7800512094918595
child_adhd_45,1,0.064287438757203
child_adhd_45,1,0.6212335323644458
child_adhd_45,1,1.3872764895893608
child_adhd_45,1,0.7946753522932777
child_adhd_45,1,-1.4991794961609142
child_adhd_45,1,1.254630759920185
child_adhd_45,1,0.19982897895647045
child_adhd_45,1,0.1448053681454995
child_adhd_45,1,0.5745124064754463
child_adhd_45,1,0.36418528650577264
child_adhd_45,1,0.4360603383425852
child_adhd_45,1,-2.3271861193584322
child_adhd_45,1,-0.7413251402227712
child_adhd_45,1,1.773329891389144
child_adhd_45,1,2.4141621935582553
child_adhd_45,1,0.22072305215655308
child_adhd_45,1,-1.3587069139571553
child_adhd_45,1,-1.6092255195746301
child_adhd_45,1,-0.7084789204309871
child_adhd_45,1,1.3048544800323094
child_adhd_45,1,-0.3930263615674827
child_adhd_45,1,-0.8111507527090638
child_adhd_45,1,-0.9286772032570421
child_adhd_45,1,-1.8252581684676852
child_adhd_45,1,-0.569239865359479
child_adhd_45,1,-0.38307159888126674
child_adhd_45,1,-0.2660597749948901
child_adhd_45,1,0.5387299610562104
child_adhd_45,1,-0.7328087472932803
child_adhd_45,1,0.3600052390169901
child_adhd_45,1,-0.5319146332524218
child_adhd_45,1,0.6766448693594354
child_adhd_45,1,0.7865973841329212
child_adhd_45,1,0.5328157101314293
child_adhd_45,1,-0.15628803107173295
child_adhd_45,1,0.9761919964543437
child_adhd_45,1,1.2608833287933228
child_adhd_45,1,1.223390525161652
child_adhd_45,1,1.8415595320042175
child_adhd_45,1,1.492432657985187
child_adhd_45,1,3.4829503570642157
child_adhd_45,1,5.606623104960217
child_adhd_45,1,4.233898502871444
child_adhd_45,1,2.2885803143726062
child_adhd_45,1,2.125607476169647
child_adhd_45,1,1.5572480796402146
child_adhd_46,1,-4.043419560295843
child_adhd_46,1,-4.080930861997913
child_adhd_46,1,1.6102429323079839
child_adhd_46,1,0.8414228627037807
child_adhd_46,1,-4.254518124938637
child_adhd_46,1,-3.0631326898850415
child_adhd_46,1,-0.7866226142791366
child_adhd_46,1,-1.201587837705403
child_adhd_46,1,-0.6200028413594139
child_adhd_46,1,-1.401050741251525
child_adhd_46,1,-0.8740067490080412
child_adhd_46,1,-2.0094428665243025
child_adhd_46,1,0.780635585879011
child_adhd_46,1,0.9283730998037425
child_adhd_46,1,-0.3970988573110825
child_adhd_46,1,-1.4283661810987092
child_adhd_46,1,0.6448178933337212
child_adhd_46,1,-2.4175707921992697
child_adhd_46,1,1.1762767545536696
child_adhd_46,1,1.6151982574664927
child_adhd_46,1,1.803717620221201
child_adhd_46,1,-1.0147719115283762
child_adhd_46,1,-0.5646716461848726
child_adhd_46,1,0.5478277297558669
child_adhd_46,1,-0.21094165597726566
child_adhd_46,1,0.711999753836486
child_adhd_46,1,1.3664405874937005
child_adhd_46,1,0.6525576235499011
child_adhd_46,1,2.394920452211515
child_adhd_46,1,0.5585208490921116
child_adhd_46,1,0.9441126165578451
child_adhd_46,1,1.2522823716472657
child_adhd_46,1,-0.5499805544180056
child_adhd_46,1,-0.9787893208465184
child_adhd_46,1,0.2622802666256969
child_adhd_46,1,-7.799312294247932
child_adhd_46,1,-1.4573914422135579
child_adhd_47,1,-1.824666807656252
child_adhd_47,1,-0.5531881454742174
child_adhd_47,1,-0.5092823616284783
child_adhd_47,1,-0.03627812593882252
child_adhd_47,1,0.680769978299409
child_adhd_47,1,1.833625005709245
child_adhd_47,1,1.5499170628850016
child_adhd_47,1,1.0314310512940865
child_adhd_47,1,-0.9919410668391981
child_adhd_47,1,1.9970833837563269
child_adhd_47,1,0.9590420403814821
child_adhd_47,1,-2.174734443764472
child_adhd_47,1,-1.8439918074489559
child_adhd_47,1,0.9868173858245501
child_adhd_47,1,-0.7554557870557164
child_adhd_47,1,0.39901333583608145
child_adhd_47,1,1.7399347449171063
child_adhd_47,1,-1.4480035273764813
child_adhd_47,1,0.6915225703109253
child_adhd_47,1,0.8048349244006123
child_adhd_47,1,0.8366021438169582
child_adhd_47,1,0.7203736515206767
child_adhd_47,1,2.170219873153114
child_adhd_47,1,1.0562300478617643
child_adhd_47,1,1.1860687029757482
child_adhd_47,1,0.2735297448684466
child_adhd_47,1,-0.665686745555566
child_adhd_47,1,-0.8467890669494811
child_adhd_47,1,-2.721922183934033
child_adhd_47,1,1.063570293044602
child_adhd_47,1,-0.929269852725721
child_adhd_47,1,-0.13740697864606966
child_adhd_47,1,-0.85020892096565
child_adhd_47,1,-0.5549294592992944
child_adhd_47,1,0.23463462321065776
child_adhd_47,1,0.2206920053438377
child_adhd_47,1,-0.5885310559652626
child_adhd_47,1,0.06143326756367772
child_adhd_47,1,-2.0913381998598504
child_adhd_47,1,-1.7562853515272796
child_adhd_47,1,0.13117039802770747
child_adhd_47,1,2.117831022123306
child_adhd_47,1,1.502289306036327
child_adhd_47,1,0.2218808264497747
child_adhd_47,1,0.8872863193264935
child_adhd_47,1,0.5923112681250549
child_adhd_47,1,0.5362974737068107
child_adhd_47,1,1.115362745367429
child_adhd_47,1,-0.3306835804711652
child_adhd_47,1,0.11267056374509354
child_adhd_47,1,0.6268406740000436
child_adhd_47,1,0.16938104559286216
child_adhd_47,1,-0.22520220161550886
child_adhd_47,1,2.8620056902913884
child_adhd_47,1,2.040292509222295
child_adhd_47,1,-0.33315039727337514
child_adhd_47,1,1.0900919966800264
child_adhd_47,1,2.299167011862536
child_adhd_47,1,0.2698544425593983
child_adhd_47,1,2.3222593427867415
child_adhd_47,1,2.054125450352237
child_adhd_47,1,0.34714292487017295
child_adhd_47,1,1.4665665231017513
child_adhd_47,1,-0.2633300093808322
child_adhd_47,1,-0.3346502210567899
child_adhd_48,1,3.210331481486548
child_adhd_48,1,2.8874437468633842
child_adhd_48,1,3.4734457015355216
child_adhd_48,1,1.344912435871353
child_adhd_48,1,0.3558160353841229
child_adhd_48,1,3.4266507230037733
child_adhd_48,1,4.4602191853110575
child_adhd_48,1,3.187088870608171
child_adhd_48,1,2.6732359429853267
child_adhd_48,1,2.534311570384275
child_adhd_48,1,3.1298627513733064
child_adhd_48,1,2.757478015684653
child_adhd_48,1,2.2352668171331254
child_adhd_48,1,1.6978545697820253
child_adhd_48,1,0.5141555612725612
child_adhd_48,1,1.7495075662075352
child_adhd_48,1,1.7047294025489739
child_adhd_48,1,4.1479264283050385
child_adhd_48,1,4.261184370079591
child_adhd_48,1,1.7332711714765565
child_adhd_48,1,2.4910345224768835
child_adhd_48,1,4.043200206299883
child_adhd_48,1,2.037909839170649
child_adhd_48,1,1.1189776185508833
child_adhd_48,1,1.9591337919595195
child_adhd_49,1,1.9682994433231193
child_adhd_49,1,3.6668714036188104
child_adhd_49,1,2.809529647966705
child_adhd_49,1,4.51926420233012
child_adhd_49,1,4.0651719178522185
child_adhd_49,1,3.444421798551701
child_adhd_49,1,4.807815018609775
child_adhd_49,1,1.6503518704701017
child_adhd_49,1,2.3856137539625695
child_adhd_49,1,0.7874022519442121
child_adhd_49,1,1.7084314031668189
child_adhd_49,1,1.7953456477120147
child_adhd_49,1,3.488849652569266
child_adhd_49,1,4.74141626561935
child_adhd_49,1,1.378465565744137
child_adhd_49,1,1.1013356719250378
child_adhd_49,1,2.1731285701596392
child_adhd_49,1,1.9018256942816387
child_adhd_50,1,-1.3486887073052751
child_adhd_50,1,-0.9439925781027949
child_adhd_50,1,0.09375805667697068
child_adhd_50,1,-0.8759201589503773
child_adhd_50,1,-0.26560492457162543
child_adhd_50,1,1.5177332332718974
child_adhd_50,1,-1.0860728833131568
child_adhd_50,1,-1.6670212790746615
child_adhd_50,1,1.011360540776473
child_adhd_50,1,-0.9287285537836019
child_adhd_50,1,-1.5916302960396689
child_adhd_50,1,-0.698001324096553
child_adhd_50,1,0.3336464475598706
child_adhd_50,1,-0.02183243949808778
child_adhd_50,1,-0.2533609054032786
child_adhd_50,1,0.717500209881911
child_adhd_50,1,0.5124898838844751
child_adhd_50,1,-1.03081578872557
child_adhd_50,1,-1.8841287374434732
child_adhd_50,1,-1.8108300937921904
child_adhd_50,1,-1.8995537732182168
child_adhd_50,1,-0.43700121423076443
child_adhd_50,1,-0.6535934361009696
child_adhd_50,1,0.04800952959788573
child_adhd_50,1,-0.330223951207514
child_adhd_50,1,-0.7311741138138264
child_adhd_50,1,-0.4632500733307954
child_adhd_50,1,-0.0866655220921182
child_adhd_50,1,-0.2521631647936824
child_adhd_50,1,-0.2819511396485066
child_adhd_50,1,-3.5720456263753904
child_adhd_50,1,-1.7699199048218006
child_adhd_50,1,0.3939335363738319
child_adhd_50,1,-0.7564577538393105
child_adhd_50,1,-1.6219632949218854
child_adhd_50,1,-1.827705134728688
child_adhd_50,1,0.06022012561795952
child_adhd_50,1,-0.16734626206880443
child_adhd_50,1,-0.4233269938120119
child_adhd_50,1,-1.0215459689072592
child_adhd_50,1,-1.225159141592678
child_adhd_50,1,-2.259026771951602
child_adhd_50,1,-2.2350834539568383
child_adhd_50,1,0.018720430643646806
child_adhd_50,1,-2.159939414213818
child_adhd_50,1,-1.5519492351391178
child_adhd_50,1,-1.2660860237108909
child_adhd_50,1,-0.6478426702986895
child_adhd_50,1,-0.105367793506421
child_adhd_50,1,-1.0190873316260183
child_adhd_50,1,-2.0625380853312536
child_adhd_50,1,-0.8039916491528889
child_adhd_50,1,-0.6823329422837123
child_adhd_50,1,-1.4866514167641152
child_adhd_50,1,-1.0270721286115407
child_adhd_50,1,0.2091515510717421
child_adhd_50,1,-0.7166071751534349
child_adhd_50,1,0.6176572408391194
child_adhd_50,1,-2.1404584575790992
child_adhd_50,1,0.28298901133118615
child_adhd_50,1,1.6658166819916855
child_adhd_50,1,0.4937414873584094
child_adhd_50,1,-0.9726596665406382
child_adhd_50,1,-0.8073295499933446
child_adhd_50,1,-1.3790208827021326
child_adhd_50,1,-1.0985837485137788
child_adhd_50,1,-0.6132195076308806
child_adhd_50,1,0.28975330303988467
child_adhd_50,1,-3.107667940244182
child_adhd_50,1,-0.15924644561658963
child_adhd_50,1,-1.1235104392974204
child_adhd_50,1,0.08081159292441664
child_adhd_50,1,-0.49203880945514755
child_adhd_50,1,-0.19840675414334563
child_adhd_50,1,-0.36911771278410765
child_adhd_51,1,-0.6402594336497744
child_adhd_51,1,-1.151096621609094
child_adhd_51,1,-0.934609975549834
child_adhd_51,1,-1.5310645681814317
child_adhd_51,1,-1.3105419307425399
child_adhd_51,1,-1.4149455648139837
child_adhd_51,1,0.8168419315168876
child_adhd_51,1,-1.5794615605670252
child_adhd_51,1,-1.0966271740423281
child_adhd_51,1,0.3200259402972392
child_adhd_51,1,-0.49815324340542166
child_adhd_51,1,-1.1857253312436582
child_adhd_51,1,-1.0175826782257371
child_adhd_51,1,-1.3385269002144364
child_adhd_51,1,1.0575675565216434
child_adhd_51,1,0.32958898515066415
child_adhd_51,1,-2.1639171154242667
child_adhd_51,1,-1.709220067021602
child_adhd_51,1,1.6502451092492316
child_adhd_51,1,-1.256853251396142
child_adhd_51,1,-1.6040660423802209
child_adhd_51,1,-0.5076289236754523
child_adhd_51,1,-1.1903801724941954
child_adhd_51,1,-1.4115468858477656
child_adhd_51,1,-1.2068539271808814
child_adhd_51,1,-1.5011425884992422
child_adhd_51,1,-0.04484821346489843
child_adhd_51,1,0.6833185432664732
child_adhd_51,1,-2.004672874435412
child_adhd_51,1,-1.6237855301319624
child_adhd_51,1,-1.3487263078199325
child_adhd_51,1,-0.6958577917664519
child_adhd_51,1,-0.25007944352451106
child_adhd_51,1,-0.9163607863822822
child_adhd_51,1,-2.2805235330675067
child_adhd_51,1,0.2769631368418819
child_adhd_51,1,-2.2991975592728644
child_adhd_51,1,-1.438086144045304
child_adhd_51,1,-0.5875832706864108
child_adhd_51,1,-2.5135167305489206
child_adhd_52,1,-1.7306065217186595
child_adhd_52,1,-1.7070560097772687
child_adhd_52,1,0.5466451811920832
child_adhd_52,1,0.4868127462250633
child_adhd_52,1,0.0756939015722613
child_adhd_52,1,-0.6808490393274618
child_adhd_52,1,-0.6781937626347807
child_adhd_52,1,-0.356946143133513
child_adhd_52,1,0.38585440056372167
child_adhd_52,1,1.444584937976068
child_adhd_52,1,1.044896901925038
child_adhd_52,1,-0.38433616328023334
child_adhd_52,1,1.638527339229143
child_adhd_52,1,0.41144462018434313
child_adhd_52,1,-1.2696112159891488
child_adhd_52,1,-0.5872555000128792
child_adhd_52,1,0.9380561038717727
child_adhd_52,1,0.011327619545277605
child_adhd_52,1,1.510158377038837
child_adhd_52,1,-0.5210727175349181
child_adhd_52,1,0.39026814461927084
child_adhd_52,1,0.07593845037352298
child_adhd_52,1,2.176845149246643
child_adhd_52,1,0.2398374812649322
child_adhd_52,1,0.02954609391753115
child_adhd_52,1,-0.38994616414388017
child_adhd_53,1,2.1963314447012636
child_adhd_53,1,1.4221103531498318
child_adhd_53,1,2.0805095522507053
child_adhd_53,1,0.2744743395457012
child_adhd_53,1,-1.407604022559113
child_adhd_53,1,-0.3512516751323578
child_adhd_53,1,1.7096639105645204
child_adhd_53,1,0.24474389803950802
child_adhd_53,1,0.29007672425554687
child_adhd_53,1,2.3823681186859234
child_adhd_53,1,0.06428155863814378
child_adhd_53,1,4.219729665191667
child_adhd_53,1,1.543362651541176
child_adhd_53,1,-1.4571032258406131
child_adhd_53,1,1.519381340041077
child_adhd_53,1,2.4789719117035802
child_adhd_53,1,0.7782439866866697
child_adhd_53,1,-3.239101270301735
child_adhd_53,1,1.0192978845613732
child_adhd_54,1,5.254226292725512
child_adhd_54,1,6.856172134277799
child_adhd_54,1,2.142359880817587
child_adhd_54,1,1.1797931967447537
child_adhd_54,1,5.346901786746679
child_adhd_54,1,5.585853784695701
child_adhd_54,1,6.92993057033487
child_adhd_54,1,4.42779933593913
child_adhd_54,1,4.22798521392988
child_adhd_54,1,1.3955233196668162
child_adhd_54,1,6.579360254434041
child_adhd_54,1,8.92980904290317
child_adhd_54,1,6.544267227317298
child_adhd_54,1,5.483984774959603
child_adhd_54,1,1.8990370666343963
child_adhd_54,1,5.257624983195265
child_adhd_54,1,3.5932881248818807
child_adhd_54,1,6.132053860871045
child_adhd_54,1,3.514802614381878
child_adhd_54,1,4.082670852648385
child_adhd_54,1,7.642146767231793
child_adhd_54,1,5.07271338606238
child_adhd_54,1,4.561824398617693
child_adhd_54,1,3.8242432968912827
child_adhd_54,1,6.721922788298376
child_adhd_54,1,1.1591855885342122
child_adhd_54,1,5.52186756480506
child_adhd_54,1,6.666616532493703
child_adhd_54,1,4.346510187434333
child_adhd_54,1,2.46795934244161
child_adhd_54,1,3.2852289747776475
child_adhd_54,1,0.9051765590856398
child_adhd_54,1,8.433573292394017
child_adhd_54,1,8.104153995959093
child_adhd_54,1,1.3513946867876425
child_adhd_55,1,-1.9602791060818892
child_adhd_55,1,-2.327112069762405
child_adhd_55,1,-1.2034321153399816
child_adhd_55,1,2.428430277241119
child_adhd_55,1,1.5798764367945883
child_adhd_55,1,-0.19909862303577452
child_adhd_55,1,1.8427693435030583
child_adhd_55,1,3.675863200602597
child_adhd_55,1,3.73255578504854
child_adhd_55,1,2.7273459981226513
child_adhd_55,1,0.45774279453703115
child_adhd_55,1,0.5330754414790586
child_adhd_55,1,1.256647726769242
child_adhd_55,1,2.990962213114075
child_adhd_55,1,-0.9059477445461914
child_adhd_55,1,2.4802104082512586
child_adhd_55,1,-0.6850096392207565
child_adhd_55,1,-1.5043640816568005
child_adhd_55,1,-1.4873470001351559
child_adhd_55,1,-3.1582550922070065
child_adhd_55,1,-3.2806818641226188
child_adhd_55,1,-0.09351941619705673
child_adhd_55,1,-0.6852553132185817
child_adhd_55,1,-1.487566204569361
child_adhd_55,1,-1.1129801731076843
child_adhd_55,1,-2.836078176736389
child_adhd_55,1,-0.6000204554457371
child_adhd_55,1,0.3779258208956253
child_adhd_55,1,-1.8810268903863314
child_adhd_55,1,-0.4158920389409799
child_adhd_55,1,1.4180820582835485
child_adhd_55,1,2.2065310933736746
child_adhd_55,1,3.799799370313506
child_adhd_55,1,0.029121206684277416
child_adhd_56,1,-0.12638771749177047
child_adhd_56,1,-2.2357381753829935
child_adhd_56,1,-2.2977514974716944
child_adhd_56,1,-2.2825590160904885
child_adhd_56,1,-2.1967307055965066
child_adhd_56,1,-3.7419499845537447
child_adhd_56,1,-3.240847493645639
child_adhd_56,1,-2.352621240024463
child_adhd_56,1,-2.0625233206075477
child_adhd_56,1,1.7709059094035557
child_adhd_56,1,1.7568990996484126
child_adhd_56,1,2.9670523623412337
child_adhd_56,1,3.8046018756826894
child_adhd_56,1,3.346965726802672
child_adhd_56,1,-3.840014962686227
child_adhd_56,1,-0.47481378238415073
child_adhd_56,1,0.7918410934802746
child_adhd_56,1,0.37791378607592097
child_adhd_56,1,2.282166876035413
child_adhd_56,1,0.6840903567171919
child_adhd_56,1,2.015061133449074
child_adhd_56,1,2.113083589307475
child_adhd_56,1,3.583844339478628
child_adhd_56,1,0.592818579774933
child_adhd_56,1,3.626311156785174
child_adhd_56,1,-0.8864444373607665
child_adhd_56,1,2.8070497982295683
child_adhd_56,1,0.5815207747362574
child_adhd_56,1,0.7854461046040562
child_adhd_56,1,0.14555838197325577
child_adhd_56,1,3.800432643016235
child_adhd_56,1,4.3236373381456685
child_adhd_56,1,-3.0824493073922734
child_adhd_56,1,-2.454436622152284
child_adhd_56,1,0.533763893589996
child_adhd_56,1,1.2750074452678823
child_adhd_56,1,-3.479298304853159
child_adhd_56,1,-2.434828062404772
child_adhd_56,1,-0.0041773002032885545
child_adhd_56,1,0.35834238565653354
child_adhd_56,1,-0.735387329700812
child_adhd_56,1,-3.6753509372028517
child_adhd_56,1,-3.8270087929196097
child_adhd_56,1,-5.466883444553667
child_adhd_56,1,0.4544671559333471
child_adhd_57,1,-2.2553752615609475
child_adhd_57,1,-1.3304407394412243
child_adhd_57,1,-3.0010162079431493
child_adhd_57,1,-4.0856151780740415
child_adhd_57,1,-1.3883304170318251
child_adhd_57,1,-2.789824711449701
child_adhd_57,1,-3.0340404343398775
child_adhd_57,1,-3.5283443039133067
child_adhd_57,1,-3.28037920053063
child_adhd_57,1,-3.583439969980738
child_adhd_57,1,-1.6608758023112948
child_adhd_57,1,-1.172246410264025
child_adhd_57,1,-1.3080603807105378
child_adhd_57,1,-1.596823463909787
child_adhd_57,1,-4.624765123466552
child_adhd_57,1,-2.703798950736289
child_adhd_57,1,-1.2126543113450936
child_adhd_57,1,-3.2911555412578184
child_adhd_57,1,-4.013031321275755
child_adhd_57,1,-4.041067407513741
child_adhd_57,1,-5.375578757845303
child_adhd_57,1,-6.355758736030982
child_adhd_57,1,-1.6143677129269192
child_adhd_57,1,-0.9649922500787522
child_adhd_57,1,-2.4815495988366645
child_adhd_57,1,-2.7742230545467987
child_adhd_57,1,-3.086201923964707
child_adhd_57,1,-4.9232551417353445
child_adhd_57,1,-3.2975781022853434
child_adhd_57,1,-1.5528831580641047
child_adhd_57,1,1.2254551463529804
child_adhd_57,1,-2.825534612312158
child_adhd_58,1,-2.279701120862646
child_adhd_58,1,-1.0916906635734656
child_adhd_58,1,0.5521178130685767
child_adhd_58,1,-2.6549293948980233
child_adhd_58,1,-1.355660240323351
child_adhd_58,1,-4.111430957533897
child_adhd_58,1,-3.651730987274967
child_adhd_58,1,-2.9393660640390373
child_adhd_58,1,-0.8024363710390612
child_adhd_58,1,-2.429324201902093
child_adhd_58,1,-1.6910719584197251
child_adhd_58,1,-0.7169246204157169
child_adhd_58,1,0.7105895549408163
child_adhd_58,1,-2.4488484005424858
child_adhd_58,1,-2.6680573138623926
child_adhd_58,1,-4.4812562604369734
child_adhd_58,1,-2.2862424533723975
child_adhd_58,1,-3.239102353855096
child_adhd_58,1,-3.562917614256684
child_adhd_58,1,-4.308327047741587
child_adhd_58,1,-2.8102926557674315
child_adhd_58,1,-1.8280014299121643
child_adhd_58,1,-3.6166884407598627
child_adhd_58,1,-3.7438757368458373
child_adhd_58,1,-3.967521850135705
child_adhd_58,1,-2.514861739892597
child_adhd_58,1,-2.4036964494821755
child_adhd_58,1,-1.6447974790253366
child_adhd_58,1,-1.3574597218433715
child_adhd_58,1,-1.5323961264510173
child_adhd_58,1,-0.1908884215275395
child_adhd_58,1,-0.2401877659118148
child_adhd_58,1,-2.5471027202213246
child_adhd_58,1,-3.5112800548782155
child_adhd_58,1,-0.7714072952338251
child_adhd_58,1,-2.829024360788632
child_adhd_58,1,-0.5741227264263824
child_adhd_58,1,-1.945255516668283
child_adhd_59,1,2.7225026781832917
child_adhd_59,1,4.277952311927496
child_adhd_59,1,3.979953464324344
child_adhd_59,1,2.2846348676152544
child_adhd_59,1,2.9238849905738555
child_adhd_59,1,7.091667566060274
child_adhd_59,1,4.449009749532208
child_adhd_59,1,2.3092373011714886
child_adhd_59,1,3.5563064678082994
child_adhd_59,1,3.736545503646443
child_adhd_59,1,4.396371752559657
child_adhd_59,1,1.577953626119889
child_adhd_59,1,3.3871784904879667
child_adhd_59,1,1.2978413482176643
child_adhd_59,1,3.6073502528943044
child_adhd_59,1,0.9500259044996848
child_adhd_59,1,3.2422367771505516
child_adhd_59,1,3.0740866473050477
child_adhd_59,1,4.435327079689687
child_adhd_59,1,1.0498042502717675
child_adhd_59,1,1.7903789214593437
child_adhd_59,1,-0.6990601664061142
child_adhd_59,1,3.309338735372218
child_adhd_59,1,4.436276873409022
child_adhd_59,1,2.397385500932256
child_adhd_59,1,2.0896902512505786
child_adhd_59,1,2.070717729363928
child_adhd_59,1,1.2060222576752897
child_adhd_59,1,3.2426930090478714
child_adhd_60,1,3.761795813133459
child_adhd_60,1,3.4354259769654907
child_adhd_60,1,2.0967631128484165
child_adhd_60,1,2.2936310015483206
child_adhd_60,1,2.5274866471621693
child_adhd_60,1,2.724228540639871
child_adhd_60,1,3.5052951345724153
child_adhd_60,1,3.600370641348889
child_adhd_60,1,3.0811593475935495
child_adhd_60,1,2.200052730680516
child_adhd_60,1,3.9970213978293594
child_adhd_60,1,7.317959499107095
child_adhd_60,1,6.455708395238102
child_adhd_60,1,2.0162884363251643
child_adhd_60,1,1.8412632125246897
child_adhd_60,1,4.353237013007314
child_adhd_60,1,2.5634428422217392
child_adhd_60,1,3.9095649119377085
child_adhd_60,1,0.8599031242056376
child_adhd_60,1,6.24148924482046
child_adhd_60,1,1.8384923045894686
child_adhd_61,1,-2.5461629194645172
child_adhd_61,1,-1.6108999816004606
child_adhd_61,1,-4.080316823666823
child_adhd_61,1,-0.9275000055902869
child_adhd_61,1,-4.830468925097938
child_adhd_61,1,-6.8958450216491896
child_adhd_61,1,-2.3380318347061704
child_adhd_61,1,-4.580773503893126
child_adhd_61,1,-2.7043532394685887
child_adhd_61,1,-0.6901710247033119
child_adhd_61,1,-0.61944854579654
child_adhd_61,1,-1.2804165625362895
child_adhd_61,1,0.017232856777824372
child_adhd_61,1,-3.3885185872977535
child_adhd_61,1,-2.659083589055261
child_adhd_61,1,-3.322470154239109
child_adhd_61,1,-3.4773863198988075
child_adhd_61,1,-1.9811163867885713
child_adhd_61,1,-0.5652861882683882
child_adhd_61,1,-0.7868651593011429
child_adhd_61,1,-0.2890662607713532
child_adhd_61,1,0.22371728460843587
child_adhd_61,1,-0.17490382881294608
child_adhd_61,1,-1.5126779924162725
child_adhd_61,1,-1.4796381643882184
child_adhd_61,1,0.5920724883728086
child_adhd_61,1,1.5492926863407142
child_adhd_61,1,2.168410448321634
child_adhd_61,1,-1.9441896583858844
child_adhd_61,1,-2.5341069343858584
child_adhd_61,1,2.4896885235488377
child_adhd_61,1,0.2657464734638586
child_adhd_61,1,-1.6404146358040628
child_adhd_61,1,-1.4829143405458869
child_adhd_61,1,1.065780804026543
child_adhd_61,1,-2.3402042875339224
child_adhd_61,1,-2.8459054190904944
child_adhd_61,1,-2.1295791715951
child_control_1,0,-5.45513051155066
child_control_1,0,-5.587295736127406
child_control_1,0,-3.865897977901256
child_control_1,0,-2.5736261428235534
child_control_1,0,-4.815653606628321
child_control_1,0,-6.028385738459141
child_control_1,0,-5.781838740170879
child_control_1,0,-5.718708258713005
child_control_1,0,-4.194846142999268
child_control_1,0,-5.651979243873544
child_control_1,0,-3.001740138432052
child_control_1,0,-2.196096500389874
child_control_1,0,-5.933261335251044
child_control_1,0,-7.523062289113684
child_control_1,0,-7.365500183266578
child_control_1,0,-3.98854021719796
child_control_1,0,-4.167196537101696
child_control_1,0,-5.625532361414687
child_control_1,0,-6.672149441456532
child_control_1,0,-7.507600131380898
child_control_1,0,-6.837943524185182
child_control_1,0,-5.854082330211308
child_control_1,0,-5.36606999502686
child_control_1,0,-4.099591131065166
child_control_1,0,-3.412130544951626
child_control_1,0,-2.091414228200986
child_control_1,0,-4.2276023608851485
child_control_1,0,-2.531450451066512
child_control_1,0,-3.5872489876424685
child_control_1,0,-6.473663546101502
child_control_1,0,-5.287215748484345
child_control_1,0,-4.769056247685472
child_control_1,0,-2.971053460773946
child_control_1,0,-3.4112663805399417
child_control_1,0,-4.273878605932338
child_control_1,0,-4.6401373370451156
child_control_1,0,-5.427311802545781
child_control_2,0,-2.6459745958762384
child_control_2,0,-4.1100594936736465
child_control_2,0,-4.39760057431413
child_control_2,0,-4.5973833783336655
child_control_2,0,-5.9695344011224725
child_control_2,0,-6.836582668257678
child_control_2,0,-7.115160470076316
child_control_2,0,-3.2911476351390117
child_control_2,0,-2.7172078278150846
child_control_2,0,-3.4641511131152973
child_control_2,0,-3.8926764752166876
child_control_2,0,-3.4810047773093244
child_control_2,0,-4.632544194685933
child_control_2,0,-3.1817536679501317
child_control_2,0,-4.160427349619428
child_control_2,0,-3.182385672115801
child_control_2,0,-2.0619173831526676
child_control_2,0,-2.0285212068347094
child_control_2,0,-5.655075159494077
child_control_2,0,-4.223034573797
child_control_2,0,-5.109536406305513
child_control_2,0,-6.3534910734672705
child_control_2,0,-5.538742752464461
child_control_2,0,-4.969565177574961
child_control_2,0,-4.4584959071310655
child_control_2,0,-1.912845522578442
child_control_2,0,-1.8928832414438024
child_control_2,0,-7.095913719578305
child_control_2,0,-3.4423278700637243
child_control_2,0,-3.1944070705159553
child_control_2,0,-6.291871120279127
child_control_2,0,-5.919431126253018
child_control_2,0,-4.498538246111606
child_control_2,0,-4.24399491000057
child_control_2,0,-5.089452669222829
child_control_2,0,-6.468300133698074
child_control_3,0,-2.25585629580971
child_control_3,0,-3.8987220163974263
child_control_3,0,-4.380439712140166
child_control_3,0,-4.195509153313353
child_control_3,0,-0.7941483036074823
child_control_3,0,-0.8517649962325156
child_control_3,0,-2.7022743324248872
child_control_3,0,-1.5270977798571377
child_control_3,0,-1.9684306652979047
child_control_3,0,-3.715404506076974
child_control_3,0,-0.5486866713551983
child_control_3,0,-1.308488664970903
child_control_3,0,-1.444266431272473
child_control_3,0,-1.9227692992324468
child_control_3,0,-2.2087143609619155
child_control_3,0,-1.7118957612783927
child_control_3,0,-2.995777864716262
child_control_3,0,-4.722484594878123
child_control_3,0,-2.1722324879940325
child_control_3,0,-0.6218658678829299
child_control_3,0,-1.4232283571263402
child_control_3,0,-2.4498530406876617
child_control_3,0,-1.1154532509839774
child_control_3,0,-3.058104046007482
child_control_3,0,-3.5375723954945824
child_control_3,0,-2.8429415737750925
child_control_3,0,-2.635020402446609
child_control_3,0,-1.5964092350035675
child_control_3,0,-3.1817719756745464
child_control_3,0,-2.4998557581672647
child_control_4,0,-5.600760486187817
child_control_4,0,-4.446078874575274
child_control_4,0,-3.912851741227579
child_control_4,0,-3.8756520018068996
child_control_4,0,-5.19492529728281
child_control_4,0,-3.3386097090769247
child_control_4,0,-4.121873374314814
child_control_4,0,-5.027367981627848
child_control_4,0,-4.897085749920204
child_control_4,0,-6.620310193714028
child_control_4,0,-6.191322785217366
child_control_4,0,-2.8592994280720085
child_control_4,0,-3.4608513377460732
child_control_4,0,-4.33921689521473
child_control_4,0,-4.53782844877216
child_control_4,0,-4.864367934389276
child_control_4,0,-4.1281649088120504
child_control_4,0,-5.768594786490691
child_control_4,0,-4.9363546817223645
child_control_4,0,-4.287256468698393
child_control_4,0,-3.2455371286372565
child_control_4,0,-4.201485315320899
child_control_4,0,-5.638026357093394
child_control_4,0,-5.36275191583363
child_control_4,0,-4.411799872034725
child_control_4,0,-1.030047063313143
child_control_4,0,-3.0252931841671953
child_control_4,0,-2.696278771185877
child_control_4,0,-2.479733765013958
child_control_4,0,-2.911100474953146
child_control_4,0,-1.4317126615458087
child_control_5,0,-5.229637110968632
child_control_5,0,-4.951403497352019
child_control_5,0,-4.577239533419902
child_control_5,0,-7.213820581497749
child_control_5,0,-6.2633385946029625
child_control_5,0,-3.9260661786424014
child_control_5,0,-4.362124452066212
child_control_5,0,-5.713972291028237
child_control_5,0,-5.651161890893765
child_control_5,0,-4.682916978867985
child_control_5,0,-4.232766537168719
child_control_5,0,-4.204636020008962
child_control_5,0,-5.783385950048935
child_control_5,0,-6.295230020246978
child_control_5,0,-4.882002721958014
child_control_5,0,-4.294548237067722
child_control_5,0,-5.888112056566354
child_control_5,0,-3.6961501790050195
child_control_5,0,-4.165096705581333
child_control_5,0,-5.00413590486606
child_control_5,0,-3.705399549437558
child_control_5,0,-3.9640914947295403
child_control_5,0,-5.163632327698301
child_control_5,0,-4.115202975000492
child_control_5,0,-5.339314113031021
child_control_5,0,-3.888721787254709
child_control_5,0,-4.507604262346447
child_control_5,0,-5.808480980606421
child_control_6,0,-4.833074046992971
child_control_6,0,-2.8451355902617412
child_control_6,0,-3.719774056310806
child_control_6,0,-2.2739122156036125
child_control_6,0,-3.0397503303207905
child_control_6,0,-1.0860622750748556
child_control_6,0,-2.2974327399352075
child_control_6,0,-3.170202410195327
child_control_6,0,-2.9453706633994883
child_control_6,0,-3.2141905646991007
child_control_6,0,-3.260820519730769
child_control_6,0,-3.9175607134523394
child_control_6,0,-3.3616823960248943
child_control_6,0,-2.4150842841411557
child_control_6,0,-1.980463749101171
child_control_6,0,-1.546290239804666
child_control_6,0,-1.2732720364513705
child_control_6,0,-3.3004631308170906
child_control_6,0,-2.8777706814019477
child_control_6,0,-4.8777618427958425
child_control_6,0,-4.281092449778064
child_control_6,0,-3.7986293542178093
child_control_6,0,-3.6691074610706393
child_control_6,0,-6.358460657761999
child_control_6,0,-3.924773114317063
child_control_6,0,-4.1087252604318545
child_control_6,0,-4.2125358991796515
child_control_6,0,-4.073583287922907
child_control_6,0,-3.740115107621116
child_control_6,0,-3.6388938041010603
child_control_7,0,-4.293335406271272
child_control_7,0,-5.70879889210928
child_control_7,0,-5.9232934671104855
child_control_7,0,-5.1111883831122045
child_control_7,0,-5.661287980390224
child_control_7,0,-6.694641127444466
child_control_7,0,-6.2252663335379665
child_control_7,0,-6.51912766654522
child_control_7,0,-5.272690096315797
child_control_7,0,-6.067225632602561
child_control_7,0,-6.416404569614448
child_control_7,0,-6.540622239296831
child_control_7,0,-6.514897477898035
child_control_7,0,-6.651468778100412
child_control_7,0,-6.925555072972585
child_control_7,0,-7.711329289455394
child_control_7,0,-4.126115678136521
child_control_7,0,-5.3121472840023705
child_control_7,0,-5.102254215977146
child_control_7,0,-4.761074389174098
child_control_7,0,-6.390529376826309
child_control_7,0,-6.438191087222075
child_control_7,0,-6.592415119579521
child_control_7,0,-7.773222315535139
child_control_7,0,-4.155489796449646
child_control_7,0,-4.853527576645081
child_control_7,0,-5.480573265059947
child_control_7,0,-5.379424727652714
child_control_7,0,-5.969611332156617
child_control_8,0,-2.370307104190727
child_control_8,0,-2.3699669623612496
child_control_8,0,-3.8898390038015243
child_control_8,0,-4.672456751241099
child_control_8,0,-4.828576974857946
child_control_8,0,-3.3579935377092647
child_control_8,0,-4.919788437379972
child_control_8,0,-5.208284542216739
child_control_8,0,-4.738379303611105
child_control_8,0,-2.355615453824195
child_control_8,0,-4.504121369714577
child_control_8,0,-4.057677337525115
child_control_8,0,-4.430480785839811
child_control_8,0,-3.6334165014076962
child_control_8,0,-1.1573302536971888
child_control_8,0,-0.5182667244092365
child_control_8,0,-2.4097071746734797
child_control_8,0,-2.4646926083797775
child_control_8,0,-1.7104087222505424
child_control_8,0,-1.970290567679504
child_control_8,0,-2.8401763181808066
child_control_8,0,-4.049678096530699
child_control_8,0,-2.873477448803997
child_control_8,0,-1.7781692577834873
child_control_9,0,-2.6088208637773787
child_control_9,0,-3.854311275081217
child_control_9,0,-4.001056469850906
child_control_9,0,-3.9670675589464843
child_control_9,0,-4.852961476367699
child_control_9,0,-5.447788786843414
child_control_9,0,-3.93465360285743
child_control_9,0,-3.4038076980988143
child_control_9,0,-3.5553913333897573
child_control_9,0,-3.231650453390445
child_control_9,0,-3.3593724757584416
child_control_9,0,-1.860300313625116
child_control_9,0,-2.3075001261628354
child_control_9,0,-4.782573839394387
child_control_9,0,-4.505973005547973
child_control_9,0,-4.185020011180538
child_control_9,0,-5.4753125705187
child_control_9,0,-4.682380002333471
child_control_9,0,-4.252704463892598
child_control_9,0,-3.553534696582159
child_control_9,0,-3.3140012589505745
child_control_9,0,-4.3416579637084345
child_control_9,0,-2.1775490996257303
child_control_9,0,-4.473479669178108
child_control_9,0,-5.07950513383767
child_control_9,0,-4.352504803493605
child_control_9,0,-5.1496985476853325
child_control_9,0,-2.415627006428402
child_control_9,0,-2.5964067231907095
child_control_10,0,-4.157586428643396
child_control_10,0,-3.9985906815080674
child_control_10,0,-3.5092276350615283
child_control_10,0,-3.976992407767536
child_control_10,0,-3.5101653667545407
child_control_10,0,-3.599315481072044
child_control_10,0,-4.544431404899005
child_control_10,0,-4.483756007699771
child_control_10,0,-4.201423952922287
child_control_10,0,-3.8148379790381033
child_control_10,0,-4.305647028733485
child_control_10,0,-3.0820051183688126
child_control_10,0,-4.457622235877416
child_control_10,0,-4.196578023664569
child_control_10,0,-2.7332714394539113
child_control_10,0,-6.120922342454131
child_control_10,0,-4.555219804484946
child_control_10,0,-5.037298383082109
child_control_10,0,-4.300604654260017
child_control_10,0,-3.7099279412205672
child_control_10,0,-3.0355849826731056
child_control_10,0,-4.226825016161441
child_control_10,0,-5.026006193093772
child_control_10,0,-4.347828114340154
child_control_10,0,-2.8704900309285004
child_control_10,0,-0.9957661030698264
child_control_10,0,-4.324526943224925
child_control_10,0,-7.842432780046242
child_control_10,0,-4.025926930835107
child_control_10,0,-3.794201287939297
child_control_10,0,-4.076500437977525
child_control_10,0,-4.466520488233033
child_control_10,0,-2.4109616270637964
child_control_10,0,-3.0694144308527362
child_control_10,0,-5.291070641025801
child_control_10,0,-4.2917911271536635
child_control_11,0,-2.7810025069607653
child_control_11,0,1.5893331557953878
child_control_11,0,1.062261992485811
child_control_11,0,2.3439397559748767
child_control_11,0,2.5508095613771054
child_control_11,0,3.8279877585489417
child_control_11,0,1.2615606625392954
child_control_11,0,2.0117626964654636
child_control_11,0,1.2170397849561343
child_control_11,0,0.11410671076338796
child_control_11,0,3.296074144587244
child_control_11,0,1.3703368878954334
child_control_11,0,3.4643150813521353
child_control_11,0,1.0080867044885282
child_control_11,0,1.715834465328548
child_control_11,0,1.400507113696105
child_control_11,0,2.9590727411922813
child_control_11,0,4.128880155287374
child_control_11,0,0.7059022495134009
child_control_11,0,0.8014760380268251
child_control_11,0,0.20186671368057474
child_control_11,0,0.8765148179115465
child_control_11,0,2.7416103623702717
child_control_12,0,4.746111675814754
child_control_12,0,0.6508181233479327
child_control_12,0,-1.8881496657521677
child_control_12,0,1.1583497673276202
child_control_12,0,-1.8231588000517818
child_control_12,0,-1.4811064610261255
child_control_12,0,5.00620003274797
child_control_12,0,4.56321699694841
child_control_12,0,1.8801435590387656
child_control_12,0,0.19055021734694733
child_control_12,0,0.37647979747006466
child_control_12,0,1.233280607994488
child_control_12,0,1.1830372924148758
child_control_12,0,-1.4121543010381423
child_control_12,0,0.950551656410126
child_control_12,0,1.0134318751561426
child_control_12,0,-2.862787094122694
child_control_12,0,-1.4501202218809193
child_control_12,0,-1.3284672509364672
child_control_12,0,-0.7726126744485085
child_control_12,0,-2.7520509840370964
child_control_12,0,-1.8980229317150796
child_control_12,0,-2.684365467077534
child_control_12,0,-2.6620124360216333
child_control_12,0,0.6677509341219021
child_control_12,0,2.6393015680769305
child_control_12,0,0.7639411672252769
child_control_12,0,-0.7576459763077532
child_control_12,0,0.40560713839242424
child_control_12,0,0.07218383427187436
child_control_12,0,-2.698918240988774
child_control_13,0,-2.698547592738976
child_control_13,0,0.23775231903014116
child_control_13,0,1.4602240872454988
child_control_13,0,-0.33718856152916943
child_control_13,0,0.37277249215560615
child_control_13,0,1.3534738446553642
child_control_13,0,2.4728001325986884
child_control_13,0,-1.257677962621176
child_control_13,0,-0.2066624928680565
child_control_13,0,0.5113071436562968
child_control_13,0,0.7323135771452287
child_control_13,0,1.1845581560990393
child_control_13,0,-0.9822264616585994
child_control_13,0,0.7280134200228463
child_control_13,0,-1.1702267695659538
child_control_13,0,-1.8885921558779108
child_control_13,0,-2.979994966514798
child_control_13,0,0.7469332912822562
child_control_13,0,-1.4544258372723766
child_control_13,0,-3.727114471497847
child_control_13,0,-3.590713747589756
child_control_13,0,-0.33986490707311856
child_control_13,0,-1.3488276374970927
child_control_14,0,-0.9106787253490076
child_control_14,0,-4.530847154784506
child_control_14,0,-2.988951451050243
child_control_14,0,0.6292675070584612
child_control_14,0,-1.508086720151825
child_control_14,0,-3.0875972456009833
child_control_14,0,1.7937883172588422
child_control_14,0,1.0843774164029918
child_control_14,0,-1.202818982141417
child_control_14,0,1.2625001496942196
child_control_14,0,1.2425213695452697
child_control_14,0,-1.4396019619115414
child_control_14,0,-0.47662034200705095
child_control_14,0,-0.8886772220077861
child_control_14,0,-4.087282624170386
child_control_14,0,-4.7346123085995675
child_control_14,0,-2.10929730119113
child_control_14,0,-1.9589830588603843
child_control_14,0,-4.267575769496292
child_control_14,0,-2.687096567305901
child_control_14,0,-2.6173041422764363
child_control_15,0,-3.492472316998443
child_control_15,0,-3.0941764831772742
child_control_15,0,-1.6818265378182897
child_control_15,0,-2.2591131593137233
child_control_15,0,-1.0441430539849288
child_control_15,0,0.4039461083246223
child_control_15,0,-0.014613699641934604
child_control_15,0,-1.8177570084752952
child_control_15,0,-2.0067364289154326
child_control_15,0,0.32324989978066676
child_control_15,0,-1.140055843764354
child_control_15,0,-0.8903347991824602
child_control_15,0,-2.4798222013355256
child_control_15,0,-1.6719992565464386
child_control_15,0,-2.8815769737816734
child_control_15,0,-2.0305036365687164
child_control_15,0,-1.765805145223638
child_control_15,0,-0.0042071625158561846
child_control_15,0,0.6418676004263657
child_control_15,0,-2.613381676729633
child_control_16,0,1.2960918396845578
child_control_16,0,2.840826083692105
child_control_16,0,2.9190804347692993
child_control_16,0,3.5644247799343103
child_control_16,0,1.8540234402171138
child_control_16,0,3.385148271777934
child_control_16,0,4.609079222319941
child_control_16,0,2.192301663469601
child_control_16,0,3.0191034727702957
child_control_16,0,3.0875008288461276
child_control_16,0,2.8625991298847855
child_control_16,0,3.2384943343036725
child_control_16,0,3.0737557248700687
child_control_16,0,1.0609749971959974
child_control_16,0,1.3508531544366942
child_control_16,0,2.56019902831544
child_control_16,0,1.1450063564977035
child_control_16,0,1.9870095354792274
child_control_17,0,0.2635602724943664
child_control_17,0,1.2272330856079676
child_control_17,0,0.4222006356045227
child_control_17,0,-2.2378252135478696
child_control_17,0,-2.5235185148005814
child_control_17,0,-0.31624231827203375
child_control_17,0,-1.7611920372273622
child_control_17,0,-1.3992257920381699
child_control_17,0,-2.285835226331273
child_control_17,0,0.3801980794364137
child_control_17,0,0.6738749635608146
child_control_17,0,-0.4933407957527749
child_control_17,0,-2.4195499883586886
child_control_17,0,-1.7126458857238938
child_control_17,0,-0.09259308575908887
child_control_17,0,-1.6636504046257186
child_control_17,0,-0.19242244625631177
child_control_17,0,-0.27771315365347715
child_control_17,0,-0.44171410291952307
child_control_17,0,-2.12624599435626
child_control_18,0,-0.7141104274381755
child_control_18,0,-0.5478718378372147
child_control_18,0,-0.28538972984731203
child_control_18,0,-0.6842130216884572
child_control_18,0,-0.5068206359737693
child_control_18,0,-0.14783184922368986
child_control_18,0,0.9469790871472774
child_control_18,0,2.5010635555602154
child_control_18,0,0.11339232880230177
child_control_18,0,0.9818065098110045
child_control_18,0,-1.2405828799490612
child_control_18,0,-2.1114745058257403
child_control_18,0,-0.8732062990128562
child_control_18,0,-2.1630375866781377
child_control_18,0,-0.5554748681026498
child_control_18,0,-0.033232684780159845
child_control_18,0,-0.5629613570762813
child_control_18,0,-1.294011787684367
child_control_18,0,-1.5094017220991953
child_control_19,0,-0.7405691578335987
child_control_19,0,-0.6855965459182756
child_control_19,0,1.2311552337230445
child_control_19,0,0.030314353115491903
child_control_19,0,0.37563008521501007
child_control_19,0,-1.230747125534893
child_control_19,0,-3.173360736813296
child_control_19,0,1.4191165656947609
child_control_19,0,0.9156419433614305
child_control_19,0,-3.2438199698520775
child_control_19,0,-1.4612575986242524
child_control_19,0,-1.916898870308412
child_control_19,0,0.5759095790300746
child_control_19,0,-0.7889679302681618
child_control_19,0,-1.5647456021541661
child_control_19,0,-1.9030181679223406
child_control_19,0,-0.668622242978498
child_control_19,0,-0.22960381204116964
child_control_19,0,-1.9323999680601178
child_control_19,0,-2.3031492286010526
child_control_19,0,-1.2805588091766975
child_control_19,0,-3.26200158861499
child_control_19,0,-0.6732746493776018
child_control_19,0,-2.000911476945236
child_control_19,0,-1.5539126493441142
child_control_19,0,-0.5118303713910504
child_control_19,0,-0.6378093464600438
child_control_19,0,-1.9199689730134397
child_control_19,0,-0.08424152683745345
child_control_19,0,0.5333146391406911
child_control_19,0,-2.3852945250903255
child_control_20,0,-5.171930617617126
child_control_20,0,-3.5904443484127277
child_control_20,0,0.357247863055578
child_control_20,0,-0.7322810504741188
child_control_20,0,-0.7439249836510478
child_control_20,0,-1.11759392252021
child_control_20,0,-1.362962491451562
child_control_20,0,-1.897025078391063
child_control_20,0,0.8638753328244755
child_control_20,0,-0.19475899974876953
child_control_20,0,-0.8214042188851549
child_control_20,0,-0.434181889599228
child_control_20,0,-0.40378175830333185
child_control_20,0,-0.3787847421373274
child_control_20,0,0.8844126517729707
child_control_20,0,-3.354813725201286
child_control_20,0,-1.2863255725218015
child_control_20,0,-0.886305786207416
child_control_20,0,-0.2278947406696139
child_control_20,0,-2.9094978522314183
child_control_20,0,-0.0017279429924281844
child_control_20,0,-0.25716576779366496
child_control_20,0,-2.4770742728116626
child_control_20,0,-0.5683630124137482
child_control_20,0,0.15258781796090104
child_control_20,0,-3.916026567077316
child_control_20,0,-0.024568272044586566
child_control_20,0,-0.7159912832465223
child_control_20,0,-1.4686996414064881
child_control_20,0,0.5411287247938998
child_control_21,0,-0.11183812275573524
child_control_21,0,-1.4460658874706598
child_control_21,0,-3.272505789642197
child_control_21,0,-0.5622782194768947
child_control_21,0,-0.6854494398467337
child_control_21,0,-0.5971242178953322
child_control_21,0,-1.107914603865151
child_control_21,0,-0.26801034410785474
child_control_21,0,1.9203522525571086
child_control_21,0,0.39137165051785217
child_control_21,0,1.1823733445909885
child_control_21,0,-0.03975789813909648
child_control_21,0,-1.061317556120826
child_control_21,0,1.9260879202663783
child_control_22,0,3.3708085983653597
child_control_22,0,3.6161792837583158
child_control_22,0,2.533291798299999
child_control_22,0,3.3276489861233443
child_control_22,0,2.3328638497731364
child_control_22,0,2.208298699607529
child_control_22,0,2.868575727450031
child_control_22,0,1.4604762002026888
child_control_22,0,2.2496847053474736
child_control_22,0,2.2411725609782747
child_control_22,0,0.6343363575360355
child_control_22,0,0.6909859631030286
child_control_22,0,3.8051277555805965
child_control_22,0,3.3255837687424017
child_control_22,0,2.224792411431435
child_control_22,0,2.6623429642517613
child_control_22,0,4.3566145424944605
child_control_22,0,3.3709756375922573
child_control_22,0,1.4775417297340556
child_control_22,0,2.071925599984524
child_control_22,0,4.361358018401729
child_control_22,0,2.674923461845282
child_control_22,0,3.179305955165136
child_control_22,0,5.625642641381247
child_control_22,0,3.31271583986859
child_control_22,0,4.075100719958056
child_control_23,0,-2.3655921755170426
child_control_23,0,-0.7175967181140106
child_control_23,0,-0.6240532370315226
child_control_23,0,-0.41319728424108537
child_control_23,0,-2.50609157322075
child_control_23,0,-0.6691350712491808
child_control_23,0,-1.2336754253460687
child_control_23,0,-2.991442156217142
child_control_23,0,-3.6726028904309858
child_control_23,0,-2.516467619642937
child_control_23,0,-3.091000827642952
child_control_23,0,-3.5156297438005537
child_control_23,0,-2.625063770031273
child_control_23,0,-3.9870496363775882
child_control_23,0,-3.9886886332631373
child_control_23,0,-3.1767207045987322
child_control_23,0,-2.709391926044432
child_control_23,0,-2.7346013106410996
child_control_23,0,-2.2753183689814427
child_control_23,0,-0.2833153357021063
child_control_23,0,-2.4193435532779852
child_control_23,0,-2.152606197790949
child_control_23,0,-2.6905783893650663
child_control_23,0,-2.482970253191152
child_control_23,0,-1.3256745321160717
child_control_23,0,-2.228456138573152
child_control_23,0,-3.379060965975063
child_control_23,0,-3.702932888005716
child_control_23,0,-3.5501980600823955
child_control_23,0,-2.058274878714219
child_control_23,0,-3.1028586140735572
child_control_23,0,-1.0942982591607893
child_control_23,0,-0.10945077940076708
child_control_23,0,-0.8717152384317244
child_control_23,0,-1.802527253499495
child_control_23,0,-2.5962865201100658
child_control_24,0,0.8019197851649016
child_control_24,0,2.1052986807278864
child_control_24,0,1.6953628552880973
child_control_24,0,3.2178522146159767
child_control_24,0,4.253071731103037
child_control_24,0,2.513267297352162
child_control_24,0,3.729220109388559
child_control_24,0,4.787223942645607
child_control_24,0,3.488751178116009
child_control_24,0,1.427495646086286
child_control_24,0,1.3542367361158536
child_control_24,0,3.101537312762751
child_control_24,0,1.8209950271804372
child_control_24,0,1.6748965757773513
child_control_24,0,3.4180827048575018
child_control_24,0,3.9335189561818233
child_control_24,0,2.9891946818266075
child_control_24,0,3.6224952403991755
child_control_24,0,3.3874027938321336
child_control_24,0,0.6812079083955396
child_control_24,0,0.8612189167647262
child_control_24,0,2.0994465858001976
child_control_24,0,2.6987278249318183
child_control_24,0,1.9044368929266502
child_control_24,0,1.7857360061873189
child_control_24,0,1.4089745904352646
child_control_24,0,1.9897769871086035
child_control_24,0,2.751608917052937
child_control_24,0,1.9793196519827514
child_control_24,0,1.57578417728737
child_control_24,0,0.8248375440374385
child_control_24,0,1.2747488753280958
child_control_24,0,1.6268353598117942
child_control_24,0,3.341857029583076
child_control_24,0,4.558640618847286
child_control_24,0,2.7971463189722745
child_control_25,0,-0.778548293731981
child_control_25,0,-0.4028289214761147
child_control_25,0,2.554134649451862
child_control_25,0,3.222391648575647
child_control_25,0,-0.6163363813306246
child_control_25,0,-0.6472975449757252
child_control_25,0,-1.0042133633052377
child_control_25,0,-0.556128220431461
child_control_25,0,4.236054669780726
child_control_25,0,0.17182559946221043
child_control_25,0,0.27413355095920156
child_control_25,0,1.5349265482508503
child_control_25,0,2.2621159980567964
child_control_25,0,0.9486153994321593
child_control_25,0,3.1507312661247844
child_control_25,0,3.796439051702906
child_control_25,0,2.8438287335297487
child_control_25,0,1.7846653490529059
child_control_25,0,1.1943681070564487
child_control_25,0,0.8720738690364562
child_control_25,0,2.458738706041544
child_control_25,0,0.6578007225376046
child_control_25,0,0.4111394095051428
child_control_25,0,3.426941813834883
child_control_25,0,1.5450375066246227
child_control_25,0,1.8278807354981923
child_control_26,0,3.8379037541562124
child_control_26,0,2.373260600852652
child_control_26,0,3.452054633336799
child_control_26,0,3.33872911464185
child_control_26,0,2.176409555034548
child_control_26,0,0.5270869254686665
child_control_26,0,-0.7453855449899802
child_control_26,0,0.9806396074053729
child_control_26,0,4.186042809183895
child_control_26,0,1.9357338058543438
child_control_26,0,1.238370355351664
child_control_26,0,3.3051407037220044
child_control_26,0,2.8300673523110413
child_control_26,0,2.162798228645378
child_control_26,0,1.7990085484988982
child_control_26,0,4.829281771468893
child_control_26,0,6.251886994214116
child_control_26,0,0.845067366371336
child_control_26,0,1.211659443330089
child_control_26,0,2.932254994110204
child_control_26,0,3.771952940620548
child_control_26,0,1.8700851770574551
child_control_26,0,2.160417590764553
child_control_26,0,2.4665792762717094
child_control_26,0,1.6084313791170695
child_control_26,0,-0.6843025028078416
child_control_27,0,-0.27762529162407446
child_control_27,0,-3.859868231320021
child_control_27,0,-2.3899526525446846
child_control_27,0,-2.7746092267450555
child_control_27,0,-3.184670618490546
child_control_27,0,-2.99345450643777
child_control_27,0,-2.779631437534175
child_control_27,0,-1.8909990967896773
child_control_27,0,-3.775376044648504
child_control_27,0,-2.6270389680056145
child_control_27,0,-2.9730893996266254
child_control_27,0,-2.167318330476074
child_control_27,0,-1.1837949608000364
child_control_27,0,-2.9299906108482108
child_control_27,0,0.7578212742552297
child_control_27,0,-1.281498813331105
child_control_27,0,-3.747358736682839
child_control_27,0,-5.242294188663513
child_control_27,0,-2.675925244649324
child_control_27,0,-1.98644787395269
child_control_27,0,-4.24370298089652
child_control_27,0,-0.7677641684243739
child_control_27,0,-1.1829355492318137
child_control_27,0,-1.767025876081267
child_control_27,0,-1.9104486065385393
child_control_27,0,-0.7145305012041672
child_control_27,0,-2.2571040963904756
child_control_28,0,-0.6052145777403404
child_control_28,0,-0.7537626248316756
child_control_28,0,-2.9535828067690644
child_control_28,0,-0.19652928849372686
child_control_28,0,0.10315380276771324
child_control_28,0,-1.5312763769329802
child_control_28,0,-2.0457445797867186
child_control_28,0,-3.604648128944715
child_control_28,0,-2.9920340654067714
child_control_28,0,-3.629872689059026
child_control_28,0,-4.817083617504075
child_control_28,0,-4.898355836256008
child_control_28,0,-5.286448784949294
child_control_28,0,-1.1978308462209226
child_control_28,0,-0.27863260762232334
child_control_28,0,-2.1848036007928138
child_control_28,0,-3.463727966265943
child_control_28,0,-2.712301178591996
child_control_28,0,-2.298534411061716
child_control_28,0,-4.48303454560663
child_control_28,0,-4.711396680702898
child_control_28,0,-3.8143954923719625
child_control_28,0,-1.6679302607430098
child_control_28,0,0.33666404300676134
child_control_28,0,-2.5791920350734165
child_control_28,0,-3.9581880682352923
child_control_29,0,2.3069434230135664
child_control_29,0,-0.43630125718106894
child_control_29,0,-2.459102135376917
child_control_29,0,-0.5019966973118779
child_control_29,0,-0.5163290308268895
child_control_29,0,-0.3972899389428337
child_control_29,0,-0.1396083345888368
child_control_29,0,-1.3681072851301386
child_control_29,0,-2.3190188565807586
child_control_29,0,-1.538102541000436
child_control_29,0,-2.094040712783784
child_control_29,0,-2.926016328542661
child_control_29,0,0.8582193827291114
child_control_29,0,0.6533601856330884
child_control_29,0,2.1825266745667373
child_control_29,0,1.2114423579673443
child_control_29,0,0.029382001320723765
child_control_29,0,1.629631579337724
child_control_29,0,3.2406307467003415
child_control_29,0,-1.5510583743246131
child_control_29,0,-0.812645174846309
child_control_29,0,-0.060772300760716165
child_control_29,0,0.9818543140501566
child_control_29,0,0.24045699079369665
child_control_29,0,0.01746797331555227
child_control_29,0,0.289598917935592
child_control_29,0,-1.1486744565379274
child_control_29,0,-1.1289081591440697
child_control_29,0,0.5083446134792087
child_control_29,0,0.0408804898518269
child_control_29,0,-1.137459786085641
child_control_30,0,-1.8345769043949185
child_control_30,0,-2.337184438330939
child_control_30,0,-3.9479473800085185
child_control_30,0,-4.692978361903183
child_control_30,0,-3.444799808782721
child_control_30,0,-3.645297314330921
child_control_30,0,-4.5733030913769515
child_control_30,0,-5.650680840475188
child_control_30,0,-5.317278915651814
child_control_30,0,-3.2937635892503336
child_control_30,0,-5.428101083978494
child_control_30,0,-5.557572293835741
child_control_30,0,-6.506245288176316
child_control_30,0,-7.104641965568999
child_control_30,0,-6.074842259481037
child_control_30,0,-4.5224607252224995
child_control_30,0,-4.2623501815043
child_control_30,0,-4.369973319845374
child_control_30,0,-5.71679130406481
child_control_30,0,-6.071654365363577
child_control_30,0,-5.150037935324825
child_control_30,0,-9.631530977179388
child_control_30,0,-7.9521432322319106
child_control_30,0,-5.247062338993764
child_control_31,0,-3.5510035215132176
child_control_31,0,0.05145947344510903
child_control_31,0,-2.586086072462384
child_control_31,0,-3.455967978173429
child_control_31,0,-2.748906263360061
child_control_31,0,-1.8326347818892004
child_control_31,0,-2.361124240748159
child_control_31,0,-2.9203568641498463
child_control_31,0,-4.026951616742562
child_control_31,0,-4.088361232343917
child_control_31,0,-4.560614748064148
child_control_31,0,-4.499164226036319
child_control_31,0,-4.80020079984761
child_control_31,0,-4.615824722930068
child_control_31,0,-4.061159523158822
child_control_31,0,-1.9269288604928223
child_control_31,0,-2.460695552813012
child_control_31,0,-4.513711567577554
child_control_31,0,-0.347314049854883
child_control_31,0,-3.277836104872596
child_control_31,0,-4.796592269664546
child_control_31,0,-2.1584695478122042
child_control_31,0,-2.3952279913201386
child_control_31,0,-2.067998711213321
child_control_31,0,-3.0054756663353897
child_control_31,0,-1.4627262715304126
child_control_31,0,-1.0580248750242316
child_control_31,0,-2.872210035914486
child_control_31,0,-2.8714943060213556
child_control_31,0,-2.1955792213439707
child_control_31,0,-0.546375614842755
child_control_31,0,0.650608846346495
child_control_31,0,-2.356334696428307
child_control_31,0,-2.9317512278734825
child_control_31,0,-1.8712235315618806
child_control_31,0,-3.729568005366374
child_control_31,0,-3.18494549442527
child_control_31,0,-1.9158354153708654
child_control_31,0,-1.8230108076258074
child_control_31,0,-2.1527901950654047
child_control_31,0,-3.120225630782724
child_control_31,0,-1.4349351293012325
child_control_31,0,-3.249933883225395
child_control_31,0,-2.117468415868442
child_control_31,0,-2.197264609025757
child_control_31,0,-2.9245310551142487
child_control_31,0,-5.071250255242252
child_control_31,0,-3.127225760674111
child_control_31,0,-1.8391676184345223
child_control_32,0,-3.8033907228422152
child_control_32,0,-4.350883834604631
child_control_32,0,-2.79589075830772
child_control_32,0,-2.779032255719056
child_control_32,0,-3.1225924245726344
child_control_32,0,-2.4623814334441465
child_control_32,0,-1.5077873683284138
child_control_32,0,-1.3570974232728237
child_control_32,0,-3.6979969966822215
child_control_32,0,-4.376815526894494
child_control_32,0,-4.011755286921171
child_control_32,0,-4.625486859468082
child_control_32,0,-3.787160131353678
child_control_32,0,-3.3413657492956754
child_control_32,0,-5.893023632571151
child_control_32,0,-3.9607091434908397
child_control_32,0,-1.6190328461751433
child_control_32,0,-1.0602750612709813
child_control_32,0,-0.6485535813913323
child_control_32,0,-1.4485472733908396
child_control_32,0,-3.8949763875624996
child_control_32,0,-5.862011225467986
child_control_33,0,-3.4044812759307947
child_control_33,0,-5.088323649023433
child_control_33,0,-3.730059204375291
child_control_33,0,-3.65963788714332
child_control_33,0,-2.6329992980348895
child_control_33,0,-5.458847128229729
child_control_33,0,-4.900121804740986
child_control_33,0,-3.7312191332849465
child_control_33,0,-4.440942267933591
child_control_33,0,-4.569157660595358
child_control_33,0,-5.0634910287327335
child_control_33,0,-3.7229651407988276
child_control_33,0,-3.834015972019356
child_control_33,0,-5.263072737808782
child_control_33,0,-3.3873969291321973
child_control_33,0,-2.928400588852726
child_control_33,0,-0.8093254571597159
child_control_33,0,-2.9367636949563107
child_control_33,0,-5.200647858927211
child_control_33,0,-4.077476833578982
child_control_33,0,-5.511010166297899
child_control_33,0,-3.380917939032846
child_control_34,0,-2.9288012915766912
child_control_34,0,-6.557663532930477
child_control_34,0,-5.732787903978875
child_control_34,0,-5.325220078632232
child_control_34,0,-3.0589563230844523
child_control_34,0,-4.69524645039332
child_control_34,0,-1.5448628574830015
child_control_34,0,-3.619836204524893
child_control_34,0,-4.142580189955759
child_control_34,0,-5.756438877235298
child_control_34,0,-5.323314753703528
child_control_34,0,-5.615469251990654
child_control_34,0,-5.824699145657654
child_control_34,0,-4.034699288828573
child_control_34,0,-6.667420868103943
child_control_34,0,-8.072269625023281
child_control_34,0,-4.69593116955668
child_control_34,0,-4.0570283584547475
child_control_34,0,-5.378528290890591
child_control_34,0,-7.367508554963812
child_control_34,0,-7.010570730890864
child_control_34,0,-4.099192647833084
child_control_34,0,-5.570295282539169
child_control_34,0,-6.47316892803187
child_control_34,0,-4.336295018114872
child_control_34,0,-4.5763921491946435
child_control_34,0,-5.932336574951106
child_control_34,0,-4.545216823596924
child_control_34,0,-2.681640592614149
child_control_34,0,-3.3431511342119857
child_control_35,0,-0.3297242886191658
child_control_35,0,1.0360879142365398
child_control_35,0,-0.4963779034304745
child_control_35,0,-1.5296127378499824
child_control_35,0,0.4059306500987929
child_control_35,0,1.1217273523316613
child_control_35,0,1.6521010878874118
child_control_35,0,-1.951718647734188
child_control_35,0,-2.6871953874932735
child_control_35,0,-1.253472214170028
child_control_35,0,1.4464397271291218
child_control_35,0,2.1321026666307206
child_control_35,0,0.04954268047591159
child_control_35,0,1.8240419827504766
child_control_35,0,-1.1951420831581505
child_control_35,0,0.7587621678408405
child_control_35,0,0.3033344190770595
child_control_35,0,1.1779592082837753
child_control_35,0,4.121183013709689
child_control_35,0,2.7868865942636867
child_control_35,0,-1.5177420776903088
child_control_35,0,-0.6355242727388888
child_control_35,0,-2.874131736247302
child_control_35,0,-2.500868536744701
child_control_35,0,-3.3606338884950113
child_control_35,0,-2.978220354438647
child_control_35,0,0.21125819267258694
child_control_36,0,-3.2701588982186807
child_control_36,0,-6.341371991662843
child_control_36,0,-2.9447573374062013
child_control_36,0,-2.131813441057313
child_control_36,0,-2.2068386005615532
child_control_36,0,-2.308564953376037
child_control_36,0,-2.923156024827044
child_control_36,0,-0.9681748035626614
child_control_36,0,-2.2282127277394417
child_control_36,0,0.49077440716697285
child_control_36,0,0.794179545629272
child_control_36,0,-1.2111424202999415
child_control_36,0,-0.034532694091733214
child_control_36,0,-2.8507621295609815
child_control_36,0,-0.8216867230488545
child_control_36,0,-1.4979601028608391
child_control_36,0,-0.8573223983405411
child_control_36,0,-2.3843950527145377
child_control_36,0,-3.7666534753461556
child_control_36,0,-2.5318143226627607
child_control_36,0,-1.513605160134076
child_control_36,0,-2.295919737271607
child_control_36,0,-1.568522729882692
child_control_36,0,-1.2807628646875522
child_control_36,0,-1.3105273477265078
child_control_36,0,-2.906593462494604
child_control_36,0,-1.8799583254646273
child_control_36,0,-5.54705945775395
child_control_36,0,-1.5525515360252158
child_control_37,0,-6.262914126078963
child_control_37,0,-4.866985074811477
child_control_37,0,-4.466744662960767
child_control_37,0,-4.82264474864325
child_control_37,0,-4.302053297366672
child_control_37,0,-4.517500621731985
child_control_37,0,-5.179512856505181
child_control_37,0,-5.595020834416501
child_control_37,0,-4.597177286565014
child_control_37,0,-4.222996879946209
child_control_37,0,-4.50227365387407
child_control_37,0,-5.493446261461047
child_control_37,0,-5.132981879214701
child_control_37,0,-5.194775186628408
child_control_37,0,-5.932949246379759
child_control_37,0,-5.438344797966403
child_control_37,0,-3.846540366468185
child_control_37,0,-3.1414350128554447
child_control_37,0,-4.697341907165521
child_control_37,0,-4.763618992808271
child_control_37,0,-5.04246717476791
child_control_37,0,-4.447219704107054
child_control_37,0,-6.144885259310356
child_control_37,0,-4.8611185831918995
child_control_37,0,-5.910710836878826
child_control_37,0,-4.552245326526208
child_control_37,0,-4.138463993978775
child_control_38,0,-3.509749830056523
child_control_38,0,-2.5650333181217326
child_control_38,0,-1.9534663653667665
child_control_38,0,-4.340025568658398
child_control_38,0,-0.8637028372855584
child_control_38,0,-3.462471817165251
child_control_38,0,-2.975880224764737
child_control_38,0,-2.61353632491222
child_control_38,0,-0.9171056191639002
child_control_38,0,-2.7553946105210394
child_control_38,0,-1.2405418816870977
child_control_38,0,-1.6933797894066862
child_control_38,0,-3.1995047901689166
child_control_38,0,-2.117838402739127
child_control_38,0,1.3174450321221267
child_control_38,0,0.23538967031835312
child_control_38,0,-0.7739163201270511
child_control_38,0,-0.5519362311549882
child_control_38,0,-3.6853098081860582
child_control_38,0,-1.7262525338536971
child_control_39,0,-2.845246468154021
child_control_39,0,-4.34476532698977
child_control_39,0,-2.5429415183344806
child_control_39,0,-2.1017232260339127
child_control_39,0,-3.0153446485100206
child_control_39,0,-2.7404031457187368
child_control_39,0,-2.705346589884418
child_control_39,0,-2.039833794183376
child_control_39,0,-2.3972706289276773
child_control_39,0,-3.9719032623308066
child_control_39,0,-2.5101004748846334
child_control_39,0,-3.0329074690136877
child_control_39,0,-3.306825044899853
child_control_39,0,-2.8251125386813327
child_control_39,0,-1.2955509215361605
child_control_39,0,-1.8160292916084828
child_control_39,0,-1.9564520268674122
child_control_39,0,-2.0653356169163355
child_control_39,0,-2.267582056035056
child_control_39,0,-2.877645878081702
child_control_39,0,-2.265774918095346
child_control_39,0,-1.7309378927701282
child_control_39,0,-3.4584896963754406
child_control_39,0,-3.8580647963171733
child_control_39,0,-3.765101777575095
child_control_39,0,-0.9000857231465382
child_control_39,0,-2.0176676667068505
child_control_39,0,-4.652885249213345
child_control_39,0,-0.9727286052239903
child_control_39,0,-1.3529516486047568
child_control_39,0,0.8550063842188071
child_control_40,0,-4.005638986426112
child_control_40,0,-5.144167843246413
child_control_40,0,-4.7386413976047645
child_control_40,0,-3.048901626555414
child_control_40,0,-3.740118943746705
child_control_40,0,-3.7600663093855666
child_control_40,0,-4.002709814284921
child_control_40,0,-3.8690053488120832
child_control_40,0,-4.365239976290332
child_control_40,0,-3.5188331212519173
child_control_40,0,-4.101869612487693
child_control_40,0,-5.72624768511151
child_control_40,0,-2.410755510611953
child_control_40,0,-2.9492925492374167
child_control_40,0,-2.8212597721610364
child_control_40,0,-3.9186001543241997
child_control_40,0,-2.820374944477583
child_control_40,0,-3.4296755602508635
child_control_40,0,-3.476344803812285
child_control_40,0,-2.205959376267663
child_control_40,0,-2.9176441992782505
child_control_40,0,-4.127478675689985
child_control_40,0,-3.7168618804192834
child_control_40,0,-4.370359885986287
child_control_40,0,-2.288745433929716
child_control_40,0,-2.336463824969463
child_control_40,0,-2.9026818326605093
child_control_40,0,-4.508961086075366
child_control_41,0,-3.9902144086861644
child_control_41,0,-4.122019146842362
child_control_41,0,-5.169398313782622
child_control_41,0,-3.42088054241099
child_control_41,0,-5.077679667778903
child_control_41,0,-5.062457016883918
child_control_41,0,-3.7832951793837286
child_control_41,0,-4.617225114129105
child_control_41,0,-1.6514007122705847
child_control_41,0,-3.231543155097016
child_control_41,0,-5.8975115428890605
child_control_41,0,-4.643870875112318
child_control_41,0,-3.2265830535122615
child_control_41,0,-5.821724122212657
child_control_41,0,-4.416366274195768
child_control_41,0,-3.0081652996723967
child_control_41,0,-6.789151745819308
child_control_41,0,-4.702700956517179
child_control_41,0,-4.149907984952105
child_control_41,0,-5.115946460995056
child_control_41,0,-5.775740978260091
child_control_41,0,-5.4112210489384625
child_control_41,0,-4.421141096048069
child_control_41,0,-4.073705321443815
child_control_41,0,-2.3323020241850725
child_control_42,0,3.743768522797852
child_control_42,0,3.1279374376867506
child_control_42,0,-0.5886445251967618
child_control_42,0,-1.077767301549094
child_control_42,0,1.6210300983746142
child_control_42,0,2.3164356252892033
child_control_42,0,-1.376672062989199
child_control_42,0,0.5066951489262566
child_control_42,0,-2.4331777538520565
child_control_42,0,0.3574294231627577
child_control_42,0,3.6490636609912737
child_control_42,0,0.580605059571085
child_control_42,0,-2.660737807065633
child_control_42,0,0.402682473606099
child_control_42,0,-0.6839488451838796
child_control_42,0,0.6806558173341026
child_control_42,0,-2.6940244115959713
child_control_42,0,-2.0335115060661546
child_control_42,0,-0.8740654149060825
child_control_42,0,-0.7605550528229117
child_control_42,0,-2.0220888005596667
child_control_42,0,-0.13940680343409206
child_control_42,0,-2.5399861514598023
child_control_43,0,-2.8749131373825594
child_control_43,0,-3.4061963735201988
child_control_43,0,-2.1640391599481688
child_control_43,0,-3.358259182716353
child_control_43,0,-4.174989755557161
child_control_43,0,-3.1995539011463525
child_control_43,0,-1.118566742066082
child_control_43,0,-1.0730488716269566
child_control_43,0,-3.224803777027494
child_control_43,0,0.41586333822356614
child_control_43,0,-3.10514040861611
child_control_43,0,-5.01436998641274
child_control_43,0,-1.2138254315803139
child_control_43,0,-2.0092869624634973
child_control_43,0,-2.050926939607708
child_control_43,0,-2.7389104222927663
child_control_43,0,-3.9022024932781743
child_control_43,0,-2.6652162537946444
child_control_43,0,-2.5311118708661184
child_control_43,0,-3.842217001891252
child_control_43,0,-3.1371395400495135
child_control_43,0,-2.4721846271707
child_control_43,0,-2.507545762545568
child_control_43,0,-2.767445961004307
child_control_43,0,-2.0513963416342063
child_control_43,0,-3.7249391976742725
child_control_43,0,-2.230528012811859
child_control_43,0,-2.222439622807937
child_control_43,0,-2.3579573490371275
child_control_43,0,-3.126191104526932
child_control_43,0,-5.190146499363676
child_control_43,0,-2.27077102860926
child_control_44,0,0.9773319689621667
child_control_44,0,-1.5417103419584015
child_control_44,0,-1.3431264310462716
child_control_44,0,-1.1539411382650633
child_control_44,0,-1.5817324471601035
child_control_44,0,-0.8091622176866109
child_control_44,0,-4.588936460053528
child_control_44,0,-2.2148664888288327
child_control_44,0,-1.680170849988125
child_control_44,0,-2.643018240576302
child_control_44,0,-2.5270926937417717
child_control_44,0,-1.9119002854387006
child_control_44,0,-2.636664797377217
child_control_44,0,-0.7177950483395208
child_control_44,0,-1.3151752425407646
child_control_44,0,-1.8801499256659995
child_control_44,0,-2.3544152025084304
child_control_44,0,-1.3426971227913518
child_control_44,0,-0.4564704551612142
child_control_44,0,-3.299702760564155
child_control_44,0,0.5357036616388606
child_control_44,0,-0.5301760057034228
child_control_44,0,-2.420357709712134
child_control_44,0,-0.8093115851219139
child_control_44,0,-1.9909134932923183
child_control_44,0,-1.6980748633413534
child_control_44,0,-1.0884203504772272
child_control_44,0,-0.49925537477762494
child_control_44,0,-3.1122123693030974
child_control_45,0,-2.360220472976603
child_control_45,0,-2.4847321819367365
child_control_45,0,-3.2791684967407693
child_control_45,0,-2.5805492105687695
child_control_45,0,-3.859855914095609
child_control_45,0,-1.551146266536698
child_control_45,0,-1.2893791870316165
child_control_45,0,-0.9608275002002762
child_control_45,0,-2.810573575455639
child_control_45,0,-3.4720602049811355
child_control_45,0,-3.825900254410793
child_control_45,0,-1.1530897966101545
child_control_45,0,-3.0762698858517035
child_control_45,0,-2.593788083723545
child_control_45,0,-1.5080567684847799
child_control_45,0,-1.5381437377602103
child_control_45,0,-1.8537422750206194
child_control_45,0,-1.3352447192826606
child_control_45,0,0.7233849954940001
child_control_45,0,-2.448452500745193
child_control_45,0,-3.2600579999213104
child_control_45,0,-3.8387786896036187
child_control_45,0,-4.266912942407551
child_control_45,0,-1.8821726412253554
child_control_45,0,-2.479778965252876
child_control_45,0,-2.1626986968026993
child_control_46,0,1.2018761576741237
child_control_46,0,-0.5847166252348812
child_control_46,0,-4.945406046401825
child_control_46,0,-0.21923831834815233
child_control_46,0,0.5366916392796488
child_control_46,0,-3.6539239345185828
child_control_46,0,1.0555939879961815
child_control_46,0,1.5144564213194494
child_control_46,0,0.7928154100239417
child_control_46,0,-2.3655795356544833
child_control_46,0,-2.413016335593945
child_control_46,0,-2.783974036507812
child_control_46,0,3.479845363125636
child_control_46,0,-0.8291259391354224
child_control_46,0,-1.7264413330383033
child_control_46,0,2.0951231033849216
child_control_46,0,1.9755745262628437
child_control_46,0,2.6382751946299927
child_control_46,0,2.4544260332558543
child_control_46,0,1.8214016695956363
child_control_46,0,2.4229925784638815
child_control_46,0,0.2331110650652295
child_control_46,0,0.5400771411465202
child_control_46,0,-3.1454281759413174
child_control_46,0,-5.680176729252294
child_control_46,0,0.10419330765222212
child_control_46,0,1.0681955972987411
child_control_46,0,-3.4105748515834295
child_control_46,0,-3.5930833115621925
child_control_46,0,-3.3655644790154366
child_control_46,0,-4.70304900358301
child_control_46,0,-3.6251102345484685
child_control_47,0,-2.3463636444327247
child_control_47,0,-1.8077636420153305
child_control_47,0,-4.533251209637629
child_control_47,0,-2.7102775756653785
child_control_47,0,-3.4410450851795447
child_control_47,0,-4.675179428260624
child_control_47,0,-3.7694328623920863
child_control_47,0,-6.092577090508464
child_control_47,0,-5.149936585765031
child_control_47,0,-3.1373051262121776
child_control_47,0,-4.312545522740159
child_control_47,0,-5.678530038557997
child_control_47,0,-2.681999262272837
child_control_47,0,-3.3739216906793463
child_control_47,0,-4.838850612215034
child_control_47,0,-4.563596133643021
child_control_47,0,-4.609225579694312
child_control_47,0,-3.4252604103995314
child_control_47,0,-3.2348643548758926
child_control_47,0,-3.9342864874313395
child_control_47,0,-3.2378124356878186
child_control_47,0,-1.2792506287818004
child_control_47,0,0.5006607111927728
child_control_47,0,-4.629750271657721
child_control_47,0,-3.037799094503835
child_control_47,0,-4.496594994092331
child_control_47,0,-3.3613562662366774
child_control_47,0,-4.0117474904881325
child_control_47,0,-3.582461709887228
child_control_47,0,-2.8832950841109244
child_control_47,0,-3.4364299381528487
child_control_47,0,-4.005824548849823
child_control_47,0,-4.786693344842847
child_control_47,0,-6.8664212046360324
child_control_47,0,-2.0433396585045966
child_control_47,0,-2.0405654804476936
child_control_47,0,-4.189141719481982
child_control_47,0,-7.642792419508654
child_control_47,0,-3.2005002553895765
child_control_48,0,-2.0792265762845195
child_control_48,0,-6.519757648534481
child_control_48,0,-3.6297232633928433
child_control_48,0,-0.007693908784889965
child_control_48,0,-0.3126925696111649
child_control_48,0,-0.4290704904255549
child_control_48,0,-1.6954796017341593
child_control_48,0,-2.422777728434974
child_control_48,0,-1.3274644330821854
child_control_48,0,-2.4376621522561224
child_control_48,0,-1.9473054209689507
child_control_48,0,-1.500405782449658
child_control_48,0,-3.0152151038526296
child_control_48,0,-3.6758765415839796
child_control_48,0,-0.8501777841579756
child_control_48,0,0.8697767644350118
child_control_48,0,-1.3363146971776738
child_control_48,0,-0.37737116560381545
child_control_48,0,-0.09112470153634722
child_control_48,0,0.24762722627520328
child_control_48,0,-0.3507725934490671
child_control_48,0,-1.5021798962528943
child_control_48,0,-0.3902404548732623
child_control_48,0,-2.6800556486809772
child_control_48,0,-0.7212443406664815
child_control_49,0,-2.916404380125416
child_control_49,0,-1.5908301911353198
child_control_49,0,-3.0407371213311154
child_control_49,0,-1.0526847062201663
child_control_49,0,0.5130497248534638
child_control_49,0,-0.69306185032933
child_control_49,0,-1.6632537668344913
child_control_49,0,-2.3845080635340126
child_control_49,0,-1.9439277002842366
child_control_49,0,-1.0108024616742235
child_control_49,0,-3.3984012857872092
child_control_49,0,-0.9500964338419362
child_control_49,0,-1.1177384365191803
child_control_49,0,-0.4872683574198977
child_control_49,0,0.24371187231742275
child_control_49,0,-1.4667075909678726
child_control_49,0,-0.6261022897788229
child_control_49,0,-0.971080563823737
child_control_49,0,-2.1879616613492163
child_control_49,0,-1.2702030677726752
child_control_49,0,-1.6484070239542803
child_control_49,0,-2.3494179827663744
child_control_49,0,0.2937011992780165
child_control_49,0,0.5233477853075292
child_control_49,0,-1.5040132469154301
child_control_49,0,-2.249550032029665
child_control_49,0,-3.129834430717936
child_control_49,0,-0.9152331770915396
child_control_49,0,0.2136969609909165
child_control_49,0,-0.09890798474043305
child_control_49,0,-1.9946268616494278
child_control_49,0,-2.238241667729348
child_control_49,0,-0.8658804735547474
child_control_50,0,0.8341930362083072
child_control_50,0,1.4169307155595054
child_control_50,0,1.6538927290997465
child_control_50,0,2.443764160063092
child_control_50,0,2.817765425286861
child_control_50,0,1.5474055878875432
child_control_50,0,0.4262909241087083
child_control_50,0,1.2119550744652148
child_control_50,0,0.7482173795876264
child_control_50,0,1.3451835465759492
child_control_50,0,2.2158034678106078
child_control_50,0,2.212736020634598
child_control_50,0,3.320581372413622
child_control_50,0,2.3361316161673193
child_control_50,0,2.3410735788047705
child_control_50,0,2.6484454640358277
child_control_50,0,1.699918945437371
child_control_50,0,1.1649005210240329
child_control_50,0,2.7997517675314794
child_control_50,0,-2.293056572165493
child_control_50,0,-2.470801323181154
child_control_50,0,1.2065910934636033
child_control_50,0,4.184835020506773
child_control_50,0,1.2516118133684422
child_control_50,0,0.8810641159137027
child_control_50,0,-2.198564539947907
child_control_50,0,-2.1086795626132795
child_control_50,0,-1.7466796334569124
child_control_50,0,0.21346516694642026
child_control_50,0,-0.6034692972422875
child_control_50,0,-3.286316708597956
child_control_50,0,-1.9190677782412966
child_control_50,0,-1.2903852467096233
child_control_50,0,-3.1912613113082773
child_control_50,0,-2.112551863169831
child_control_50,0,0.19598731303859984
child_control_50,0,-0.8704422257443076
child_control_50,0,-2.2647971727912837
child_control_50,0,1.5414278973712168
child_control_50,0,2.1943355669077387
child_control_50,0,-1.6267874899535537
child_control_50,0,0.7847432324173942
child_control_51,0,-0.9271128742831876
child_control_51,0,2.5736163148629765
child_control_51,0,1.2206628257984853
child_control_51,0,0.3411596878042784
child_control_51,0,-0.16933356207307892
child_control_51,0,-0.1565477751489459
child_control_51,0,2.5647665815606433
child_control_51,0,0.729725465965753
child_control_51,0,0.9137895661464712
child_control_51,0,2.7668690311270656
child_control_51,0,3.284745710351793
child_control_51,0,5.017226583102853
child_control_51,0,-1.3197957914989316
child_control_51,0,-3.443955955139906
child_control_51,0,0.5403638944963018
child_control_51,0,-0.200944538956221
child_control_51,0,2.851764006871895
child_control_51,0,3.336972039040598
child_control_51,0,0.4048343779164092
child_control_51,0,1.0580220612610292
child_control_51,0,2.0396596803349607
child_control_51,0,-1.426292211367833
child_control_51,0,-1.4224340295699982
child_control_51,0,0.4489892606553638
child_control_51,0,1.3914768333964813
child_control_51,0,-0.21923710032953925
child_control_51,0,0.23864506069458602
child_control_51,0,1.109312816465552
child_control_51,0,1.0047577159645253
child_control_51,0,-1.1302910093023295
child_control_51,0,-0.39683425165556874
child_control_51,0,4.328199253135314
child_control_51,0,-3.3493814577288794
child_control_51,0,-3.385626378056252
child_control_51,0,0.539236129584707
child_control_51,0,2.8634575530457442
child_control_51,0,-0.9913731254411629
child_control_51,0,0.29281402326036843
child_control_51,0,1.050464649825101
child_control_51,0,-0.8929618923191296
child_control_51,0,-0.7702894770310247
child_control_51,0,-1.481981465999666
child_control_51,0,0.07571118757427153
child_control_51,0,0.357545937465338
child_control_51,0,0.37308812024178795
child_control_51,0,-1.238524061020262
child_control_51,0,1.7620658931922824
child_control_51,0,0.10912274499532493
child_control_51,0,2.5735929514643234
child_control_52,0,-1.1428751809677735
child_control_52,0,-0.1480209586453125
child_control_52,0,-1.4157844605856462
child_control_52,0,-2.933222193493723
child_control_52,0,-1.6439308049806922
child_control_52,0,-0.6756522310028672
child_control_52,0,0.6922323444387135
child_control_52,0,-2.365107245822251
child_control_52,0,-1.5693707965893962
child_control_52,0,0.5531978671380926
child_control_52,0,-1.3249036452223384
child_control_52,0,-1.7344482215238501
child_control_52,0,-2.387614686871703
child_control_52,0,-1.4938718383925782
child_control_52,0,-2.1169287190863613
child_control_52,0,0.9818275130723768
child_control_52,0,0.160990559511619
child_control_52,0,0.3018687020061337
child_control_52,0,-0.4555191499583999
child_control_52,0,-0.7536952963343293
child_control_52,0,-0.8292444603247724
child_control_52,0,-0.8735382145993349
child_control_52,0,0.9908199525771131
child_control_52,0,-0.07828877464255357
child_control_52,0,-1.45790462518361
child_control_52,0,0.8542627355973955
child_control_52,0,-1.1644511664918034
child_control_52,0,-3.0803796465225193
child_control_52,0,-0.7855339364708211
child_control_52,0,-0.21343822806957324
child_control_52,0,-1.5654459198807722
child_control_52,0,1.1460919905518618
child_control_52,0,-0.1307761952386166
child_control_53,0,0.8474111251729999
child_control_53,0,-1.6414637777076087
child_control_53,0,-0.936655844504114
child_control_53,0,-1.2580218350556687
child_control_53,0,0.08947622444007641
child_control_53,0,0.9621960326384495
child_control_53,0,0.20030343931723826
child_control_53,0,5.803026043029027
child_control_53,0,5.283634052878253
child_control_53,0,-0.43486710252058036
child_control_53,0,3.8570293941142126
child_control_53,0,3.7637542762997236
child_control_53,0,1.8601907159948616
child_control_53,0,2.707180585561685
child_control_53,0,1.408532030383015
child_control_53,0,3.9112724171943305
child_control_53,0,4.385098885465361
child_control_53,0,-1.7572001645522966
child_control_53,0,-1.952043254709973
child_control_53,0,1.6844744580874227
child_control_53,0,1.8029100363563921
child_control_53,0,-1.045223609219278
child_control_53,0,0.680442229290297
child_control_53,0,2.320671952539763
child_control_53,0,1.1765675256020438
child_control_53,0,0.3489018831539583
child_control_53,0,-0.11534102458955364
child_control_53,0,-0.9508057484054404
child_control_53,0,0.8970449833719794
child_control_53,0,0.516298912127201
child_control_53,0,-0.1560934531039051
child_control_53,0,-0.006169479287424069
child_control_53,0,0.41839773133801983
child_control_53,0,0.2860449444804247
child_control_53,0,0.017183444594363932
child_control_53,0,1.7416942680022458
child_control_54,0,-1.972431857752792
child_control_54,0,-2.195790829579422
child_control_54,0,0.2909687649288759
child_control_54,0,1.5442408463914583
child_control_54,0,0.7492775622474983
child_control_54,0,1.8747068330232686
child_control_54,0,1.799284884582592
child_control_54,0,0.3343674775422849
child_control_54,0,-0.8104041692311947
child_control_54,0,0.7513604958664721
child_control_54,0,1.562709718219036
child_control_54,0,0.5345226696085088
child_control_54,0,0.7138740276631805
child_control_54,0,-0.44691583690723413
child_control_54,0,1.1531599817594953
child_control_54,0,0.9532958119344455
child_control_54,0,0.2643859657276042
child_control_54,0,-0.38701725778998
child_control_54,0,0.2369735862232385
child_control_54,0,-0.28007026976650207
child_control_54,0,0.0789155415608167
child_control_54,0,0.831246662359274
child_control_54,0,2.0855682271034985
child_control_54,0,0.5187813188895498
child_control_54,0,1.2986395742149506
child_control_55,0,3.9038478790645326
child_control_55,0,2.1205450192448745
child_control_55,0,-0.8359904163215452
child_control_55,0,2.2099647559747413
child_control_55,0,1.1060437923241169
child_control_55,0,0.8291125466617666
child_control_55,0,2.078868333971515
child_control_55,0,2.7825924997670053
child_control_55,0,-0.8132797608304811
child_control_55,0,-0.3589347752806529
child_control_55,0,1.2932106300468769
child_control_55,0,0.5198881233411601
child_control_55,0,0.9853355323195012
child_control_55,0,3.449001556993377
child_control_55,0,4.294249276628042
child_control_55,0,3.722885773750652
child_control_55,0,0.2749078548134418
child_control_55,0,0.28880818251847074
child_control_55,0,0.4410699406152554
child_control_55,0,1.6260599393669872
child_control_55,0,0.38049027793689727
child_control_55,0,1.0511647584577088
child_control_55,0,-1.6027896109783006
child_control_55,0,-0.7887314279089586
child_control_55,0,-1.3576363812279972
child_control_55,0,0.1796258781561384
child_control_55,0,-1.2310336678340914
child_control_55,0,-1.418398056686842
child_control_55,0,1.7317783487708425
child_control_55,0,1.4129886467055337
child_control_55,0,1.2878319414671189
child_control_55,0,2.686253193649686
child_control_55,0,1.599192768117671
child_control_55,0,0.5765038914201923
child_control_55,0,0.9694446776980372
child_control_55,0,1.7495697303464028
child_control_55,0,3.873656771809808
child_control_55,0,-2.785574486053376
child_control_55,0,-0.5162168726132068
child_control_55,0,-0.15606961138931763
child_control_55,0,-1.0192537886884037
child_control_55,0,-1.5464855335172782
child_control_56,0,2.2174407117667427
child_control_56,0,0.5706014501228152
child_control_56,0,0.45916627109753505
child_control_56,0,0.7763423749690499
child_control_56,0,1.698271151312709
child_control_56,0,-0.25394213424029677
child_control_56,0,-0.9349874231310935
child_control_56,0,-2.5608608001961826
child_control_56,0,-0.6965172875888481
child_control_56,0,0.4328750752316848
child_control_56,0,-0.2123692839328719
child_control_56,0,-0.5969426543060126
child_control_56,0,0.024567396855414307
child_control_56,0,1.302951006867931
child_control_56,0,0.9978607702212032
child_control_56,0,-0.7464292432664152
child_control_56,0,1.7624754643580471
child_control_56,0,1.1625580200484638
child_control_56,0,1.0051524074492766
child_control_56,0,-0.21700838226618413
child_control_56,0,-2.7342599488633614
child_control_56,0,-1.0471920943390594
child_control_56,0,-0.18072635887976785
child_control_56,0,-0.718691605453514
child_control_56,0,0.4911002738799304
child_control_56,0,0.24250958112662224
child_control_56,0,0.270703387608896
child_control_56,0,-1.8322601822599813
child_control_56,0,0.37870539773529877
child_control_56,0,0.26623754836261937
child_control_56,0,0.45828369828343596
child_control_56,0,-0.5771593544273463
child_control_56,0,-0.43134862245986505
child_control_56,0,1.0086182302183084
child_control_57,0,-0.8704487200379021
child_control_57,0,-0.6217760888000312
child_control_57,0,-0.661149844417132
child_control_57,0,0.554304793059649
child_control_57,0,-0.38687953362939465
child_control_57,0,-1.705867346052009
child_control_57,0,-0.6493441407368608
child_control_57,0,0.39995224897441584
child_control_57,0,-0.0012425456975988583
child_control_57,0,-0.15205175150601868
child_control_57,0,-0.15537119440542768
child_control_57,0,-1.748402448236326
child_control_57,0,-1.8870258431100775
child_control_57,0,0.5369026174612299
child_control_57,0,-1.0755629816251278
child_control_57,0,-1.7749403570153997
child_control_57,0,-0.5821597379478043
child_control_57,0,-0.623361139515801
child_control_57,0,-2.0130636657860594
child_control_57,0,-1.0308363525410924
child_control_57,0,-0.7986421300204205
child_control_57,0,-1.8306960354495205
child_control_57,0,-2.193591280362033
child_control_57,0,-0.7277688635636947
child_control_57,0,0.703770097267683
child_control_57,0,0.15504940527578692
child_control_57,0,1.5201313710921782
child_control_57,0,-1.7072307091701024
child_control_57,0,-0.3129665215974582
child_control_57,0,-0.1819100325429377
child_control_57,0,0.9473009815705555
child_control_57,0,-0.24514659018404683
child_control_57,0,-1.0122397960701417
child_control_57,0,-2.165945905175071
child_control_57,0,-0.9840546262035679
child_control_57,0,0.6253263914014047
child_control_57,0,-0.9443805500445273
child_control_57,0,-0.5473477542737355
child_control_57,0,-1.3488889639590742
child_control_57,0,-2.3979142609751167
child_control_57,0,-3.198835241795066
child_control_57,0,-2.8021550070570034
child_control_57,0,-0.33485306440590556
child_control_58,0,1.9853541242516666
child_control_58,0,0.661785964486248
child_control_58,0,0.86094187926757
child_control_58,0,1.7893787667283332
child_control_58,0,0.6741240148411654
child_control_58,0,2.0547571941097034
child_control_58,0,2.0142320338162425
child_control_58,0,0.19737755634900078
child_control_58,0,0.7149470625780825
child_control_58,0,-0.03595440741066037
child_control_58,0,0.7470257537043847
child_control_58,0,2.357008571698057
child_control_58,0,2.6637062229900157
child_control_58,0,0.056508623339083235
child_control_58,0,-0.1681521640489383
child_control_58,0,1.075977333503111
child_control_58,0,2.330357450914487
child_control_58,0,0.07216081971243304
child_control_58,0,1.3856816339049363
child_control_58,0,1.7978869126242125
child_control_58,0,0.7157048861055368
child_control_58,0,0.4234039357103716
child_control_58,0,0.7849721564826229
child_control_58,0,1.9420350055074092
child_control_58,0,1.07319684914248
child_control_58,0,0.5655990497886563
child_control_58,0,1.9566916753109636
child_control_58,0,1.9066029010971153
child_control_58,0,2.755520946001368
child_control_58,0,1.8164717482249448
child_control_58,0,1.3169645168641677
child_control_58,0,-0.18248432235661416
child_control_59,0,2.6933368264996376
child_control_59,0,-0.368229203039806
child_control_59,0,-0.16733380058330938
child_control_59,0,2.9097456913730233
child_control_59,0,3.1874015829452156
child_control_59,0,3.9134649855139343
child_control_59,0,3.5739570551588797
child_control_59,0,2.054702894192958
child_control_59,0,3.9273109776346353
child_control_59,0,1.4317082105742445
child_control_59,0,-1.118749299842934
child_control_59,0,0.24601128618666546
child_control_59,0,0.514118976677232
child_control_59,0,1.9070941314534993
child_control_59,0,2.2724801243297965
child_control_59,0,-0.5221772388593744
child_control_59,0,-0.8652332721791576
child_control_59,0,1.156903331676644
child_control_59,0,2.1279922997874934
child_control_59,0,3.4054486834369695
child_control_59,0,-0.7463755893951804
child_control_59,0,1.2120359445972946
child_control_59,0,1.2130968290538975
child_control_59,0,-0.9337709695774452
child_control_59,0,-0.7529192044912432
child_control_59,0,-0.9997322345682795
child_control_59,0,-0.24671956150574137
child_control_59,0,-0.382576414630311
child_control_59,0,-1.791658719781853
child_control_59,0,-0.07204773273051512
child_control_59,0,0.7403262237219355
child_control_59,0,1.5735510889442546
child_control_59,0,3.623275168752421
child_control_59,0,2.51957824891184
child_control_59,0,-1.6639647403784041
child_control_59,0,4.615561948197725
child_control_59,0,0.5292170449762696
child_control_59,0,0.7557896826455888
child_control_59,0,-0.07887420900889563
child_control_59,0,-0.8326896479944452
child_control_59,0,3.0560625324143094
child_control_59,0,3.1904028913181928
child_control_59,0,2.993940357491502
child_control_59,0,3.858247569976831
child_control_59,0,4.53091032225684
child_control_59,0,4.46176401842714
child_control_59,0,3.5113750876898835
child_control_60,0,5.29497541793032
child_control_60,0,3.6398498550417755
child_control_60,0,5.320656916501292
child_control_60,0,5.895770637365686
child_control_60,0,1.032762053075716
child_control_60,0,0.1227419496789286
child_control_60,0,3.1524185636091615
child_control_60,0,2.6942150971478074
child_control_60,0,4.472185725233546
child_control_60,0,5.076676682106412
child_control_60,0,2.2587897962465484
child_control_60,0,-0.28699355353676226
child_control_60,0,5.297667672082914
child_control_60,0,5.154819326091932
child_control_60,0,6.184905869679142
child_control_60,0,4.352570378695906
child_control_60,0,2.910156754014499
child_control_60,0,-0.9441673839353177
child_control_60,0,3.2248500797281925
child_control_60,0,4.388719595215719
child_control_60,0,0.8190522825942999
child_control_60,0,-0.6131779169915561
child_control_60,0,-1.2887160682758483
child_control_60,0,1.8921901430280677
child_control_60,0,2.6364741651363066
child_control_60,0,3.4551563925187767
child_control_60,0,3.1319758025872324
child_control_60,0,1.9490442991201469
child_control_60,0,-0.904381239474082
child_control_60,0,7.251062508247636
child_control_60,0,0.3114323979316429
child_control_60,0,-0.7604549302557111
child_control_60,0,2.0038370908316847
