subject_id,y_true,y_score
child_adhd_1,1,0.9997499102676474
child_adhd_1,1,0.9999694613396825
child_adhd_1,1,0.9911645497697297
child_adhd_1,1,0.9994032966963768
child_adhd_1,1,0.7748321862866118
child_adhd_1,1,0.9991768803208734
child_adhd_1,1,0.9999075134704869
child_adhd_1,1,0.9999146798624473
child_adhd_1,1,0.9908026465482807
child_adhd_1,1,0.999858424187548
child_adhd_1,1,0.9986801745993057
child_adhd_1,1,0.9997101178100793
child_adhd_1,1,0.9999427428527511
child_adhd_1,1,0.9997268036071246
child_adhd_1,1,0.9999319297883792
child_adhd_1,1,0.9796830536379922
child_adhd_1,1,0.9996392656675974
child_adhd_1,1,0.8966961882619069
child_adhd_1,1,0.05930975600333661
child_adhd_1,1,0.026012432153513825
child_adhd_1,1,0.9992443024704938
child_adhd_1,1,0.9999929339617858
child_adhd_1,1,0.9735842920977954
child_adhd_1,1,0.983842180920986
child_adhd_1,1,0.9570975024871125
child_adhd_1,1,0.9999380102203126
child_adhd_2,1,0.004410647763825395
child_adhd_2,1,0.075258142596889
child_adhd_2,1,0.19696206380576878
child_adhd_2,1,0.6079373227079247
child_adhd_2,1,0.05824973240025558
child_adhd_2,1,0.897604097230409
child_adhd_2,1,0.9209223176168746
child_adhd_2,1,0.9996273980387528
child_adhd_2,1,0.2281445493889029
child_adhd_2,1,0.45093738543005674
child_adhd_2,1,0.0005855733532191976
child_adhd_2,1,0.002963353223176294
child_adhd_2,1,0.1243290789903278
child_adhd_2,1,0.0030400337829321676
child_adhd_2,1,0.48791109489702317
child_adhd_2,1,0.10768634640992775
child_adhd_2,1,4.749908689302033e-05
child_adhd_2,1,0.715702967857981
child_adhd_2,1,0.0016006012504204644
child_adhd_2,1,0.01098571480470889
child_adhd_2,1,0.0006632721561405715
child_adhd_2,1,0.07567898609653277
child_adhd_2,1,0.011618826881684877
child_adhd_2,1,0.008201137814278297
child_adhd_2,1,0.12262118056968649
child_adhd_2,1,0.01179088587823739
child_adhd_2,1,0.12050911824622479
child_adhd_2,1,0.015434722523448116
child_adhd_2,1,0.9406453413023319
child_adhd_2,1,0.9997327661782972
child_adhd_2,1,0.9982424765939123
child_adhd_2,1,0.9338884999057988
child_adhd_2,1,0.07446516386526138
child_adhd_3,1,0.0022644573928659096
child_adhd_3,1,0.7946051222678329
child_adhd_3,1,0.7401315353861587
child_adhd_3,1,0.9905620202005626
child_adhd_3,1,0.005448657013050409
child_adhd_3,1,0.006141598073307744
child_adhd_3,1,0.3692808518290578
child_adhd_3,1,0.0004497510523167373
child_adhd_3,1,0.00013276741255402913
child_adhd_3,1,0.25141199658524194
child_adhd_3,1,0.004962307425344196
child_adhd_3,1,0.9999104010828563
child_adhd_3,1,0.9781797106483486
child_adhd_3,1,0.00014267083820825304
child_adhd_3,1,0.004126096899472704
child_adhd_3,1,0.44899865271612416
child_adhd_3,1,0.00027712456582705026
child_adhd_3,1,0.0005514348987200403
child_adhd_3,1,0.08883579790616414
child_adhd_3,1,0.010125470255527541
child_adhd_3,1,0.0009792371534458001
child_adhd_3,1,0.019461446874426205
child_adhd_3,1,0.00164109235173494
child_adhd_3,1,0.06660610012599787
child_adhd_3,1,0.6883109358689511
child_adhd_3,1,0.18187821630271472
child_adhd_3,1,0.0013376436355713528
child_adhd_3,1,0.22691508482351783
child_adhd_3,1,0.0328980123324273
child_adhd_3,1,1.6195699526658202e-06
child_adhd_3,1,0.0003261617435212661
child_adhd_3,1,0.0008996811524393092
child_adhd_3,1,0.16799919226993665
child_adhd_4,1,0.0957172344900369
child_adhd_4,1,0.40377756008900023
child_adhd_4,1,0.27235806860027617
child_adhd_4,1,0.0005013789599349021
child_adhd_4,1,0.5878249928902206
child_adhd_4,1,0.0016903331691134162
child_adhd_4,1,5.678781636527168e-07
child_adhd_4,1,0.18460603380752932
child_adhd_4,1,0.0053482171683700355
child_adhd_4,1,0.0009113626152597311
child_adhd_4,1,1.4237703499854446e-05
child_adhd_4,1,1.4023746923529797e-05
child_adhd_4,1,0.008939505579626313
child_adhd_4,1,0.016501471038219598
child_adhd_4,1,0.00867960560872434
child_adhd_4,1,0.0016415823380154977
child_adhd_4,1,0.9072110238773541
child_adhd_4,1,0.9995395567655528
child_adhd_4,1,0.828117692566263
child_adhd_4,1,0.9980961733480034
child_adhd_4,1,0.01762254703878296
child_adhd_4,1,0.004974043053088863
child_adhd_4,1,0.9427379814932474
child_adhd_4,1,0.9991018654877388
child_adhd_4,1,0.0027170501042996665
child_adhd_4,1,0.0007975608332232375
child_adhd_4,1,0.01576031053698243
child_adhd_4,1,3.776460580356719e-06
child_adhd_4,1,0.0013809747252601368
child_adhd_4,1,0.02308247829067302
child_adhd_4,1,7.265866459103137e-05
child_adhd_4,1,0.9997996253135578
child_adhd_4,1,0.9964057725876079
child_adhd_4,1,0.7045662730921769
child_adhd_4,1,0.7230257535328531
child_adhd_4,1,0.4270626178682401
child_adhd_4,1,0.002809267092595732
child_adhd_4,1,0.03738215387531766
child_adhd_4,1,0.9303336864405225
child_adhd_4,1,0.22923602938099683
child_adhd_4,1,0.11731830557894306
child_adhd_4,1,0.009937918979267308
child_adhd_4,1,0.004700495180046403
child_adhd_4,1,6.626278234722117e-06
child_adhd_4,1,0.15213832097579585
child_adhd_4,1,0.005463419077424326
child_adhd_4,1,0.02693776084266973
child_adhd_4,1,0.0005550476212290504
child_adhd_4,1,0.0022762663995518906
child_adhd_4,1,0.00031383474540544167
child_adhd_4,1,0.009171429584062373
child_adhd_4,1,0.20739380243874367
child_adhd_4,1,0.6467963970053342
child_adhd_4,1,0.005819775054301824
child_adhd_4,1,9.454851874036204e-09
child_adhd_4,1,4.656659880540348e-10
child_adhd_4,1,0.025084811020356312
child_adhd_4,1,0.9868512002820925
child_adhd_4,1,0.09088676915572087
child_adhd_4,1,0.12410556520310136
child_adhd_4,1,0.00015381771511419472
child_adhd_4,1,0.0003781036755987142
child_adhd_4,1,0.9730882940976893
child_adhd_4,1,0.020705581167061754
child_adhd_4,1,0.11610194758575558
child_adhd_4,1,0.8857249480900165
child_adhd_4,1,0.00035813761741499024
child_adhd_4,1,0.010635561901496768
child_adhd_4,1,0.28699505573070466
child_adhd_4,1,0.9887251857269768
child_adhd_4,1,0.042223331245137594
child_adhd_4,1,0.48514098153881763
child_adhd_4,1,0.5176665487421821
child_adhd_4,1,0.09418145606123596
child_adhd_4,1,0.9941233688503713
child_adhd_4,1,0.9846173875237377
child_adhd_4,1,0.8889220191969315
child_adhd_4,1,0.07772485231652079
child_adhd_4,1,4.359848437807134e-06
child_adhd_4,1,0.01326084261209442
child_adhd_4,1,0.5892796500285739
child_adhd_4,1,0.0018997306399742208
child_adhd_4,1,0.1771623736004199
child_adhd_5,1,0.985007432949261
child_adhd_5,1,0.08332688781442167
child_adhd_5,1,0.08272313215490947
child_adhd_5,1,0.31510325641931075
child_adhd_5,1,0.22133238052191403
child_adhd_5,1,0.9727065607063237
child_adhd_5,1,0.9979607207975201
child_adhd_5,1,0.8319380932610166
child_adhd_5,1,0.0766837939860968
child_adhd_5,1,0.014345086560711469
child_adhd_5,1,0.044886192222390556
child_adhd_5,1,0.008263985741950801
child_adhd_5,1,0.5646598366482543
child_adhd_5,1,0.08632640623971556
child_adhd_5,1,0.02022194070259192
child_adhd_5,1,0.15262988428042734
child_adhd_5,1,0.002382960509958446
child_adhd_5,1,0.02487550330535066
child_adhd_5,1,0.30233267819878273
child_adhd_5,1,0.08167801255473815
child_adhd_5,1,0.9827302310982887
child_adhd_5,1,0.07620738519397577
child_adhd_5,1,8.635303613136647e-05
child_adhd_5,1,0.13137322586315134
child_adhd_5,1,0.6074314908911003
child_adhd_5,1,0.9680578865919401
child_adhd_5,1,0.043250946256736825
child_adhd_5,1,0.5145301837170877
child_adhd_5,1,0.045696431063645154
child_adhd_5,1,0.2977119273810405
child_adhd_5,1,0.015782286339980398
child_adhd_5,1,0.012274796993629421
child_adhd_5,1,0.15656436312023436
child_adhd_5,1,0.0006445687999100354
child_adhd_5,1,0.09461395637664417
child_adhd_5,1,0.01421147709952524
child_adhd_5,1,0.04235563186750041
child_adhd_5,1,0.08785898758499353
child_adhd_5,1,0.9962093358570174
child_adhd_5,1,0.9933198128576539
child_adhd_5,1,0.10595159996810312
child_adhd_5,1,0.057948908818553156
child_adhd_5,1,0.9896169677484441
child_adhd_5,1,0.0003612814701831812
child_adhd_5,1,0.04251657731960428
child_adhd_5,1,0.1365973452171994
child_adhd_6,1,0.9152496322314398
child_adhd_6,1,0.9966207891738197
child_adhd_6,1,0.9020515896591411
child_adhd_6,1,0.010356155135338671
child_adhd_6,1,0.03847019211949744
child_adhd_6,1,0.3909923825287308
child_adhd_6,1,0.9375454455878308
child_adhd_6,1,0.304260998431171
child_adhd_6,1,0.03146939416173092
child_adhd_6,1,0.9928873657776687
child_adhd_6,1,0.11430385437274712
child_adhd_6,1,0.5538298272767819
child_adhd_6,1,0.9837589074071162
child_adhd_6,1,0.9952235889446021
child_adhd_6,1,0.8620301061887584
child_adhd_6,1,3.325367053606063e-05
child_adhd_6,1,0.01134878303402342
child_adhd_6,1,0.00026620678894896953
child_adhd_6,1,0.00029043168066069026
child_adhd_6,1,0.004804145475839504
child_adhd_6,1,0.00033913389369642874
child_adhd_6,1,0.9871599966872239
child_adhd_6,1,0.981218312141938
child_adhd_6,1,0.9997278044586012
child_adhd_6,1,0.9886256691981637
child_adhd_6,1,1.3036635910240562e-05
child_adhd_6,1,0.01987303137525229
child_adhd_6,1,0.9984436045245074
child_adhd_6,1,0.9496726978538733
child_adhd_6,1,0.9009928789156343
child_adhd_6,1,0.9541807348501017
child_adhd_6,1,0.0004231813054869793
child_adhd_6,1,0.2049688854758636
child_adhd_6,1,0.9520745248050642
child_adhd_6,1,0.9997512185569583
child_adhd_6,1,0.7600650239314579
child_adhd_6,1,0.602027673766281
child_adhd_6,1,0.3747592983691622
child_adhd_6,1,0.0006858752315176479
child_adhd_6,1,0.055807752559025856
child_adhd_6,1,0.6720986750327462
child_adhd_6,1,0.0019154657694008628
child_adhd_6,1,0.8335306605061384
child_adhd_6,1,0.00029974193941593346
child_adhd_6,1,0.0022094159610027684
child_adhd_6,1,0.9956070755074423
child_adhd_6,1,0.0433291405358561
child_adhd_7,1,9.230159326121833e-07
child_adhd_7,1,0.7868347736733968
child_adhd_7,1,0.9040938348544528
child_adhd_7,1,0.8176897646004587
child_adhd_7,1,0.9952250872595522
child_adhd_7,1,0.9763215846051757
child_adhd_7,1,0.9333749361641627
child_adhd_7,1,0.874768446812785
child_adhd_7,1,0.6162924368131776
child_adhd_7,1,0.18698724666084612
child_adhd_7,1,0.9913375811686914
child_adhd_7,1,0.9961938633066728
child_adhd_7,1,0.6413468362877602
child_adhd_7,1,0.06517091005619767
child_adhd_7,1,0.7326048693835389
child_adhd_7,1,0.5744452664423539
child_adhd_7,1,0.9037958294021493
child_adhd_7,1,0.00013055481720459535
child_adhd_7,1,0.0011372723525405713
child_adhd_7,1,0.5906668461230571
child_adhd_7,1,0.3199322047285588
child_adhd_7,1,0.5839021918381494
child_adhd_7,1,0.9075236583970615
child_adhd_7,1,0.1603068315582412
child_adhd_7,1,0.9950083612929641
child_adhd_7,1,0.9833592067003216
child_adhd_7,1,0.9461824456292041
child_adhd_7,1,0.9339388981509642
child_adhd_7,1,0.12079731364505134
child_adhd_7,1,0.35656002852421287
child_adhd_7,1,0.7668919042018899
child_adhd_7,1,0.08136979140337428
child_adhd_7,1,0.0057302501348183155
child_adhd_7,1,0.8925908366759353
child_adhd_7,1,0.953072505545284
child_adhd_7,1,0.0004042587306089045
child_adhd_7,1,0.002589921411322494
child_adhd_7,1,0.9884420059899367
child_adhd_7,1,0.816079476959638
child_adhd_7,1,0.9933440923087362
child_adhd_7,1,0.8803707589469861
child_adhd_7,1,0.998148685714389
child_adhd_7,1,0.9920176353031172
child_adhd_7,1,0.47080491625587817
child_adhd_8,1,0.3535965227762196
child_adhd_8,1,1.0607354542445432e-07
child_adhd_8,1,1.472590169147363e-07
child_adhd_8,1,0.9780075468915844
child_adhd_8,1,0.9838200657592854
child_adhd_8,1,0.9990407796858501
child_adhd_8,1,0.9771331289318753
child_adhd_8,1,0.997742958822602
child_adhd_8,1,0.16921409780263308
child_adhd_8,1,0.9758269832118436
child_adhd_8,1,0.3087713734164615
child_adhd_8,1,3.698943785692618e-07
child_adhd_8,1,0.0004657602181394544
child_adhd_8,1,0.0036159850228539587
child_adhd_8,1,0.003908516594102253
child_adhd_8,1,0.0012629740727067094
child_adhd_8,1,1.7354254650347585e-06
child_adhd_8,1,0.979281460354206
child_adhd_8,1,8.99383378945038e-05
child_adhd_8,1,2.501043295579805e-06
child_adhd_8,1,0.048238986377833123
child_adhd_8,1,0.0038309506263034887
child_adhd_9,1,0.8429922629522237
child_adhd_9,1,0.0015904753412548979
child_adhd_9,1,0.005597226100427109
child_adhd_9,1,0.0352754586897938
child_adhd_9,1,1.52977151305129e-07
child_adhd_9,1,1.4468638525542357e-08
child_adhd_9,1,0.00015688425153048894
child_adhd_9,1,0.00027226881550230586
child_adhd_9,1,0.00013397236358489225
child_adhd_9,1,0.6092999785569936
child_adhd_9,1,0.20455934922722205
child_adhd_9,1,0.04396689037216531
child_adhd_9,1,0.0008995906558080506
child_adhd_9,1,0.0019215956567705298
child_adhd_9,1,0.12977324166636106
child_adhd_9,1,0.0033891266194692004
child_adhd_9,1,0.18078628368972607
child_adhd_9,1,1.780363519946204e-05
child_adhd_9,1,8.376583552369856e-05
child_adhd_9,1,0.01893212496931623
child_adhd_9,1,0.00015660643787992714
child_adhd_9,1,0.0017813143889167703
child_adhd_9,1,0.03632030356711258
child_adhd_9,1,0.0017786064169454268
child_adhd_9,1,0.0005095801212326607
child_adhd_9,1,0.02394460693951619
child_adhd_9,1,0.0016150862059849226
child_adhd_9,1,0.0060954202269153795
child_adhd_9,1,0.13984973566853712
child_adhd_9,1,0.02744253924353865
child_adhd_9,1,0.06101527946608975
child_adhd_9,1,0.06986616226441851
child_adhd_9,1,0.00042597349769311096
child_adhd_9,1,0.001444294481568196
child_adhd_9,1,1.8692132534453566e-05
child_adhd_9,1,0.008415063776996221
child_adhd_9,1,0.0028725814290413406
child_adhd_9,1,5.2070041149255256e-05
child_adhd_9,1,0.001481549508799494
child_adhd_9,1,0.9953516771663605
child_adhd_9,1,0.08597906654091927
child_adhd_9,1,0.18157770493547087
child_adhd_9,1,0.5048125661035672
child_adhd_9,1,0.48131579298619526
child_adhd_9,1,0.9001416680630271
child_adhd_9,1,0.5269736374845544
child_adhd_9,1,0.29565743621776147
child_adhd_9,1,0.008284609147613446
child_adhd_9,1,0.012361457451378878
child_adhd_9,1,0.7962546378612427
child_adhd_9,1,0.5175784118845589
child_adhd_9,1,0.6459876472671345
child_adhd_9,1,0.9877355459099085
child_adhd_9,1,0.9832276861478164
child_adhd_9,1,0.06102126733813797
child_adhd_9,1,0.3430343748687874
child_adhd_9,1,0.6688831573189629
child_adhd_9,1,0.03190686657443579
child_adhd_9,1,0.6226444541494587
child_adhd_9,1,0.9997047663752062
child_adhd_9,1,0.9829720999275142
child_adhd_9,1,0.44310830786395833
child_adhd_9,1,0.9760737348917387
child_adhd_9,1,0.6494463984305193
child_adhd_9,1,0.0015320035905409361
child_adhd_9,1,0.12759203835445393
child_adhd_9,1,0.30703874151170873
child_adhd_9,1,0.029926240091338496
child_adhd_10,1,0.42010245984310823
child_adhd_10,1,0.11283647402180684
child_adhd_10,1,0.9579955767064169
child_adhd_10,1,0.7628809464964416
child_adhd_10,1,0.6817546580819638
child_adhd_10,1,0.38979761765697535
child_adhd_10,1,0.3006501940537686
child_adhd_10,1,0.9584795908036949
child_adhd_10,1,0.9825836126834065
child_adhd_10,1,0.9557536568201896
child_adhd_10,1,0.9917818848169397
child_adhd_10,1,0.9954965316173761
child_adhd_10,1,0.1002430649417591
child_adhd_10,1,0.9555711232481641
child_adhd_10,1,0.8165772532925779
child_adhd_10,1,0.08663419921938206
child_adhd_10,1,0.9431345481659082
child_adhd_10,1,0.011726507902252265
child_adhd_10,1,0.012086936529716246
child_adhd_10,1,0.9049306803277606
child_adhd_10,1,0.9933183533471244
child_adhd_10,1,0.03378459183978122
child_adhd_10,1,0.994491720009833
child_adhd_10,1,0.5591779174761671
child_adhd_10,1,0.10560292751467946
child_adhd_10,1,0.36796250337794867
child_adhd_10,1,0.9992215877898962
child_adhd_10,1,0.9995119178021059
child_adhd_10,1,0.15936992576863218
child_adhd_10,1,0.958736977004346
child_adhd_10,1,0.04173730654748077
child_adhd_11,1,4.512932488616785e-08
child_adhd_11,1,6.647530634100604e-08
child_adhd_11,1,5.2115545822000056e-05
child_adhd_11,1,2.3761090744986497e-07
child_adhd_11,1,1.3721926119841269e-06
child_adhd_11,1,4.820759942848002e-05
child_adhd_11,1,0.9766716104253371
child_adhd_11,1,0.038220234031040086
child_adhd_11,1,0.008594734005400402
child_adhd_11,1,0.00037953783329198207
child_adhd_11,1,8.13912389905446e-06
child_adhd_11,1,0.001006228601783795
child_adhd_11,1,0.0005363475843933559
child_adhd_11,1,0.0007182085774219401
child_adhd_11,1,0.001244559298399989
child_adhd_11,1,0.001374116920811327
child_adhd_11,1,0.0009926773898260805
child_adhd_11,1,0.00010521336609047247
child_adhd_11,1,3.164799695882739e-07
child_adhd_11,1,6.376723821166854e-08
child_adhd_11,1,5.470402713195036e-06
child_adhd_11,1,1.1860718732865036e-07
child_adhd_12,1,0.0005023387747454431
child_adhd_12,1,0.5813744783371468
child_adhd_12,1,0.6888456300603608
child_adhd_12,1,0.4844158063216625
child_adhd_12,1,0.12290153724403714
child_adhd_12,1,0.9932039895425953
child_adhd_12,1,0.8026885805515541
child_adhd_12,1,0.9155058546132718
child_adhd_12,1,0.9632595867692579
child_adhd_12,1,0.9470722060542582
child_adhd_12,1,0.8988396721169406
child_adhd_12,1,0.9940512049866842
child_adhd_12,1,0.9782690462344517
child_adhd_12,1,0.559490608069757
child_adhd_12,1,0.0109682580322133
child_adhd_12,1,0.15570492946791492
child_adhd_12,1,0.9918391193464104
child_adhd_12,1,0.9988905980301498
child_adhd_12,1,0.9869106863796246
child_adhd_12,1,0.0528906173182223
child_adhd_12,1,0.9667495160728119
child_adhd_12,1,0.10527569721502618
child_adhd_12,1,0.9772988851413265
child_adhd_12,1,0.039530043037295924
child_adhd_12,1,0.00011763215436193602
child_adhd_12,1,0.004181751085931082
child_adhd_12,1,0.022366883683862738
child_adhd_12,1,0.024144279749262098
child_adhd_12,1,0.15053751269069113
child_adhd_12,1,0.4896376884196299
child_adhd_12,1,0.0019784017315306163
child_adhd_13,1,0.007781778601652039
child_adhd_13,1,0.007830788001313482
child_adhd_13,1,0.00011972587328859702
child_adhd_13,1,0.9838721482904552
child_adhd_13,1,0.22113651318972263
child_adhd_13,1,0.002895961667469639
child_adhd_13,1,0.5456979370272734
child_adhd_13,1,0.06795268245613958
child_adhd_13,1,0.006796328640438623
child_adhd_13,1,0.11011761853091406
child_adhd_13,1,0.414017939785868
child_adhd_13,1,0.35620175781388186
child_adhd_13,1,0.6123692289713071
child_adhd_13,1,0.24081177008316182
child_adhd_13,1,0.22274552621443688
child_adhd_13,1,0.004855593492441863
child_adhd_13,1,0.00018462775447725366
child_adhd_13,1,0.35500426481043584
child_adhd_14,1,0.9997380354128128
child_adhd_14,1,0.9971949638675249
child_adhd_14,1,0.8939853999617827
child_adhd_14,1,0.938974804569894
child_adhd_14,1,0.9105283398487899
child_adhd_14,1,0.9923623438298964
child_adhd_14,1,0.9999859818432761
child_adhd_14,1,0.9998222404082199
child_adhd_14,1,0.9998094526516867
child_adhd_14,1,0.9999998334038431
child_adhd_14,1,0.9999999980855405
child_adhd_14,1,0.9999812901953047
child_adhd_14,1,0.9998014935174252
child_adhd_14,1,0.999997767432336
child_adhd_14,1,0.9993685664643104
child_adhd_14,1,0.999760281204563
child_adhd_14,1,0.9731540085858437
child_adhd_14,1,0.9985006585893931
child_adhd_14,1,0.9999531153289188
child_adhd_14,1,0.9999997132742005
child_adhd_14,1,0.9999905012117101
child_adhd_14,1,0.9993499911683941
child_adhd_14,1,0.9999980455783003
child_adhd_14,1,0.9999926052487846
child_adhd_14,1,0.9997246423202926
child_adhd_14,1,0.9999985751695939
child_adhd_14,1,0.9999802302546325
child_adhd_14,1,0.9989090445224896
child_adhd_14,1,0.9999917946649873
child_adhd_14,1,0.9999997685855226
child_adhd_14,1,0.9999999223960601
child_adhd_14,1,0.9999999471562345
child_adhd_14,1,0.9999999743797856
child_adhd_14,1,0.9999935526115004
child_adhd_14,1,0.9999991809084744
child_adhd_14,1,0.9999987784092695
child_adhd_14,1,0.9999822628761269
child_adhd_14,1,0.9999998476037285
child_adhd_14,1,0.9999999980371579
child_adhd_14,1,0.9999999994540154
child_adhd_14,1,0.9999999972363789
child_adhd_14,1,0.9999999345204916
child_adhd_14,1,0.9999998823620145
child_adhd_14,1,0.9999963536232058
child_adhd_14,1,0.9999951177659493
child_adhd_14,1,0.9999567354156189
child_adhd_14,1,0.9999528114243638
child_adhd_14,1,0.9999867463479376
child_adhd_14,1,0.9999952167726872
child_adhd_14,1,0.9998594429739998
child_adhd_14,1,0.9948916631955723
child_adhd_14,1,0.999986717499969
child_adhd_14,1,0.9999825929387701
child_adhd_14,1,0.9999999992901023
child_adhd_14,1,0.9999646959861881
child_adhd_15,1,0.7489138490021331
child_adhd_15,1,0.7727049883951401
child_adhd_15,1,0.020889686234606526
child_adhd_15,1,0.4619722452100487
child_adhd_15,1,0.05579373429927396
child_adhd_15,1,0.58422601965212
child_adhd_15,1,0.997737211976622
child_adhd_15,1,0.9584728604544576
child_adhd_15,1,0.9999542135923244
child_adhd_15,1,0.081534471948691
child_adhd_15,1,0.9987702717775817
child_adhd_15,1,0.9995181883466169
child_adhd_15,1,0.9996063303269892
child_adhd_15,1,0.9999998767989943
child_adhd_15,1,0.9999998122459279
child_adhd_15,1,0.9999970181506802
child_adhd_15,1,0.9232961586874533
child_adhd_15,1,0.9509278591143813
child_adhd_15,1,0.9079350601762105
child_adhd_15,1,0.1160873452189166
child_adhd_15,1,0.2984525998469166
child_adhd_15,1,0.9968607848520784
child_adhd_15,1,0.9870521320130352
child_adhd_15,1,0.9959954182853058
child_adhd_15,1,0.9802053794736582
child_adhd_15,1,0.7901105072103733
child_adhd_15,1,0.05900584103852649
child_adhd_15,1,0.7672021062636999
child_adhd_15,1,0.9934210713238153
child_adhd_15,1,0.9728337053461681
child_adhd_15,1,0.9990468453464657
child_adhd_15,1,0.9999584650867801
child_adhd_15,1,0.9971035187217364
child_adhd_15,1,0.9099094184746347
child_adhd_15,1,0.9999999645325827
child_adhd_15,1,0.8686516100037808
child_adhd_15,1,0.1275788150307227
child_adhd_15,1,0.8986745190972549
child_adhd_15,1,0.9862511618134973
child_adhd_15,1,0.5904925668702872
child_adhd_15,1,0.00994463593151906
child_adhd_15,1,0.01299744079753401
child_adhd_15,1,0.8237459359274635
child_adhd_15,1,0.7354886912997107
child_adhd_15,1,0.8511299346021755
child_adhd_15,1,0.08487729168323042
child_adhd_15,1,0.9092845001264747
child_adhd_15,1,0.28549185341300043
child_adhd_15,1,0.47569339780598285
child_adhd_15,1,0.9057166213902423
child_adhd_15,1,0.07280125992279585
child_adhd_15,1,0.9675925407194291
child_adhd_16,1,0.049262863680264946
child_adhd_16,1,0.6745961614029671
child_adhd_16,1,0.0090103602663866
child_adhd_16,1,0.0012071923429914744
child_adhd_16,1,0.18023938152375985
child_adhd_16,1,0.962429522125725
child_adhd_16,1,0.5531873207003113
child_adhd_16,1,0.024707795473297052
child_adhd_16,1,0.012463386629963743
child_adhd_16,1,0.24660038121501993
child_adhd_16,1,0.08040590845608472
child_adhd_16,1,0.999701598767119
child_adhd_16,1,0.9999756549630163
child_adhd_16,1,0.01348372279704437
child_adhd_16,1,0.0004912374496488994
child_adhd_16,1,6.760983349599493e-05
child_adhd_16,1,0.03001524492592076
child_adhd_16,1,0.001095201516816701
child_adhd_16,1,0.25692712220137454
child_adhd_16,1,0.010429863227164604
child_adhd_16,1,0.0007364765310412234
child_adhd_16,1,0.015111113089234358
child_adhd_16,1,0.0009566301697376511
child_adhd_16,1,0.014696503205761338
child_adhd_16,1,6.161811890290794e-06
child_adhd_16,1,3.6468742352332286e-05
child_adhd_16,1,0.9609484350375104
child_adhd_16,1,0.006100634420051534
child_adhd_16,1,4.14955737402709e-05
child_adhd_16,1,0.0005550084755042717
child_adhd_16,1,6.275718048210311e-05
child_adhd_16,1,1.7347530651490863e-06
child_adhd_16,1,3.256530051542427e-07
child_adhd_16,1,0.020146376814568184
child_adhd_16,1,0.9284373947903934
child_adhd_16,1,0.7677490198967711
child_adhd_16,1,0.5112363167615849
child_adhd_16,1,0.0026951888579480935
child_adhd_16,1,0.0013920270242961867
child_adhd_16,1,0.004482699167573728
child_adhd_16,1,0.009492461247951493
child_adhd_16,1,0.8773416973665927
child_adhd_16,1,0.011352500779824748
child_adhd_16,1,0.03187442755162592
child_adhd_16,1,0.07080215906065049
child_adhd_16,1,0.007617398226424502
child_adhd_17,1,0.12937344828562816
child_adhd_17,1,0.9998967121778033
child_adhd_17,1,0.1046719203373106
child_adhd_17,1,0.10391093156985962
child_adhd_17,1,0.020599762645985908
child_adhd_17,1,0.03939152472668995
child_adhd_17,1,0.2008102718374363
child_adhd_17,1,0.1529478780565716
child_adhd_17,1,0.996012867849364
child_adhd_17,1,0.8870882597876012
child_adhd_17,1,0.9577783383760189
child_adhd_17,1,0.9764463097882865
child_adhd_17,1,0.0640509260489915
child_adhd_17,1,0.09462413728600352
child_adhd_17,1,0.3772877804189092
child_adhd_17,1,0.9529059072844596
child_adhd_17,1,0.013541594836079165
child_adhd_17,1,0.0007786641719855086
child_adhd_17,1,0.003294933617511926
child_adhd_17,1,0.25532548235167957
child_adhd_17,1,0.9236163619152712
child_adhd_17,1,0.9991852274116073
child_adhd_17,1,0.9969370977276526
child_adhd_17,1,0.07748943759226701
child_adhd_17,1,0.7605649337078145
child_adhd_17,1,0.869802274026619
child_adhd_17,1,0.26653937098245717
child_adhd_17,1,0.20894987646334467
child_adhd_17,1,0.12145345607078484
child_adhd_17,1,0.4763696292909631
child_adhd_17,1,0.926385764047042
child_adhd_17,1,0.7492931134871091
child_adhd_17,1,0.9038738555037992
child_adhd_17,1,0.03334651385184197
child_adhd_17,1,0.043318515738805206
child_adhd_17,1,0.01879451656133617
child_adhd_17,1,0.0800447142404363
child_adhd_17,1,0.28539290568300574
child_adhd_17,1,0.14442302636749735
child_adhd_17,1,0.037321892469947555
child_adhd_17,1,0.005170255278015598
child_adhd_18,1,3.5455345441291155e-06
child_adhd_18,1,3.3592481674806286e-08
child_adhd_18,1,0.033727701714192454
child_adhd_18,1,0.005685803226753673
child_adhd_18,1,0.6717061827032502
child_adhd_18,1,0.03582764899099093
child_adhd_18,1,0.00015986559850197864
child_adhd_18,1,0.025986202578421467
child_adhd_18,1,0.014450470008128682
child_adhd_18,1,0.4355283360786065
child_adhd_18,1,0.18307371209291737
child_adhd_18,1,0.11334882601517433
child_adhd_18,1,0.4409265055036555
child_adhd_18,1,0.05921588031417045
child_adhd_18,1,0.6450278529224259
child_adhd_18,1,0.8866183572412589
child_adhd_18,1,0.06013869435837335
child_adhd_18,1,0.024729907513551325
child_adhd_18,1,0.03342150413532827
child_adhd_18,1,0.012225112585977535
child_adhd_18,1,0.3343400426877681
child_adhd_19,1,0.9999999997614757
child_adhd_19,1,0.8956520032460515
child_adhd_19,1,0.9999995285469527
child_adhd_19,1,0.9999999998826579
child_adhd_19,1,0.9999999994748143
child_adhd_19,1,0.06261489382825258
child_adhd_19,1,0.0147588649009378
child_adhd_19,1,0.9999999937590891
child_adhd_19,1,0.9740392780473344
child_adhd_19,1,0.04446581371850768
child_adhd_19,1,0.03229277122427545
child_adhd_19,1,0.1727916032045527
child_adhd_19,1,0.012412752615112993
child_adhd_19,1,0.2017815517951682
child_adhd_19,1,0.01935454912616398
child_adhd_19,1,0.4212165942800748
child_adhd_19,1,0.256314670790839
child_adhd_19,1,0.22520015968114138
child_adhd_19,1,0.5245784425989103
child_adhd_19,1,0.04023829939509426
child_adhd_19,1,0.02088889974245398
child_adhd_19,1,0.002744601805419197
child_adhd_19,1,0.0017497868890589583
child_adhd_19,1,0.036601109643972875
child_adhd_19,1,0.011617234578330663
child_adhd_19,1,0.9999986823475744
child_adhd_19,1,0.9999999999999842
child_adhd_19,1,0.9999999999947846
child_adhd_19,1,2.993085809817231e-05
child_adhd_19,1,0.05494579328345738
child_adhd_19,1,0.0019112162175274284
child_adhd_19,1,0.000111418100628027
child_adhd_19,1,0.024832979598295366
child_adhd_19,1,0.5158472716391564
child_adhd_20,1,0.05969582765617084
child_adhd_20,1,0.0003827936829637573
child_adhd_20,1,1.752196119544331e-06
child_adhd_20,1,6.579357213700223e-05
child_adhd_20,1,5.751916635041609e-08
child_adhd_20,1,0.0005631724914796619
child_adhd_20,1,0.18802961861804965
child_adhd_20,1,0.005322264811292923
child_adhd_20,1,0.21469940448722857
child_adhd_20,1,0.9188232106817602
child_adhd_20,1,0.7743040778617805
child_adhd_20,1,0.05690410085478403
child_adhd_20,1,3.6373151289142816e-06
child_adhd_20,1,3.2862713646164146e-12
child_adhd_20,1,4.022738003617882e-14
child_adhd_20,1,3.927458336553618e-06
child_adhd_20,1,8.046854623678486e-10
child_adhd_20,1,1.0408933262483318e-06
child_adhd_20,1,5.671524325856018e-11
child_adhd_20,1,3.437399167009196e-07
child_adhd_20,1,1.4995294659192366e-06
child_adhd_20,1,0.00203174938907799
child_adhd_20,1,5.489745647208762e-10
child_adhd_20,1,1.9931780742846068e-07
child_adhd_20,1,1.6490148286250505e-11
child_adhd_20,1,2.8839726651354166e-05
child_adhd_20,1,0.0017408999898702413
child_adhd_20,1,0.0014070238956621606
child_adhd_20,1,0.32324932193960004
child_adhd_20,1,0.9393476489567472
child_adhd_20,1,0.9741745975842903
child_adhd_20,1,0.950008072916569
child_adhd_20,1,0.5569480652700636
child_adhd_20,1,0.454520825108104
child_adhd_20,1,0.35895241559293395
child_adhd_20,1,0.07636704441645098
child_adhd_20,1,0.9999098078961554
child_adhd_20,1,0.8367313227596639
child_adhd_20,1,0.9995795556398408
child_adhd_20,1,0.9725938785967899
child_adhd_20,1,0.0660154896973247
child_adhd_20,1,0.000166676824326954
child_adhd_20,1,0.0033618386324702713
child_adhd_20,1,0.9834575261993689
child_adhd_20,1,0.9595405340403678
child_adhd_20,1,0.0002198364558584932
child_adhd_20,1,0.0018156817444269946
child_adhd_20,1,1.9182255300692703e-05
child_adhd_20,1,3.670081352093689e-06
child_adhd_20,1,0.5709155838821968
child_adhd_20,1,0.899041306057348
child_adhd_20,1,0.005691935168563537
child_adhd_20,1,0.00023025005920033887
child_adhd_20,1,0.014867796125418912
child_adhd_20,1,0.998513625656387
child_adhd_20,1,0.8399264592124223
child_adhd_21,1,0.9850938235434941
child_adhd_21,1,0.02459689429508264
child_adhd_21,1,0.6511464692949709
child_adhd_21,1,0.2485307349443781
child_adhd_21,1,0.927747449402121
child_adhd_21,1,0.9206440402043736
child_adhd_21,1,0.9980533795921653
child_adhd_21,1,0.9996717364154502
child_adhd_21,1,0.9429170981551861
child_adhd_21,1,0.05967868337206478
child_adhd_21,1,0.1762217357628572
child_adhd_21,1,0.6840414669326917
child_adhd_21,1,0.992794012677026
child_adhd_21,1,0.8905159065284045
child_adhd_21,1,0.9597116904244934
child_adhd_21,1,0.685405490177507
child_adhd_21,1,0.7941704147872476
child_adhd_21,1,0.9488488892756743
child_adhd_21,1,0.987961438810144
child_adhd_21,1,0.2386912407270984
child_adhd_21,1,0.01733270372653141
child_adhd_21,1,0.10525025203085632
child_adhd_21,1,0.3967147545064827
child_adhd_21,1,0.08834698748891172
child_adhd_21,1,0.05134555203265127
child_adhd_21,1,0.5903161788713699
child_adhd_21,1,0.04698948853069205
child_adhd_21,1,0.41984981176662617
child_adhd_21,1,0.7648168520391935
child_adhd_21,1,0.9611852837426943
child_adhd_21,1,0.9954173347819874
child_adhd_21,1,0.5903510838539356
child_adhd_21,1,0.7130631949670039
child_adhd_21,1,0.8371651823798044
child_adhd_21,1,0.8993917324706275
child_adhd_21,1,0.09793089748547586
child_adhd_21,1,0.31073584234013424
child_adhd_22,1,0.003128923577364494
child_adhd_22,1,0.15978189474650156
child_adhd_22,1,0.019847379907066136
child_adhd_22,1,0.026564800060933185
child_adhd_22,1,0.02995345858563747
child_adhd_22,1,0.024024523740150964
child_adhd_22,1,0.060316465131190995
child_adhd_22,1,0.34154722765615914
child_adhd_22,1,0.3427959693081967
child_adhd_22,1,0.1126171640567145
child_adhd_22,1,0.9430746726296106
child_adhd_22,1,0.020861766176448793
child_adhd_22,1,0.0460269143900154
child_adhd_22,1,0.010891251599069722
child_adhd_22,1,0.07752609753176305
child_adhd_22,1,0.05418225766930426
child_adhd_22,1,0.003580965725911487
child_adhd_22,1,0.15789574755735705
child_adhd_22,1,0.7190759284425512
child_adhd_22,1,0.023314808490801062
child_adhd_22,1,0.14165958721362393
child_adhd_22,1,0.8913567052094491
child_adhd_22,1,0.11328254084865234
child_adhd_22,1,0.2330337948915884
child_adhd_22,1,0.0064791409412882145
child_adhd_22,1,0.26535692566412944
child_adhd_22,1,0.22286192390851714
child_adhd_22,1,0.003965046023261465
child_adhd_23,1,0.5602878631017607
child_adhd_23,1,0.012400234983541264
child_adhd_23,1,0.0013845953871056732
child_adhd_23,1,0.017003498548374924
child_adhd_23,1,0.002092261973183534
child_adhd_23,1,0.016485384597671446
child_adhd_23,1,2.5448079887954983e-05
child_adhd_23,1,0.003819704879447158
child_adhd_23,1,0.004153009986410758
child_adhd_23,1,0.016662796929791796
child_adhd_23,1,0.0004524745160888492
child_adhd_23,1,8.888748871690384e-05
child_adhd_23,1,0.00397974451703227
child_adhd_23,1,0.000327917384286227
child_adhd_23,1,0.023489642752110847
child_adhd_23,1,0.002318052394998451
child_adhd_23,1,0.0002886980688870417
child_adhd_23,1,0.07245372886245063
child_adhd_23,1,0.32056566208237075
child_adhd_23,1,0.29128582277283455
child_adhd_23,1,0.925657060169752
child_adhd_23,1,0.9426755762062098
child_adhd_23,1,0.9823821373227206
child_adhd_23,1,0.7715429789716722
child_adhd_23,1,0.015396214910318319
child_adhd_23,1,0.011469741251487873
child_adhd_23,1,0.00014876194686518039
child_adhd_23,1,0.0008289865245922999
child_adhd_23,1,0.0007878391065175312
child_adhd_23,1,0.001580450417634638
child_adhd_23,1,0.058178441009176546
child_adhd_23,1,0.21850698709059566
child_adhd_24,1,0.9999916777804303
child_adhd_24,1,0.9999061378869452
child_adhd_24,1,0.9960519074554613
child_adhd_24,1,0.9998258772193271
child_adhd_24,1,0.9999759670776994
child_adhd_24,1,0.9998572657279469
child_adhd_24,1,0.9997511830211233
child_adhd_24,1,0.9997871150577887
child_adhd_24,1,0.9999466115197618
child_adhd_24,1,0.9998387508728176
child_adhd_24,1,0.9993610993983836
child_adhd_24,1,0.9976234639578345
child_adhd_24,1,0.9996163900144627
child_adhd_24,1,0.9904808078402317
child_adhd_24,1,0.9784345079134865
child_adhd_24,1,0.9997435513582397
child_adhd_24,1,0.9999832228290482
child_adhd_25,1,0.7245920392807872
child_adhd_25,1,0.9997743119746964
child_adhd_25,1,0.9996880316281533
child_adhd_25,1,0.7276666021969873
child_adhd_25,1,0.8740760537922473
child_adhd_25,1,0.04468272563846577
child_adhd_25,1,0.08981590860053798
child_adhd_25,1,0.05009705027060142
child_adhd_25,1,0.8537414012666863
child_adhd_25,1,0.7621057159792136
child_adhd_25,1,0.497198391654546
child_adhd_25,1,0.9976452700427832
child_adhd_25,1,0.7112450121762838
child_adhd_25,1,0.7424717626003986
child_adhd_25,1,0.9988718000120002
child_adhd_25,1,0.7655103089806585
child_adhd_25,1,0.9861482400099787
child_adhd_25,1,0.9961665461377013
child_adhd_25,1,0.998335863752905
child_adhd_25,1,0.9681347123428686
child_adhd_25,1,7.013917835890932e-05
child_adhd_25,1,0.9903575828335077
child_adhd_25,1,0.999397690943793
child_adhd_25,1,0.9951869456795459
child_adhd_25,1,0.9395706875927355
child_adhd_25,1,0.9998447654635639
child_adhd_25,1,0.9791295340775086
child_adhd_25,1,0.9995031512132748
child_adhd_25,1,0.9999999845660315
child_adhd_25,1,0.9991482713423541
child_adhd_25,1,0.7203222422528416
child_adhd_25,1,0.9999998895353088
child_adhd_25,1,0.9999785788636113
child_adhd_25,1,0.9936075169580698
child_adhd_25,1,0.999215688146471
child_adhd_25,1,1.022024796085094e-05
child_adhd_25,1,0.25727413900961477
child_adhd_25,1,0.9999980792392732
child_adhd_25,1,0.9999995826235751
child_adhd_25,1,0.820093923343453
child_adhd_25,1,0.0002187777254953388
child_adhd_25,1,0.006302202158811269
child_adhd_25,1,0.10543301599012743
child_adhd_25,1,0.9810933791610514
child_adhd_25,1,0.918086386238437
child_adhd_25,1,0.049213352232112983
child_adhd_25,1,0.08907735017198878
child_adhd_26,1,0.041905964809066436
child_adhd_26,1,0.9811510901696023
child_adhd_26,1,0.008763893820134714
child_adhd_26,1,0.2735830853781792
child_adhd_26,1,0.6407500434955729
child_adhd_26,1,0.007459204267521951
child_adhd_26,1,0.0006039778049783649
child_adhd_26,1,0.0007262861753887369
child_adhd_26,1,0.020086384582719302
child_adhd_26,1,0.6650894334506847
child_adhd_26,1,0.6323084197654524
child_adhd_26,1,0.7305056624223529
child_adhd_26,1,0.0609661301571009
child_adhd_26,1,0.045692737314748495
child_adhd_26,1,0.8466231156640366
child_adhd_26,1,0.2658231570773195
child_adhd_26,1,0.7457253703912073
child_adhd_26,1,0.3408251006594201
child_adhd_26,1,0.012217053677033315
child_adhd_26,1,0.28747947819454106
child_adhd_26,1,0.012521816609317562
child_adhd_26,1,0.0003270205359717057
child_adhd_26,1,0.04359261216944286
child_adhd_26,1,0.06609252789544263
child_adhd_26,1,0.014983868807367432
child_adhd_26,1,0.14439831206042014
child_adhd_26,1,0.006086569650291228
child_adhd_26,1,0.00023241622598283536
child_adhd_26,1,0.004824241556592219
child_adhd_26,1,0.0014216858105680972
child_adhd_26,1,0.09225027026532093
child_adhd_26,1,0.49546163790728537
child_adhd_26,1,0.006026642064628236
child_adhd_26,1,0.8495478757185786
child_adhd_27,1,0.007069873487200253
child_adhd_27,1,0.6418991146082131
child_adhd_27,1,0.999988525376206
child_adhd_27,1,0.7857952005182778
child_adhd_27,1,0.7551632933492514
child_adhd_27,1,0.9708850433956356
child_adhd_27,1,0.9999865045990797
child_adhd_27,1,0.9999974375386246
child_adhd_27,1,0.9813781484992506
child_adhd_27,1,0.9999999654561812
child_adhd_27,1,0.9999987434191806
child_adhd_27,1,0.9999817691258677
child_adhd_27,1,0.9993313287430249
child_adhd_27,1,0.9238887856827334
child_adhd_27,1,0.9998244996539336
child_adhd_27,1,0.9999146865055747
child_adhd_27,1,0.999997808070042
child_adhd_27,1,0.9991703381285446
child_adhd_27,1,0.9994678726756987
child_adhd_27,1,0.9999731444164837
child_adhd_27,1,0.9898904261239324
child_adhd_27,1,0.9655523351941927
child_adhd_27,1,0.7256873742865277
child_adhd_27,1,0.9998127542408913
child_adhd_27,1,0.9001704530044444
child_adhd_27,1,0.9999952935235977
child_adhd_27,1,0.9996638090126153
child_adhd_27,1,0.540725057661804
child_adhd_27,1,0.9971302277085857
child_adhd_27,1,0.9996910142761194
child_adhd_27,1,0.054840184945834106
child_adhd_27,1,0.9928846795594728
child_adhd_27,1,0.9999996306484235
child_adhd_27,1,0.999998809404874
child_adhd_27,1,0.9999999998628739
child_adhd_27,1,0.9999949282489338
child_adhd_27,1,0.9999997795487889
child_adhd_27,1,0.9999961291601377
child_adhd_27,1,0.9999962163016153
child_adhd_27,1,0.9999999277077171
child_adhd_27,1,0.9999999770599485
child_adhd_27,1,0.9999723748920645
child_adhd_27,1,0.99999993428921
child_adhd_27,1,0.9999891759321434
child_adhd_27,1,0.9999999958815
child_adhd_27,1,0.9999999999860887
child_adhd_27,1,0.9999999993248221
child_adhd_27,1,0.9999999019651266
child_adhd_27,1,0.9999999655461415
child_adhd_27,1,0.9999999993469193
child_adhd_27,1,0.9999999443620573
child_adhd_27,1,0.9999999995487401
child_adhd_27,1,0.9999999912654819
child_adhd_27,1,0.9999845888870516
child_adhd_27,1,0.9999997831664137
child_adhd_27,1,0.9999999903822153
child_adhd_27,1,0.9999999973839813
child_adhd_27,1,0.999999793181266
child_adhd_27,1,0.999999979271954
child_adhd_27,1,0.9999999948280356
child_adhd_27,1,0.9999999942296116
child_adhd_27,1,0.9999818062321357
child_adhd_27,1,0.9999988871626143
child_adhd_27,1,0.9999998104999478
child_adhd_28,1,3.4173565524055914e-09
child_adhd_28,1,0.0009336735795073939
child_adhd_28,1,2.059596845164794e-08
child_adhd_28,1,3.6875786882098283e-16
child_adhd_28,1,7.373772300179801e-10
child_adhd_28,1,4.1980271975236726e-05
child_adhd_28,1,1.0455799251537046e-08
child_adhd_28,1,0.02374699382190002
child_adhd_28,1,1.8613831313324967e-09
child_adhd_28,1,8.290075425560653e-06
child_adhd_28,1,1.5786807835418655e-07
child_adhd_28,1,4.008133111478205e-05
child_adhd_28,1,0.0007351702926792221
child_adhd_28,1,0.058863030887336486
child_adhd_28,1,0.0001323202233201412
child_adhd_28,1,0.0011753175889592205
child_adhd_28,1,1.601662558778568e-05
child_adhd_28,1,1.4263365781782007e-05
child_adhd_28,1,0.010334471494468658
child_adhd_28,1,3.4194779995160094e-07
child_adhd_28,1,3.293983722294523e-05
child_adhd_28,1,4.775754511529211e-07
child_adhd_28,1,3.7427984890210066e-08
child_adhd_28,1,2.6683601743098683e-05
child_adhd_28,1,0.0075164445318992345
child_adhd_28,1,0.00187913957178392
child_adhd_28,1,0.004015277822033928
child_adhd_28,1,0.8487158934239326
child_adhd_28,1,0.4969278676468723
child_adhd_28,1,0.00017866945530065393
child_adhd_28,1,0.0005350456453622374
child_adhd_28,1,3.354943226053319e-06
child_adhd_28,1,0.00013021127389479845
child_adhd_28,1,0.042621506485679715
child_adhd_28,1,4.148489374872475e-07
child_adhd_28,1,6.196032340133762e-08
child_adhd_28,1,2.6573235805775512e-08
child_adhd_28,1,1.8709115316453897e-09
child_adhd_29,1,0.012528532985874993
child_adhd_29,1,0.6754549628751797
child_adhd_29,1,0.9972256575297286
child_adhd_29,1,0.029917780173907952
child_adhd_29,1,0.01229712969506904
child_adhd_29,1,0.0014484986380575659
child_adhd_29,1,0.9972729827864284
child_adhd_29,1,0.9997810827410164
child_adhd_29,1,0.9761297278001518
child_adhd_29,1,0.962682762833776
child_adhd_29,1,0.9995992346679975
child_adhd_29,1,0.9679366033791782
child_adhd_29,1,0.9985501153707009
child_adhd_29,1,0.8547818191550676
child_adhd_29,1,0.9999800847517369
child_adhd_29,1,0.9995389091748849
child_adhd_29,1,0.005111903002417949
child_adhd_29,1,0.9208001270714892
child_adhd_29,1,0.9956218024860962
child_adhd_29,1,0.7150093052325311
child_adhd_29,1,0.999635365942776
child_adhd_29,1,0.9983372882758118
child_adhd_29,1,0.9689649838911888
child_adhd_29,1,0.23621844478152484
child_adhd_29,1,0.26804237409230186
child_adhd_29,1,0.9738644402007833
child_adhd_29,1,0.7545070113412937
child_adhd_29,1,0.07370943814467952
child_adhd_29,1,0.5384631332447986
child_adhd_29,1,0.9148524622510839
child_adhd_29,1,0.8677494540731481
child_adhd_29,1,0.48353260736083764
child_adhd_29,1,0.3464411061714335
child_adhd_30,1,0.9411070655331408
child_adhd_30,1,0.9091909877558673
child_adhd_30,1,0.9994703767554185
child_adhd_30,1,0.9732173000027681
child_adhd_30,1,0.9737099290387173
child_adhd_30,1,0.998924581121136
child_adhd_30,1,0.0019799144237502993
child_adhd_30,1,0.22054921160247107
child_adhd_30,1,0.9023444838194975
child_adhd_30,1,0.25087245436858163
child_adhd_30,1,0.06056285556635312
child_adhd_30,1,0.122461565492379
child_adhd_30,1,0.9202552098094892
child_adhd_30,1,0.9742666178858898
child_adhd_30,1,0.9960670254514835
child_adhd_30,1,0.12002052572331533
child_adhd_30,1,0.0702353097137591
child_adhd_30,1,0.0019737644843520388
child_adhd_30,1,0.0002966238961743194
child_adhd_30,1,0.00024421313338778537
child_adhd_30,1,0.03131876587319858
child_adhd_30,1,0.5713179406682126
child_adhd_30,1,0.13189592081320742
child_adhd_30,1,0.9624855546890971
child_adhd_30,1,0.8494460269811027
child_adhd_30,1,0.005389057151857353
child_adhd_30,1,0.15134010914246
child_adhd_30,1,0.0004407027205772198
child_adhd_30,1,0.19534887779943708
child_adhd_31,1,0.9885080399703241
child_adhd_31,1,0.25791864840430456
child_adhd_31,1,0.6564113986279699
child_adhd_31,1,0.9840271645687118
child_adhd_31,1,0.9997937476394008
child_adhd_31,1,0.9998945579884597
child_adhd_31,1,0.5760095360023405
child_adhd_31,1,0.181213912472951
child_adhd_31,1,0.7567914757828411
child_adhd_31,1,0.9892734845939452
child_adhd_31,1,0.09426628081981725
child_adhd_31,1,0.21771445986198104
child_adhd_31,1,0.14358124029543629
child_adhd_31,1,0.986216761321965
child_adhd_31,1,0.08750011267467839
child_adhd_31,1,0.0017071280133924805
child_adhd_31,1,0.03607382606983679
child_adhd_31,1,0.01706443708288665
child_adhd_31,1,0.00016002990052618038
child_adhd_31,1,0.00263979377768184
child_adhd_31,1,0.06858043540885383
child_adhd_31,1,0.12507687163483105
child_adhd_31,1,0.13303971033532377
child_adhd_31,1,0.35517138862898445
child_adhd_31,1,0.40592110612718657
child_adhd_31,1,0.8896702006591164
child_adhd_31,1,0.9795905211873807
child_adhd_31,1,0.016258366759864397
child_adhd_31,1,0.0221444955617557
child_adhd_31,1,0.18874317730466322
child_adhd_31,1,0.11060794384648687
child_adhd_32,1,0.9899798809214937
child_adhd_32,1,0.9932264235783989
child_adhd_32,1,0.9644808683938051
child_adhd_32,1,0.9518328031404774
child_adhd_32,1,0.14455328110276555
child_adhd_32,1,0.0623269014618356
child_adhd_32,1,0.22813939343486098
child_adhd_32,1,0.5451783111136852
child_adhd_32,1,0.951052546101102
child_adhd_32,1,0.543566595579568
child_adhd_32,1,0.46630530790827746
child_adhd_32,1,0.9700036603133468
child_adhd_32,1,0.9585418801696158
child_adhd_32,1,0.6260883461150631
child_adhd_32,1,0.08592641724161516
child_adhd_32,1,0.5291480213349659
child_adhd_32,1,0.005186748950843611
child_adhd_32,1,0.09457677421441706
child_adhd_32,1,0.027980491468530797
child_adhd_32,1,0.8524277082206377
child_adhd_32,1,0.7091975421311821
child_adhd_32,1,0.6799626658268105
child_adhd_32,1,0.8288359865204509
child_adhd_33,1,0.7160051518641554
child_adhd_33,1,0.9969274691710476
child_adhd_33,1,0.9721824605505656
child_adhd_33,1,0.008617108016475838
child_adhd_33,1,0.7917367673422001
child_adhd_33,1,0.9735741799348406
child_adhd_33,1,0.6876447407308508
child_adhd_33,1,0.12478845467357379
child_adhd_33,1,0.7180575797501154
child_adhd_33,1,0.40013740178284823
child_adhd_33,1,0.04864368189342425
child_adhd_33,1,0.02223538666477883
child_adhd_33,1,0.012291543652224764
child_adhd_33,1,0.7511761681138998
child_adhd_33,1,0.8368036602309136
child_adhd_33,1,0.9949365772901018
child_adhd_33,1,0.030843869203249115
child_adhd_33,1,0.133473939752757
child_adhd_33,1,0.9132680659719643
child_adhd_34,1,0.008932064662729125
child_adhd_34,1,0.020718019537222666
child_adhd_34,1,0.028730391048745103
child_adhd_34,1,2.1842295782512714e-12
child_adhd_34,1,1.837528610272271e-05
child_adhd_34,1,0.018350336066837232
child_adhd_34,1,0.0007288023786098333
child_adhd_34,1,0.9988261025993935
child_adhd_34,1,5.280992586960597e-07
child_adhd_34,1,3.987714242152525e-05
child_adhd_34,1,3.606290045089827e-08
child_adhd_34,1,3.342273445734813e-05
child_adhd_34,1,0.017092810454506554
child_adhd_34,1,0.0036604758248804567
child_adhd_34,1,0.7358563877156946
child_adhd_34,1,0.6535671385989323
child_adhd_34,1,0.0031757722330028795
child_adhd_34,1,0.04000890358801327
child_adhd_34,1,0.001854453952159187
child_adhd_34,1,0.0028243495047760195
child_adhd_34,1,0.036399525127561824
child_adhd_34,1,0.0010756863339022329
child_adhd_34,1,0.0003976915065424549
child_adhd_34,1,0.002806631488327394
child_adhd_34,1,0.0017388261897720316
child_adhd_34,1,0.0003422640844898706
child_adhd_34,1,2.67774300471343e-05
child_adhd_34,1,0.00015478302074658883
child_adhd_34,1,0.0001319776194438743
child_adhd_34,1,0.007427581230801859
child_adhd_34,1,0.6335141613660449
child_adhd_34,1,0.2084028876840536
child_adhd_34,1,0.023700670286864286
child_adhd_34,1,0.007304615173014758
child_adhd_34,1,0.8868677016719515
child_adhd_35,1,0.002635914765373295
child_adhd_35,1,0.0028001667530464245
child_adhd_35,1,0.060383988429114265
child_adhd_35,1,0.001991029549506942
child_adhd_35,1,0.007521303821108671
child_adhd_35,1,0.002534469512698299
child_adhd_35,1,9.586567038442038e-05
child_adhd_35,1,3.024046996121641e-05
child_adhd_35,1,6.481167805323151e-05
child_adhd_35,1,0.00446363969710295
child_adhd_35,1,0.362643654925544
child_adhd_35,1,0.09616639070962886
child_adhd_35,1,0.002675753960065416
child_adhd_35,1,4.23246309951971e-06
child_adhd_35,1,0.0009622665399947208
child_adhd_35,1,0.00039816591998973865
child_adhd_35,1,1.4372397987900193e-07
child_adhd_35,1,3.116769469847777e-07
child_adhd_35,1,4.810497414688766e-06
child_adhd_35,1,7.158358536264022e-05
child_adhd_35,1,4.950929115623698e-06
child_adhd_35,1,1.3106167732203031e-05
child_adhd_35,1,4.4590780079039496e-05
child_adhd_35,1,7.225671920921521e-05
child_adhd_35,1,0.001816858767575448
child_adhd_35,1,7.689505110638662e-05
child_adhd_35,1,0.010087534409999084
child_adhd_35,1,0.014443651965286944
child_adhd_35,1,2.1541371426002513e-05
child_adhd_36,1,0.969771083056104
child_adhd_36,1,0.09843639846913398
child_adhd_36,1,0.7695524695133087
child_adhd_36,1,0.09249133401841528
child_adhd_36,1,0.05042165232362521
child_adhd_36,1,0.000872058725569033
child_adhd_36,1,0.0015069083809026204
child_adhd_36,1,0.9463685847115978
child_adhd_36,1,0.629966882011682
child_adhd_36,1,0.3451207049666049
child_adhd_36,1,0.03976884380335499
child_adhd_36,1,0.9764218287399137
child_adhd_36,1,0.6976791713278343
child_adhd_36,1,0.04323107779977255
child_adhd_36,1,0.9931552081866081
child_adhd_36,1,0.9987468204109462
child_adhd_36,1,0.9010124670646386
child_adhd_36,1,0.9300566060237269
child_adhd_36,1,0.9962249318363451
child_adhd_36,1,0.01867086693554359
child_adhd_36,1,0.32024989540602444
child_adhd_36,1,0.7315360568677615
child_adhd_36,1,0.10280392080403924
child_adhd_36,1,0.2626991493947603
child_adhd_36,1,0.840952263669713
child_adhd_37,1,1.0760662796700934e-05
child_adhd_37,1,5.010556882401024e-07
child_adhd_37,1,4.977261622694959e-06
child_adhd_37,1,0.0016155238504328975
child_adhd_37,1,0.06416613326017646
child_adhd_37,1,0.00463563222119789
child_adhd_37,1,0.0005628655109140223
child_adhd_37,1,0.00020116302763552895
child_adhd_37,1,0.00788872687352338
child_adhd_37,1,1.954912732163573e-06
child_adhd_37,1,0.005238093348327173
child_adhd_37,1,0.040909926632927834
child_adhd_37,1,6.232547534419594e-05
child_adhd_37,1,0.9713626037962964
child_adhd_37,1,0.04870783306916242
child_adhd_37,1,8.082134123250785e-06
child_adhd_37,1,0.0009537367491698626
child_adhd_37,1,0.007904421124288283
child_adhd_37,1,0.017693390152935206
child_adhd_37,1,0.0014494319412000222
child_adhd_37,1,0.0005609771439471677
child_adhd_37,1,0.01492562084705476
child_adhd_37,1,0.0001939971390424978
child_adhd_37,1,0.011556090314163985
child_adhd_37,1,0.9114820794545577
child_adhd_37,1,0.450696615163285
child_adhd_37,1,0.008076829096423132
child_adhd_37,1,0.0005942063774825929
child_adhd_37,1,0.00021773758037770555
child_adhd_37,1,0.0024129086870282256
child_adhd_37,1,6.078637738129508e-06
child_adhd_37,1,0.0006538050861241142
child_adhd_37,1,1.865713708090157e-05
child_adhd_37,1,6.826729927417921e-06
child_adhd_37,1,0.0012593265919590255
child_adhd_37,1,0.0045517625127296825
child_adhd_37,1,0.0001503623348683591
child_adhd_38,1,0.0018906062842429818
child_adhd_38,1,6.285340881678072e-05
child_adhd_38,1,0.7077104485409147
child_adhd_38,1,0.41475780710196536
child_adhd_38,1,0.6528314670283936
child_adhd_38,1,0.05720296751463539
child_adhd_38,1,0.02446223140686423
child_adhd_38,1,0.046329565675840546
child_adhd_38,1,0.439921530913528
child_adhd_38,1,0.9560322530590356
child_adhd_38,1,0.03195093585655028
child_adhd_38,1,0.03458159776860455
child_adhd_38,1,0.5171052445463988
child_adhd_38,1,0.5957256794160121
child_adhd_38,1,0.001565869480516654
child_adhd_38,1,0.00016583827863876047
child_adhd_38,1,0.7119376647623208
child_adhd_38,1,0.41812942276686915
child_adhd_38,1,0.8802313701692372
child_adhd_38,1,0.16363437573749426
child_adhd_38,1,0.96145335246976
child_adhd_38,1,0.5498227414401773
child_adhd_38,1,0.7925686295278304
child_adhd_39,1,0.9987366289941604
child_adhd_39,1,0.08238843661303231
child_adhd_39,1,0.45979377346781575
child_adhd_39,1,0.9998947509978847
child_adhd_39,1,0.9981729159120767
child_adhd_39,1,0.05125673284294274
child_adhd_39,1,0.8233433498162708
child_adhd_39,1,0.8841295122427695
child_adhd_39,1,0.9895849612548427
child_adhd_39,1,0.7787513659974462
child_adhd_39,1,0.9857908688961279
child_adhd_39,1,0.8968504258149567
child_adhd_39,1,0.6079241365927054
child_adhd_39,1,0.3776136563669573
child_adhd_39,1,0.8795401268044829
child_adhd_39,1,0.9865801972849371
child_adhd_39,1,0.15605056685945923
child_adhd_39,1,0.011286111120997106
child_adhd_39,1,0.340018089063186
child_adhd_39,1,0.7228674033960625
child_adhd_39,1,0.9993939499199221
child_adhd_39,1,0.9991390563516424
child_adhd_39,1,0.7835656481167617
child_adhd_39,1,0.9836493200877123
child_adhd_39,1,0.3921864212932701
child_adhd_39,1,0.000573938407886173
child_adhd_39,1,0.9773046600526313
child_adhd_39,1,0.8401244420190025
child_adhd_39,1,0.9162213174490361
child_adhd_39,1,0.999968689064301
child_adhd_39,1,0.6068856773215616
child_adhd_39,1,0.5642113581319763
child_adhd_39,1,0.7275908097583343
child_adhd_39,1,0.9612191082374825
child_adhd_39,1,0.9849691203872502
child_adhd_39,1,0.9981103889255156
child_adhd_39,1,0.9193412257647832
child_adhd_39,1,0.9939005838517531
child_adhd_40,1,0.9999414348270951
child_adhd_40,1,0.9989502394948058
child_adhd_40,1,0.8469741885156398
child_adhd_40,1,0.9999985637641924
child_adhd_40,1,0.9999641978995198
child_adhd_40,1,0.9981012546659811
child_adhd_40,1,0.9999999530373542
child_adhd_40,1,0.9999999868022516
child_adhd_40,1,0.006336620229571427
child_adhd_40,1,0.7275284449578217
child_adhd_40,1,0.9999999272022442
child_adhd_40,1,0.9999999927191485
child_adhd_40,1,0.999999999878272
child_adhd_40,1,0.9999985266264922
child_adhd_40,1,0.9999999142751614
child_adhd_40,1,0.9999999906222029
child_adhd_40,1,0.999999999932939
child_adhd_40,1,0.9999995049906486
child_adhd_40,1,0.9999522630612088
child_adhd_40,1,0.9999993031055472
child_adhd_40,1,0.9999840209747142
child_adhd_40,1,0.9993735410163244
child_adhd_40,1,0.9998761521602749
child_adhd_40,1,0.9976380104433522
child_adhd_40,1,0.9999999815508892
child_adhd_40,1,0.9999956895923768
child_adhd_40,1,0.9698236598737421
child_adhd_40,1,0.9998492950704798
child_adhd_40,1,0.999136199425676
child_adhd_40,1,0.9999999993684663
child_adhd_40,1,0.9994386222362004
child_adhd_40,1,0.9994562406526487
child_adhd_40,1,0.9999900097787704
child_adhd_40,1,0.9893478261341543
child_adhd_40,1,0.4311964459334279
child_adhd_40,1,0.9796983810856237
child_adhd_40,1,0.7701272449353695
child_adhd_40,1,0.9995605124687532
child_adhd_41,1,0.11790304096083319
child_adhd_41,1,2.1919051590442013e-07
child_adhd_41,1,2.322132052424601e-07
child_adhd_41,1,0.8478580305033525
child_adhd_41,1,0.07683898155573177
child_adhd_41,1,0.0005021468306272363
child_adhd_41,1,0.9970890922252278
child_adhd_41,1,0.9946808586446053
child_adhd_41,1,0.1655173683353887
child_adhd_41,1,0.4567044818547966
child_adhd_41,1,0.9739672866853116
child_adhd_41,1,0.5807891050736919
child_adhd_41,1,2.8467928605188438e-05
child_adhd_41,1,0.0010556787068539976
child_adhd_41,1,0.004041347486158863
child_adhd_41,1,0.0023682624380753628
child_adhd_41,1,0.016102147474586125
child_adhd_41,1,0.9909364246952731
child_adhd_41,1,0.988809293213911
child_adhd_41,1,2.1481340659638837e-06
child_adhd_41,1,0.00010650327807938327
child_adhd_41,1,0.0002609476878674707
child_adhd_41,1,1.9938544833794605e-07
child_adhd_41,1,0.03373882074155322
child_adhd_41,1,0.5171347722103338
child_adhd_41,1,0.00011494261831589367
child_adhd_41,1,0.003690875428016094
child_adhd_41,1,0.2639421942921336
child_adhd_41,1,0.0012483645498798696
child_adhd_41,1,0.019857136133554575
child_adhd_41,1,0.3532745638624909
child_adhd_41,1,0.06408992356604194
child_adhd_41,1,2.437916418422066e-07
child_adhd_41,1,3.545484370095719e-05
child_adhd_41,1,0.00617391208734562
child_adhd_41,1,0.11082423560713366
child_adhd_41,1,0.3137808211815601
child_adhd_41,1,0.910009197073651
child_adhd_41,1,0.9996758034540634
child_adhd_41,1,0.2458950441150546
child_adhd_41,1,0.9999877223302547
child_adhd_41,1,0.974376568296299
child_adhd_41,1,0.7499238423292915
child_adhd_41,1,0.9720894645103132
child_adhd_41,1,0.996071032999033
child_adhd_41,1,0.0006036740710616195
child_adhd_41,1,0.0005704939581160203
child_adhd_41,1,0.13225829546632667
child_adhd_41,1,0.1060205353728095
child_adhd_41,1,0.0693381892830468
child_adhd_41,1,0.0002734898146018159
child_adhd_41,1,0.9916293207258384
child_adhd_41,1,0.9370899791277085
child_adhd_41,1,0.0005739342617572179
child_adhd_41,1,0.8436895223955512
child_adhd_41,1,0.0009054345954163167
child_adhd_41,1,1.4572483912984551e-06
child_adhd_41,1,0.013744228431898898
child_adhd_42,1,0.9998429813205462
child_adhd_42,1,0.9999842911553241
child_adhd_42,1,0.9999914350917262
child_adhd_42,1,0.9999619206020265
child_adhd_42,1,0.9938212908296596
child_adhd_42,1,0.9994395504043124
child_adhd_42,1,0.9999486546764714
child_adhd_42,1,0.9998153879699507
child_adhd_42,1,0.6604491057186118
child_adhd_42,1,0.9998240372698006
child_adhd_42,1,0.9999806535532868
child_adhd_42,1,0.9982095108589287
child_adhd_42,1,0.9965908656870861
child_adhd_42,1,0.9964624789533629
child_adhd_42,1,0.9999992967875386
child_adhd_42,1,0.9999848220573931
child_adhd_42,1,0.9999879995158222
child_adhd_42,1,0.9999539558589581
child_adhd_42,1,0.9999978536605134
child_adhd_42,1,0.9999957424047233
child_adhd_42,1,0.9999870758743429
child_adhd_42,1,0.9988725810500072
child_adhd_42,1,0.9999434953233598
child_adhd_43,1,0.00830151483017363
child_adhd_43,1,0.014456381770048567
child_adhd_43,1,0.0006501329140363895
child_adhd_43,1,0.004873805225435739
child_adhd_43,1,0.00048088171828683984
child_adhd_43,1,0.0577443736169093
child_adhd_43,1,0.24125931422704242
child_adhd_43,1,0.0005756149715910797
child_adhd_43,1,0.007904778862126228
child_adhd_43,1,0.060125368595932094
child_adhd_43,1,0.07042645663901563
child_adhd_43,1,0.5657513641317069
child_adhd_43,1,0.635248569177647
child_adhd_43,1,0.14055772966506747
child_adhd_43,1,0.0022321161518188883
child_adhd_43,1,0.015324587556571007
child_adhd_43,1,0.11369236189780804
child_adhd_43,1,0.005695979882884759
child_adhd_43,1,0.020041243400620967
child_adhd_43,1,0.9246759659091948
child_adhd_43,1,0.46168695939065
child_adhd_43,1,0.4931376640027216
child_adhd_43,1,0.42904137313587887
child_adhd_43,1,0.058014098429562934
child_adhd_43,1,0.09723602848126489
child_adhd_43,1,0.008736445510635963
child_adhd_43,1,0.008996142383916963
child_adhd_43,1,0.9376985083197645
child_adhd_43,1,0.8301186285011052
child_adhd_43,1,0.5823100032541683
child_adhd_43,1,0.6576493673665074
child_adhd_43,1,0.0005049133105086865
child_adhd_43,1,0.014332352074557728
child_adhd_43,1,0.2517246640002739
child_adhd_43,1,0.22352354836586605
child_adhd_43,1,0.05505063233011442
child_adhd_43,1,0.04500842570013105
child_adhd_43,1,0.7635184849076863
child_adhd_43,1,0.11815694732279976
child_adhd_43,1,0.16173349909431967
child_adhd_44,1,0.446752700114226
child_adhd_44,1,0.07048274073387928
child_adhd_44,1,0.03390677567891817
child_adhd_44,1,0.9533317424666427
child_adhd_44,1,0.0053734380986649845
child_adhd_44,1,0.00023201094792513644
child_adhd_44,1,0.69255738809239
child_adhd_44,1,0.830341459225694
child_adhd_44,1,0.6203678322209327
child_adhd_44,1,0.8334034494392268
child_adhd_44,1,0.9210369794993319
child_adhd_44,1,0.9988722822324333
child_adhd_44,1,0.8843167091727103
child_adhd_44,1,0.9337687900074927
child_adhd_44,1,0.950818219276005
child_adhd_44,1,0.03955686325001042
child_adhd_44,1,0.00027089997461418933
child_adhd_44,1,0.004260536042361332
child_adhd_44,1,0.20011401470701196
child_adhd_44,1,0.9626796757240573
child_adhd_44,1,0.354858422334333
child_adhd_44,1,0.8885686432633553
child_adhd_44,1,0.988597269924153
child_adhd_44,1,0.8472712750374171
child_adhd_44,1,0.011291383493713085
child_adhd_44,1,0.5867848296087542
child_adhd_44,1,0.8622547785417565
child_adhd_44,1,0.9558357750737212
child_adhd_44,1,0.15361640508213342
child_adhd_44,1,0.014001530056857172
child_adhd_44,1,0.912013763621798
child_adhd_44,1,0.5796149098935124
child_adhd_44,1,0.29146056670552833
child_adhd_44,1,0.9445368095502786
child_adhd_44,1,0.034057672429328126
child_adhd_44,1,0.03786359131255739
child_adhd_44,1,0.9929790124874013
child_adhd_44,1,0.20936754960502385
child_adhd_44,1,0.881083227174061
child_adhd_44,1,0.9874912854131089
child_adhd_44,1,0.9590212042418972
child_adhd_44,1,0.8658976219677982
child_adhd_44,1,0.9811067722013004
child_adhd_44,1,0.88449415037834
child_adhd_44,1,0.07413289844515018
child_adhd_44,1,0.038022726938137116
child_adhd_44,1,0.16996372434537946
child_adhd_44,1,0.9824628929967889
child_adhd_44,1,0.916311538522931
child_adhd_44,1,0.9774425006340984
child_adhd_44,1,0.0003190434753956179
child_adhd_44,1,0.058226779548492556
child_adhd_45,1,0.9980047118642056
child_adhd_45,1,0.06954512792510932
child_adhd_45,1,0.8333347757317563
child_adhd_45,1,0.9522489894600774
child_adhd_45,1,0.9774569320072045
child_adhd_45,1,0.9989517611668389
child_adhd_45,1,0.9142292079304195
child_adhd_45,1,0.551892915494812
child_adhd_45,1,0.8897298409842279
child_adhd_45,1,0.9799271477935032
child_adhd_45,1,0.8998595621988191
child_adhd_45,1,0.00864156745046076
child_adhd_45,1,0.9800055838198455
child_adhd_45,1,0.6019816561657451
child_adhd_45,1,0.490179038238948
child_adhd_45,1,0.8260246245140855
child_adhd_45,1,0.6504231420713182
child_adhd_45,1,0.7075500397246252
child_adhd_45,1,0.0006900425116275183
child_adhd_45,1,0.07332755575732022
child_adhd_45,1,0.9931664950865524
child_adhd_45,1,0.9989904701626524
child_adhd_45,1,0.5926649235066724
child_adhd_45,1,0.02975936235374146
child_adhd_45,1,0.009782026501299241
child_adhd_45,1,0.11508683987155856
child_adhd_45,1,0.9717138618428757
child_adhd_45,1,0.16435700401212328
child_adhd_45,1,0.0472701156878969
child_adhd_45,1,0.053046627354557535
child_adhd_45,1,0.004985707129476139
child_adhd_45,1,0.1613661661873229
child_adhd_45,1,0.24839151855615593
child_adhd_45,1,0.35204525532214936
child_adhd_45,1,0.8625972986685395
child_adhd_45,1,0.07466346093177736
child_adhd_45,1,0.7723911479001364
child_adhd_45,1,0.15884507326986563
child_adhd_45,1,0.8537380814503852
child_adhd_45,1,0.8870748616844126
child_adhd_45,1,0.8773433519551799
child_adhd_45,1,0.35006986785192135
child_adhd_45,1,0.9395701608591654
child_adhd_45,1,0.978363049577863
child_adhd_45,1,0.9799348743892817
child_adhd_45,1,0.9958741708247569
child_adhd_45,1,0.9827924837370068
child_adhd_45,1,0.9999711414678629
child_adhd_45,1,0.9999999579611547
child_adhd_45,1,0.9999955632482572
child_adhd_45,1,0.9991065045353577
child_adhd_45,1,0.9986215740824248
child_adhd_45,1,0.9887944151522122
child_adhd_46,1,2.232113666254578e-06
child_adhd_46,1,2.072413031987774e-06
child_adhd_46,1,0.9904148862678231
child_adhd_46,1,0.8826388601177976
child_adhd_46,1,2.4949556277869105e-06
child_adhd_46,1,0.0001571683713640369
child_adhd_46,1,0.09745889931187854
child_adhd_46,1,0.03200817522436295
child_adhd_46,1,0.09604872054726084
child_adhd_46,1,0.012714336836101289
child_adhd_46,1,0.06432998935917185
child_adhd_46,1,0.0024294290810302783
child_adhd_46,1,0.9228839256520351
child_adhd_46,1,0.9519918300256045
child_adhd_46,1,0.18464086775086963
child_adhd_46,1,0.009192629998444578
child_adhd_46,1,0.8547886370801779
child_adhd_46,1,0.0007877862874388812
child_adhd_46,1,0.9794582661998242
child_adhd_46,1,0.9927082950166761
child_adhd_46,1,0.9929353849225314
child_adhd_46,1,0.028864530329803073
child_adhd_46,1,0.2155675360827355
child_adhd_46,1,0.8558346352932317
child_adhd_46,1,0.31729925424680266
child_adhd_46,1,0.8442404116749287
child_adhd_46,1,0.9759067060602662
child_adhd_46,1,0.854819368635156
child_adhd_46,1,0.9988655216164318
child_adhd_46,1,0.7972001033103827
child_adhd_46,1,0.9439693445295576
child_adhd_46,1,0.9741423747224889
child_adhd_46,1,0.15019675695228762
child_adhd_46,1,0.03693095885989364
child_adhd_46,1,0.6470378411613845
child_adhd_46,1,5.158243286990698e-11
child_adhd_46,1,0.007522938049942422
child_adhd_47,1,0.004327288620186412
child_adhd_47,1,0.1723673332046932
child_adhd_47,1,0.19517778211380704
child_adhd_47,1,0.4689514694703404
child_adhd_47,1,0.9260181485169233
child_adhd_47,1,0.9973439584208724
child_adhd_47,1,0.9871365243372292
child_adhd_47,1,0.9631104768045597
child_adhd_47,1,0.05752156954142527
child_adhd_47,1,0.9974000232909174
child_adhd_47,1,0.952259168332944
child_adhd_47,1,0.0020917035311585398
child_adhd_47,1,0.005327655778416394
child_adhd_47,1,0.9638796171791858
child_adhd_47,1,0.10472103923418122
child_adhd_47,1,0.7487422557772977
child_adhd_47,1,0.9932780755223396
child_adhd_47,1,0.015867548634763372
child_adhd_47,1,0.900634771666519
child_adhd_47,1,0.9449878138760633
child_adhd_47,1,0.9428911467444272
child_adhd_47,1,0.8622381912354725
child_adhd_47,1,0.9981991309707762
child_adhd_47,1,0.9551982910690255
child_adhd_47,1,0.971996535441614
child_adhd_47,1,0.743239276336281
child_adhd_47,1,0.1599426311558549
child_adhd_47,1,0.11083698854854178
child_adhd_47,1,0.0003696842476487234
child_adhd_47,1,0.9425740768574644
child_adhd_47,1,0.10185606693207482
child_adhd_47,1,0.42723171812847927
child_adhd_47,1,0.05090375518679087
child_adhd_47,1,0.19799032515923057
child_adhd_47,1,0.7409463426037771
child_adhd_47,1,0.6437893549650088
child_adhd_47,1,0.114013455634965
child_adhd_47,1,0.6598672215210816
child_adhd_47,1,0.0031112724872989646
child_adhd_47,1,0.006238095434185814
child_adhd_47,1,0.6088426149505414
child_adhd_47,1,0.9983453202000868
child_adhd_47,1,0.9871952371324461
child_adhd_47,1,0.6108390841440999
child_adhd_47,1,0.941568691388958
child_adhd_47,1,0.9043645281019002
child_adhd_47,1,0.8332976907539972
child_adhd_47,1,0.9574087952064627
child_adhd_47,1,0.29175027052880553
child_adhd_47,1,0.6018215120745908
child_adhd_47,1,0.868401795759387
child_adhd_47,1,0.6938743050378593
child_adhd_47,1,0.4328077984655355
child_adhd_47,1,0.9998929281801665
child_adhd_47,1,0.9979837962775762
child_adhd_47,1,0.21792514575840907
child_adhd_47,1,0.9715832130135754
child_adhd_47,1,0.9991885183737417
child_adhd_47,1,0.7645891338549622
child_adhd_47,1,0.999247827673993
child_adhd_47,1,0.9984387872519421
child_adhd_47,1,0.7110912428836854
child_adhd_47,1,0.9881078912117823
child_adhd_47,1,0.3816536678197282
child_adhd_47,1,0.3287284934772146
child_adhd_48,1,0.9999634970882934
child_adhd_48,1,0.9999106735100379
child_adhd_48,1,0.9999879387107345
child_adhd_48,1,0.994098625639379
child_adhd_48,1,0.8378108216139442
child_adhd_48,1,0.9999751711683025
child_adhd_48,1,0.9999993346241374
child_adhd_48,1,0.9999708454385624
child_adhd_48,1,0.9998179908763756
child_adhd_48,1,0.9997005374236272
child_adhd_48,1,0.9999469390411136
child_adhd_48,1,0.99982925918847
child_adhd_48,1,0.9993934131824654
child_adhd_48,1,0.9967496090154767
child_adhd_48,1,0.9175745092826042
child_adhd_48,1,0.9969666135988856
child_adhd_48,1,0.9968517479895468
child_adhd_48,1,0.999997326762753
child_adhd_48,1,0.999997124931834
child_adhd_48,1,0.9934794691594716
child_adhd_48,1,0.9996775423209374
child_adhd_48,1,0.9999971799963302
child_adhd_48,1,0.9983503679432884
child_adhd_48,1,0.9803880725320624
child_adhd_48,1,0.9982237991603863
child_adhd_49,1,0.9967492409129105
child_adhd_49,1,0.9999873666771936
child_adhd_49,1,0.9998637438269542
child_adhd_49,1,0.9999988976706732
child_adhd_49,1,0.9999959775690822
child_adhd_49,1,0.9999674004113148
child_adhd_49,1,0.9999995335443639
child_adhd_49,1,0.9966396849873287
child_adhd_49,1,0.9995426310442295
child_adhd_49,1,0.9449228196178959
child_adhd_49,1,0.9962933966936747
child_adhd_49,1,0.9979581926022231
child_adhd_49,1,0.9999780936838516
child_adhd_49,1,0.9999993697092788
child_adhd_49,1,0.9857654576876496
child_adhd_49,1,0.96587145874789
child_adhd_49,1,0.998792474007001
child_adhd_49,1,0.9978098221924044
child_adhd_50,1,0.014531842303413011
child_adhd_50,1,0.06303679928347015
child_adhd_50,1,0.6147394945362185
child_adhd_50,1,0.051660757521340445
child_adhd_50,1,0.23294110839410245
child_adhd_50,1,0.9916022046749946
child_adhd_50,1,0.03534779916534688
child_adhd_50,1,0.009375037824683463
child_adhd_50,1,0.9521182591494525
child_adhd_50,1,0.09274742446247547
child_adhd_50,1,0.014608269056753156
child_adhd_50,1,0.09701088428094533
child_adhd_50,1,0.6965707247858921
child_adhd_50,1,0.4946125049640524
child_adhd_50,1,0.3149366566387412
child_adhd_50,1,0.8943308208847115
child_adhd_50,1,0.8205052466205972
child_adhd_50,1,0.050578588302902655
child_adhd_50,1,0.0032466627659561826
child_adhd_50,1,0.005242691392109559
child_adhd_50,1,0.004073830385475663
child_adhd_50,1,0.14687269543433742
child_adhd_50,1,0.11105840264984462
child_adhd_50,1,0.5885070476784515
child_adhd_50,1,0.28001143139378265
child_adhd_50,1,0.08310266548532516
child_adhd_50,1,0.15836599003187035
child_adhd_50,1,0.4052057055879398
child_adhd_50,1,0.2918287678092628
child_adhd_50,1,0.3057922571331901
child_adhd_50,1,3.15287450604604e-05
child_adhd_50,1,0.004198028307701838
child_adhd_50,1,0.6758461791434723
child_adhd_50,1,0.079692717896885
child_adhd_50,1,0.0066131264973763254
child_adhd_50,1,0.0034790419368046148
child_adhd_50,1,0.4644739482545107
child_adhd_50,1,0.3244795939939213
child_adhd_50,1,0.22623209350386042
child_adhd_50,1,0.03417725248921409
child_adhd_50,1,0.020159137283723066
child_adhd_50,1,0.0013479318240270436
child_adhd_50,1,0.0015264305780025129
child_adhd_50,1,0.5800858241720758
child_adhd_50,1,0.0015378271572548561
child_adhd_50,1,0.010388715505932032
child_adhd_50,1,0.024114688688183422
child_adhd_50,1,0.12324142179417832
child_adhd_50,1,0.34764924958610505
child_adhd_50,1,0.032082850078340414
child_adhd_50,1,0.0023109380386560816
child_adhd_50,1,0.08504090129205956
child_adhd_50,1,0.1086535117872756
child_adhd_50,1,0.011260830483528644
child_adhd_50,1,0.02991337580599355
child_adhd_50,1,0.607632594707525
child_adhd_50,1,0.11047624522274062
child_adhd_50,1,0.8749141837914401
child_adhd_50,1,0.0012552664460923697
child_adhd_50,1,0.6294531019678339
child_adhd_50,1,0.9926661463876241
child_adhd_50,1,0.8313739814137593
child_adhd_50,1,0.0518654694339744
child_adhd_50,1,0.08788724504654445
child_adhd_50,1,0.014308112789043129
child_adhd_50,1,0.02842493674617492
child_adhd_50,1,0.10257810155077422
child_adhd_50,1,0.6024296223795746
child_adhd_50,1,6.011161659592938e-05
child_adhd_50,1,0.28172796066495254
child_adhd_50,1,0.025246004210784382
child_adhd_50,1,0.4895975853854697
child_adhd_50,1,0.1558904716071494
child_adhd_50,1,0.3411876526253437
child_adhd_50,1,0.2356088097517755
child_adhd_51,1,0.13527045852651542
child_adhd_51,1,0.04268713564977764
child_adhd_51,1,0.07296583081660661
child_adhd_51,1,0.015286018179076823
child_adhd_51,1,0.034300803538286226
child_adhd_51,1,0.01586762854636757
child_adhd_51,1,0.8715913511612159
child_adhd_51,1,0.005903056235079258
child_adhd_51,1,0.057197468808353594
child_adhd_51,1,0.6605529924434909
child_adhd_51,1,0.25489530162484325
child_adhd_51,1,0.033103214730301186
child_adhd_51,1,0.02621468409091738
child_adhd_51,1,0.015508638336008336
child_adhd_51,1,0.9721508162691131
child_adhd_51,1,0.8241489597987787
child_adhd_51,1,0.0036411791937834754
child_adhd_51,1,0.01886992245291336
child_adhd_51,1,0.9970804332038067
child_adhd_51,1,0.0678813769334915
child_adhd_51,1,0.01323397786449177
child_adhd_51,1,0.20017706451480682
child_adhd_51,1,0.052327291638815915
child_adhd_51,1,0.031189901432188753
child_adhd_51,1,0.044582244092798165
child_adhd_51,1,0.019945631471330553
child_adhd_51,1,0.6155370443216621
child_adhd_51,1,0.9405329508150667
child_adhd_51,1,0.00546030261186318
child_adhd_51,1,0.017731551778390472
child_adhd_51,1,0.02833246348908554
child_adhd_51,1,0.2045832354078897
child_adhd_51,1,0.559607279179467
child_adhd_51,1,0.08193302379405788
child_adhd_51,1,0.0014091383273974578
child_adhd_51,1,0.7647938294997018
child_adhd_51,1,0.0014709343166385616
child_adhd_51,1,0.017399907612069027
child_adhd_51,1,0.207823949032622
child_adhd_51,1,0.001357198622569688
child_adhd_52,1,0.00619272853786825
child_adhd_52,1,0.007178969847394473
child_adhd_52,1,0.7855460667734216
child_adhd_52,1,0.7591070829571853
child_adhd_52,1,0.6094254284940991
child_adhd_52,1,0.12540121680464675
child_adhd_52,1,0.1406060014917993
child_adhd_52,1,0.2843574988949577
child_adhd_52,1,0.827904932106368
child_adhd_52,1,0.9923405967285197
child_adhd_52,1,0.9669273268705556
child_adhd_52,1,0.23261680518713035
child_adhd_52,1,0.9934400730390265
child_adhd_52,1,0.8674089300657223
child_adhd_52,1,0.03133202720596076
child_adhd_52,1,0.16592102795094318
child_adhd_52,1,0.9490868465476276
child_adhd_52,1,0.4892431130056407
child_adhd_52,1,0.9918019843996151
child_adhd_52,1,0.1857666671392049
child_adhd_52,1,0.838401914091339
child_adhd_52,1,0.5836879858347077
child_adhd_52,1,0.9989767611085215
child_adhd_52,1,0.8492258262703896
child_adhd_52,1,0.6956632866273302
child_adhd_52,1,0.24918163418913808
child_adhd_53,1,0.9985806634922518
child_adhd_53,1,0.983831170477345
child_adhd_53,1,0.9981425861553018
child_adhd_53,1,0.6957867805498181
child_adhd_53,1,0.013209319351519935
child_adhd_53,1,0.27583611474603986
child_adhd_53,1,0.9927132671815209
child_adhd_53,1,0.6963815170533199
child_adhd_53,1,0.7848828659012936
child_adhd_53,1,0.9993370068261451
child_adhd_53,1,0.5183715577116417
child_adhd_53,1,0.999997627755033
child_adhd_53,1,0.9942103535398138
child_adhd_53,1,0.014833025073064027
child_adhd_53,1,0.9895880868156569
child_adhd_53,1,0.9995043028020404
child_adhd_53,1,0.9223630716178552
child_adhd_53,1,0.00010266716380186735
child_adhd_53,1,0.9513956563851265
child_adhd_54,1,0.9999998459407791
child_adhd_54,1,0.999999998809501
child_adhd_54,1,0.99823823500271
child_adhd_54,1,0.9682443104673883
child_adhd_54,1,0.9999998625254087
child_adhd_54,1,0.999999954968013
child_adhd_54,1,0.9999999991559723
child_adhd_54,1,0.9999986158888916
child_adhd_54,1,0.9999969285608803
child_adhd_54,1,0.9876955714542477
child_adhd_54,1,0.9999999978637157
child_adhd_54,1,0.9999999999966287
child_adhd_54,1,0.999999996133248
child_adhd_54,1,0.9999999190262451
child_adhd_54,1,0.9969451989719019
child_adhd_54,1,0.99999976728894
child_adhd_54,1,0.9999831399426103
child_adhd_54,1,0.9999999929495262
child_adhd_54,1,0.9999713143217814
child_adhd_54,1,0.9999952125108986
child_adhd_54,1,0.9999999998838969
child_adhd_54,1,0.9999998064512327
child_adhd_54,1,0.9999988730726209
child_adhd_54,1,0.9999865284426876
child_adhd_54,1,0.9999999982704681
child_adhd_54,1,0.9638853123415038
child_adhd_54,1,0.9999999352460984
child_adhd_54,1,0.9999999978722713
child_adhd_54,1,0.9999978315964002
child_adhd_54,1,0.9994193040196203
child_adhd_54,1,0.9999424389983592
child_adhd_54,1,0.9318808497927683
child_adhd_54,1,0.9999999999892601
child_adhd_54,1,0.9999999999764626
child_adhd_54,1,0.9809317391124687
child_adhd_55,1,0.004636230023061753
child_adhd_55,1,0.0012450380567708942
child_adhd_55,1,0.031179662772613265
child_adhd_55,1,0.9994313778607147
child_adhd_55,1,0.9929043681863844
child_adhd_55,1,0.34199445835190145
child_adhd_55,1,0.9957656883836846
child_adhd_55,1,0.9999840084877307
child_adhd_55,1,0.9999907321788573
child_adhd_55,1,0.9997797632339684
child_adhd_55,1,0.8280624320938563
child_adhd_55,1,0.8775574321547852
child_adhd_55,1,0.9828446727600618
child_adhd_55,1,0.9998981160956552
child_adhd_55,1,0.0716823448943708
child_adhd_55,1,0.9995120840870034
child_adhd_55,1,0.12943288311260923
child_adhd_55,1,0.018706640130997508
child_adhd_55,1,0.0198951748139078
child_adhd_55,1,2.2652399126611216e-05
child_adhd_55,1,1.1696565413771316e-05
child_adhd_55,1,0.5901106336451936
child_adhd_55,1,0.1759687241417275
child_adhd_55,1,0.012046999808047663
child_adhd_55,1,0.032719197973649326
child_adhd_55,1,0.00018158638295214224
child_adhd_55,1,0.15780920103114304
child_adhd_55,1,0.823285754083421
child_adhd_55,1,0.0053938344307176405
child_adhd_55,1,0.29115917157362287
child_adhd_55,1,0.9903700715615114
child_adhd_55,1,0.9991948902706883
child_adhd_55,1,0.9999883766042669
child_adhd_55,1,0.4272431355199326
child_adhd_56,1,0.5478605232756644
child_adhd_56,1,0.0020137773827719496
child_adhd_56,1,0.0019455340767629383
child_adhd_56,1,0.0014852694016459335
child_adhd_56,1,0.0015335602502764304
child_adhd_56,1,1.7133167200111266e-05
child_adhd_56,1,7.53933711482802e-05
child_adhd_56,1,0.0009504149341174891
child_adhd_56,1,0.0037187610433826535
child_adhd_56,1,0.9972322649247746
child_adhd_56,1,0.9973945440928741
child_adhd_56,1,0.9998895292314155
child_adhd_56,1,0.9999933220303795
child_adhd_56,1,0.9999774090965907
child_adhd_56,1,1.926810956158504e-05
child_adhd_56,1,0.3135992464163845
child_adhd_56,1,0.923990395873131
child_adhd_56,1,0.7500012876616363
child_adhd_56,1,0.9993467174649338
child_adhd_56,1,0.9457138503562464
child_adhd_56,1,0.9986952746285104
child_adhd_56,1,0.9987613371279785
child_adhd_56,1,0.9999828243203227
child_adhd_56,1,0.8980842677854279
child_adhd_56,1,0.9999872135572518
child_adhd_56,1,0.12377748835694385
child_adhd_56,1,0.9997979690272503
child_adhd_56,1,0.878648145904077
child_adhd_56,1,0.940995886774922
child_adhd_56,1,0.681368439694197
child_adhd_56,1,0.9999893741842553
child_adhd_56,1,0.9999973503612523
child_adhd_56,1,0.00012059918004035665
child_adhd_56,1,0.0007936717507384153
child_adhd_56,1,0.8294624958662886
child_adhd_56,1,0.9778033412731388
child_adhd_56,1,4.8615429884249916e-05
child_adhd_56,1,0.001159807205010279
child_adhd_56,1,0.5931758702565112
child_adhd_56,1,0.8360404192226694
child_adhd_56,1,0.14408127647180058
child_adhd_56,1,2.15556678331069e-05
child_adhd_56,1,2.0154316366136197e-05
child_adhd_56,1,1.9308166678213782e-07
child_adhd_56,1,0.8848704276668037
child_adhd_57,1,0.0022390465209134592
child_adhd_57,1,0.027357422366755795
child_adhd_57,1,0.0001480306761064748
child_adhd_57,1,6.341473303096869e-06
child_adhd_57,1,0.020534543869365377
child_adhd_57,1,0.00024308441927579848
child_adhd_57,1,9.72711571366046e-05
child_adhd_57,1,4.25858857038208e-05
child_adhd_57,1,6.976314224845389e-05
child_adhd_57,1,1.3477895928150909e-05
child_adhd_57,1,0.006546042779672991
child_adhd_57,1,0.03890922160621355
child_adhd_57,1,0.02690446552940958
child_adhd_57,1,0.014238058934379502
child_adhd_57,1,1.6707215022656456e-06
child_adhd_57,1,0.00043315184819655976
child_adhd_57,1,0.03828888984195627
child_adhd_57,1,6.487521004819615e-05
child_adhd_57,1,6.201531034808649e-06
child_adhd_57,1,8.65269618359708e-06
child_adhd_57,1,1.9420211109723704e-07
child_adhd_57,1,4.002282784858453e-09
child_adhd_57,1,0.010019314189873594
child_adhd_57,1,0.0745406589262784
child_adhd_57,1,0.000533686151693866
child_adhd_57,1,0.0002867532492401768
child_adhd_57,1,0.00011809333649016126
child_adhd_57,1,5.661998494680711e-07
child_adhd_57,1,4.5564758032415e-05
child_adhd_57,1,0.013118863611185045
child_adhd_57,1,0.9850908505069265
child_adhd_57,1,0.00017696773081200522
child_adhd_58,1,0.0008337608191905692
child_adhd_58,1,0.019173647997926636
child_adhd_58,1,0.750982510727006
child_adhd_58,1,0.00020329173383393505
child_adhd_58,1,0.011016465741203782
child_adhd_58,1,6.098211287842375e-06
child_adhd_58,1,1.3642480775561594e-05
child_adhd_58,1,5.54292388651951e-05
child_adhd_58,1,0.037083915433415514
child_adhd_58,1,0.0005553359025569077
child_adhd_58,1,0.004485465201604798
child_adhd_58,1,0.09648581706079751
child_adhd_58,1,0.8692839962193297
child_adhd_58,1,0.0004288280243829853
child_adhd_58,1,0.00021911845783609773
child_adhd_58,1,1.2861652309858465e-06
child_adhd_58,1,0.0005233001059554052
child_adhd_58,1,2.5317634683810917e-05
child_adhd_58,1,1.4386188628359725e-05
child_adhd_58,1,1.59741931568992e-06
child_adhd_58,1,0.00014355555565636583
child_adhd_58,1,0.0032188157531747724
child_adhd_58,1,1.302343127036329e-05
child_adhd_58,1,7.0425321603889e-06
child_adhd_58,1,3.179058556670993e-06
child_adhd_58,1,0.0003752804018660994
child_adhd_58,1,0.0003745038679690537
child_adhd_58,1,0.005167554474434807
child_adhd_58,1,0.005623545362033069
child_adhd_58,1,0.0037937345257174748
child_adhd_58,1,0.3268236438491898
child_adhd_58,1,0.19546447314793794
child_adhd_58,1,0.0003042276621065933
child_adhd_58,1,2.408772297140589e-05
child_adhd_58,1,0.0683462439576194
child_adhd_58,1,0.00012755872605899228
child_adhd_58,1,0.10633199184577277
child_adhd_58,1,0.0017729758341117213
child_adhd_59,1,0.9999258025600843
child_adhd_59,1,0.9999993183451633
child_adhd_59,1,0.9999968395490431
child_adhd_59,1,0.9995815058233909
child_adhd_59,1,0.9999724163710191
child_adhd_59,1,0.9999999998497195
child_adhd_59,1,0.9999995823973836
child_adhd_59,1,0.9997479507799428
child_adhd_59,1,0.9999938426868429
child_adhd_59,1,0.999996026710399
child_adhd_59,1,0.9999991719461405
child_adhd_59,1,0.9914444177467246
child_adhd_59,1,0.9999828526886355
child_adhd_59,1,0.9919073316030561
child_adhd_59,1,0.9999943830972583
child_adhd_59,1,0.9712745668504172
child_adhd_59,1,0.9999693419153515
child_adhd_59,1,0.9999747152129357
child_adhd_59,1,0.999999455145463
child_adhd_59,1,0.9833641233315977
child_adhd_59,1,0.9988914838222129
child_adhd_59,1,0.15017456990885109
child_adhd_59,1,0.9999865753733043
child_adhd_59,1,0.9999995487049882
child_adhd_59,1,0.9997611145524381
child_adhd_59,1,0.9995682806890871
child_adhd_59,1,0.9996054801848713
child_adhd_59,1,0.97830978898073
child_adhd_59,1,0.9999779673996789
child_adhd_60,1,0.9999788478789462
child_adhd_60,1,0.9999564861484148
child_adhd_60,1,0.9980803951915972
child_adhd_60,1,0.9990221083455061
child_adhd_60,1,0.999496534395901
child_adhd_60,1,0.9997598218218532
child_adhd_60,1,0.9999686408126275
child_adhd_60,1,0.9999810495278052
child_adhd_60,1,0.9999200374861372
child_adhd_60,1,0.9985002251106062
child_adhd_60,1,0.9999894506085153
child_adhd_60,1,0.9999999995870599
child_adhd_60,1,0.9999999959327452
child_adhd_60,1,0.9976743459942305
child_adhd_60,1,0.9930328791493128
child_adhd_60,1,0.9999968694367153
child_adhd_60,1,0.9995313531668261
child_adhd_60,1,0.9999918794617144
child_adhd_60,1,0.8724619202696057
child_adhd_60,1,0.9999999914109755
child_adhd_60,1,0.9957174500668495
child_adhd_61,1,0.0004930421259688645
child_adhd_61,1,0.012318283088983072
child_adhd_61,1,9.209726411808561e-06
child_adhd_61,1,0.10646054645195682
child_adhd_61,1,6.673443122888988e-07
child_adhd_61,1,7.437844538747723e-10
child_adhd_61,1,0.0016216387611705206
child_adhd_61,1,1.2031829838737674e-06
child_adhd_61,1,0.00023046488735646158
child_adhd_61,1,0.12728003904901564
child_adhd_61,1,0.2645703786443199
child_adhd_61,1,0.030191645447989034
child_adhd_61,1,0.6704012809684105
child_adhd_61,1,5.7955524376010824e-05
child_adhd_61,1,0.0004589784017877725
child_adhd_61,1,7.424121191368247e-05
child_adhd_61,1,4.416681101930511e-05
child_adhd_61,1,0.0030842912456363804
child_adhd_61,1,0.31126558045987684
child_adhd_61,1,0.2233068196908186
child_adhd_61,1,0.4759477476267805
child_adhd_61,1,0.689456519516862
child_adhd_61,1,0.3649272203099695
child_adhd_61,1,0.021321371327349292
child_adhd_61,1,0.023818076352068177
child_adhd_61,1,0.8882686863900715
child_adhd_61,1,0.9867922832879606
child_adhd_61,1,0.9985748986228141
child_adhd_61,1,0.0035731264399250593
child_adhd_61,1,0.000643587316669569
child_adhd_61,1,0.9996016101721876
child_adhd_61,1,0.7540057755508189
child_adhd_61,1,0.010814610586354087
child_adhd_61,1,0.01251476203381584
child_adhd_61,1,0.9670233615136096
child_adhd_61,1,0.001641564634888112
child_adhd_61,1,0.00033620218914529623
child_adhd_61,1,0.0028451095380325683
child_control_1,0,8.217720825131569e-08
child_control_1,0,5.8089134436407827e-08
child_control_1,0,9.743984767983777e-06
child_control_1,0,0.0006810867279535501
child_control_1,0,4.7355291293476246e-07
child_control_1,0,1.0144876394256279e-08
child_control_1,0,3.064360713063029e-08
child_control_1,0,3.238748463386397e-08
child_control_1,0,3.6020355039381226e-06
child_control_1,0,4.078747114162267e-08
child_control_1,0,0.00011413363901761566
child_control_1,0,0.0016041582865338846
child_control_1,0,2.9640916545200307e-08
child_control_1,0,2.5929836650692505e-10
child_control_1,0,2.6958505570780407e-10
child_control_1,0,4.658260450403814e-06
child_control_1,0,2.7085464666424353e-06
child_control_1,0,4.232937179558901e-08
child_control_1,0,1.7380226766012523e-09
child_control_1,0,1.4307825238383265e-10
child_control_1,0,1.2760233471898637e-09
child_control_1,0,2.3715404240456154e-08
child_control_1,0,9.558223089221498e-08
child_control_1,0,4.97665547885717e-06
child_control_1,0,2.202776769430784e-05
child_control_1,0,0.0012887937485802272
child_control_1,0,2.9536274208416423e-06
child_control_1,0,0.0009107490276626044
child_control_1,0,3.108359813841412e-05
child_control_1,0,6.519093801325662e-09
child_control_1,0,1.306028976471657e-07
child_control_1,0,7.764220262755547e-07
child_control_1,0,0.00015872128835353762
child_control_1,0,4.2429000201643975e-05
child_control_1,0,2.4824291925608092e-06
child_control_1,0,1.3263721282491605e-06
child_control_1,0,1.3300011872934327e-07
child_control_2,0,0.0002290456657934175
child_control_2,0,3.1798889617457493e-06
child_control_2,0,1.5488497800391205e-06
child_control_2,0,7.339502981453438e-07
child_control_2,0,1.2074281468750632e-08
child_control_2,0,1.115271736104749e-09
child_control_2,0,4.0518559806697157e-10
child_control_2,0,2.9861744544146433e-05
child_control_2,0,0.00019163207471292564
child_control_2,0,2.394286805927517e-05
child_control_2,0,9.245654183798212e-06
child_control_2,0,1.456390147466576e-05
child_control_2,0,6.266392571009061e-07
child_control_2,0,3.0529103477894295e-05
child_control_2,0,2.635258355101832e-06
child_control_2,0,5.386747045560857e-05
child_control_2,0,0.0018305481707333435
child_control_2,0,0.002001697976044298
child_control_2,0,2.864792249645997e-08
child_control_2,0,3.3043244588856677e-06
child_control_2,0,1.464275318141519e-07
child_control_2,0,2.996820815604272e-09
child_control_2,0,3.9046263231083636e-08
child_control_2,0,2.795211393400159e-07
child_control_2,0,1.8228043396496492e-06
child_control_2,0,0.0033912354495036654
child_control_2,0,0.003584178549457904
child_control_2,0,4.320699094015256e-10
child_control_2,0,2.06577273405522e-05
child_control_2,0,5.916065158831317e-05
child_control_2,0,6.185031985694893e-09
child_control_2,0,1.5614761321793876e-08
child_control_2,0,1.1347494675519905e-06
child_control_2,0,1.9859039160674566e-06
child_control_2,0,1.6749077375666022e-07
child_control_2,0,3.174276091428838e-09
child_control_3,0,0.0011958568256806097
child_control_3,0,1.103441609911685e-05
child_control_3,0,3.1871937836649337e-06
child_control_3,0,6.5211505541658596e-06
child_control_3,0,0.07473965620597564
child_control_3,0,0.061562283748665146
child_control_3,0,0.00020561161857987967
child_control_3,0,0.010434466665562714
child_control_3,0,0.003868063751721798
child_control_3,0,1.850262734074954e-05
child_control_3,0,0.19002224093476056
child_control_3,0,0.02232107707188439
child_control_3,0,0.012493008045999485
child_control_3,0,0.004834425882006256
child_control_3,0,0.0017730259959550837
child_control_3,0,0.006389207904979152
child_control_3,0,0.0001290840297664644
child_control_3,0,1.0045211657947658e-06
child_control_3,0,0.0018232401185248942
child_control_3,0,0.1273044961325158
child_control_3,0,0.01519698528079699
child_control_3,0,0.0009088924686077293
child_control_3,0,0.035051356922899984
child_control_3,0,0.00012306562600079203
child_control_3,0,4.115390713837252e-05
child_control_3,0,0.0002294097351764498
child_control_3,0,0.000395690402891397
child_control_3,0,0.007893989922322911
child_control_3,0,0.00010735129770039245
child_control_3,0,0.0010270041916484313
child_control_4,0,9.447786724803535e-08
child_control_4,0,2.3326745836860005e-06
child_control_4,0,9.281784063972656e-06
child_control_4,0,1.096162472036779e-05
child_control_4,0,1.498199475272476e-07
child_control_4,0,4.062146644737463e-05
child_control_4,0,5.597967163196207e-06
child_control_4,0,4.0895606836175857e-07
child_control_4,0,4.456169033140836e-07
child_control_4,0,2.9209664650744743e-09
child_control_4,0,1.0534216004567233e-08
child_control_4,0,0.00017882246560139062
child_control_4,0,2.9799560929754397e-05
child_control_4,0,2.7188002352774992e-06
child_control_4,0,1.911921759661404e-06
child_control_4,0,7.89187382368193e-07
child_control_4,0,5.333463478684642e-06
child_control_4,0,4.077850242085909e-08
child_control_4,0,4.325814112469382e-07
child_control_4,0,2.794519657568711e-06
child_control_4,0,7.855575179161291e-05
child_control_4,0,5.425090086256425e-06
child_control_4,0,6.935384744482236e-08
child_control_4,0,1.1518726312651767e-07
child_control_4,0,2.389398376751067e-06
child_control_4,0,0.05388084125684205
child_control_4,0,0.00010920417004720483
child_control_4,0,0.0002778820313467883
child_control_4,0,0.0006543299994377331
child_control_4,0,0.0001599637460679851
child_control_4,0,0.014810419231753209
child_control_5,0,2.246635775054572e-07
child_control_5,0,5.239042062131412e-07
child_control_5,0,2.104977925163523e-06
child_control_5,0,5.864346903210164e-10
child_control_5,0,1.4052159401461757e-08
child_control_5,0,1.2687105506580737e-05
child_control_5,0,3.777325964452244e-06
child_control_5,0,6.244131699155645e-08
child_control_5,0,6.928020938213823e-08
child_control_5,0,1.48408122189099e-06
child_control_5,0,4.057584416762795e-06
child_control_5,0,5.3508044433796205e-06
child_control_5,0,4.600862896344267e-08
child_control_5,0,8.829833262663706e-09
child_control_5,0,6.788900312075125e-07
child_control_5,0,5.161145373138311e-06
child_control_5,0,3.769159640340843e-08
child_control_5,0,1.6658621933120305e-05
child_control_5,0,6.779804279519246e-06
child_control_5,0,5.352731363503521e-07
child_control_5,0,2.528038104619931e-05
child_control_5,0,1.1185911440564578e-05
child_control_5,0,3.68485283772547e-07
child_control_5,0,8.388236669054361e-06
child_control_5,0,2.555113383749859e-07
child_control_5,0,1.9939145055341673e-05
child_control_5,0,3.029406276731013e-06
child_control_5,0,6.633711173976492e-08
child_control_6,0,2.306097087144196e-07
child_control_6,0,0.00022438250217724894
child_control_6,0,1.8490422267665686e-05
child_control_6,0,0.0019489028675608653
child_control_6,0,0.00018240410694621496
child_control_6,0,0.04966430960566518
child_control_6,0,0.000991557431025463
child_control_6,0,9.133358985105525e-05
child_control_6,0,0.00022206647316014272
child_control_6,0,9.914897397075566e-05
child_control_6,0,8.074714712475374e-05
child_control_6,0,1.3070719896863606e-05
child_control_6,0,7.41580378644631e-05
child_control_6,0,0.0010340164107360099
child_control_6,0,0.00453306066734677
child_control_6,0,0.01651455886104093
child_control_6,0,0.02417571592260253
child_control_6,0,5.561251539965091e-05
child_control_6,0,0.0001378364503218245
child_control_6,0,5.613349983066026e-07
child_control_6,0,3.1198340451495796e-06
child_control_6,0,1.8337244188336432e-05
child_control_6,0,2.01974193824786e-05
child_control_6,0,8.380749033478668e-09
child_control_6,0,8.94549423110865e-06
child_control_6,0,5.31954472015913e-06
child_control_6,0,4.395770622313855e-06
child_control_6,0,8.046917251383103e-06
child_control_6,0,1.902328495058245e-05
child_control_6,0,2.2242777063282543e-05
child_control_7,0,2.9746665935607887e-06
child_control_7,0,4.097858731340025e-08
child_control_7,0,1.523077644126468e-08
child_control_7,0,2.2560902034848885e-07
child_control_7,0,5.322402450350458e-08
child_control_7,0,4.2238581190255095e-09
child_control_7,0,1.2398386539209854e-08
child_control_7,0,6.092066341803658e-09
child_control_7,0,2.5711927627208634e-07
child_control_7,0,2.0370721536236102e-08
child_control_7,0,5.713983376457333e-09
child_control_7,0,4.464521874175982e-09
child_control_7,0,4.4524233170504565e-09
child_control_7,0,2.393070837232683e-09
child_control_7,0,1.6541210597676247e-09
child_control_7,0,1.0739345404267045e-10
child_control_7,0,3.2527555436860025e-06
child_control_7,0,1.622410100803745e-07
child_control_7,0,3.4450317857039017e-07
child_control_7,0,7.41006945368248e-07
child_control_7,0,5.160090324261555e-09
child_control_7,0,5.2365019297881164e-09
child_control_7,0,3.0456860709270454e-09
child_control_7,0,1.0609213452580014e-10
child_control_7,0,4.473723059323454e-06
child_control_7,0,6.801276141054925e-07
child_control_7,0,1.0772445906307916e-07
child_control_7,0,1.4425192540919953e-07
child_control_7,0,2.972934491484635e-08
child_control_8,0,0.0004387895838674035
child_control_8,0,0.0004401745304939723
child_control_8,0,8.711316934922588e-06
child_control_8,0,8.247286530825159e-07
child_control_8,0,4.7363931938270904e-07
child_control_8,0,4.485063576406472e-05
child_control_8,0,4.6855721382837483e-07
child_control_8,0,1.5186275758374001e-07
child_control_8,0,9.590540648049958e-07
child_control_8,0,0.0005893993624042955
child_control_8,0,9.821127555056531e-07
child_control_8,0,3.4033806856128186e-06
child_control_8,0,2.0156561487387866e-06
child_control_8,0,1.578468703785806e-05
child_control_8,0,0.02464878136155849
child_control_8,0,0.13363865285022533
child_control_8,0,0.0003952409698055996
child_control_8,0,0.00039374887150677357
child_control_8,0,0.004850645257105684
child_control_8,0,0.0017731176527720088
child_control_8,0,0.0002522335851344054
child_control_8,0,5.309851922851812e-06
child_control_8,0,0.00015534036241968637
child_control_8,0,0.0037604279254614993
child_control_9,0,0.0003312632199034754
child_control_9,0,7.981763592865357e-06
child_control_9,0,5.7343402563585395e-06
child_control_9,0,6.162580226257415e-06
child_control_9,0,3.6942949294996556e-07
child_control_9,0,5.8535986621923636e-08
child_control_9,0,7.253347402461945e-06
child_control_9,0,4.04040868208091e-05
child_control_9,0,1.9728329610714317e-05
child_control_9,0,6.289856035666257e-05
child_control_9,0,4.128030969664957e-05
child_control_9,0,0.003624868553806454
child_control_9,0,0.0008572099410026844
child_control_9,0,5.621690002838035e-07
child_control_9,0,1.3051756952764843e-06
child_control_9,0,4.8138428493322185e-06
child_control_9,0,1.226694983728281e-07
child_control_9,0,1.1371304482571283e-06
child_control_9,0,2.543215196968195e-06
child_control_9,0,2.036720922854275e-05
child_control_9,0,3.387852042367213e-05
child_control_9,0,2.5359229584403815e-06
child_control_9,0,0.00227750176756562
child_control_9,0,1.7173539913018475e-06
child_control_9,0,3.024689820998012e-07
child_control_9,0,3.392168321077187e-06
child_control_9,0,2.1581657978958695e-07
child_control_9,0,0.0006734334553011944
child_control_9,0,0.0005587413644023127
child_control_10,0,3.9243371801228075e-06
child_control_10,0,5.87274719116106e-06
child_control_10,0,1.7872395249780622e-05
child_control_10,0,5.0314705896634665e-06
child_control_10,0,2.02969691981537e-05
child_control_10,0,1.4717117448843496e-05
child_control_10,0,6.735184187366064e-07
child_control_10,0,1.3129546088698461e-06
child_control_10,0,2.278980065968607e-06
child_control_10,0,8.046161719069645e-06
child_control_10,0,1.3012886433418662e-06
child_control_10,0,6.383052688850112e-05
child_control_10,0,4.6459186388999196e-07
child_control_10,0,1.0053361461934434e-06
child_control_10,0,0.0001468467079753159
child_control_10,0,7.24257450074479e-09
child_control_10,0,6.56560080294401e-07
child_control_10,0,1.7455350660390802e-07
child_control_10,0,1.6596405262062305e-06
child_control_10,0,1.4414334295712114e-05
child_control_10,0,0.00015712672308502583
child_control_10,0,4.774125853029025e-06
child_control_10,0,2.3425480647819763e-07
child_control_10,0,1.6590356236420426e-06
child_control_10,0,0.00011174595505839761
child_control_10,0,0.03410143764212126
child_control_10,0,3.916971113107835e-06
child_control_10,0,8.537723779603515e-11
child_control_10,0,5.67464479831779e-06
child_control_10,0,1.0893361727440379e-05
child_control_10,0,3.6375423977995397e-06
child_control_10,0,1.1999160393053876e-06
child_control_10,0,0.0004964884665083852
child_control_10,0,9.693261528744384e-05
child_control_10,0,1.0997065532745966e-07
child_control_10,0,2.093322361648686e-06
child_control_11,0,0.00012650201559168632
child_control_11,0,0.9900344210324097
child_control_11,0,0.960663521148166
child_control_11,0,0.9992807038932734
child_control_11,0,0.9995249662495451
child_control_11,0,0.9999898936117879
child_control_11,0,0.9792864250504159
child_control_11,0,0.9976496294922862
child_control_11,0,0.9674984227127819
child_control_11,0,0.5996404255997745
child_control_11,0,0.999967623304999
child_control_11,0,0.9755977552555497
child_control_11,0,0.9999758445255598
child_control_11,0,0.9565751098431015
child_control_11,0,0.9923372714148504
child_control_11,0,0.9865426566613372
child_control_11,0,0.9998698307858076
child_control_11,0,0.9999951836934181
child_control_11,0,0.8299084523249244
child_control_11,0,0.8953626801511699
child_control_11,0,0.6733106135879875
child_control_11,0,0.9352119830553066
child_control_11,0,0.9997479924521537
child_control_12,0,0.9999996658205512
child_control_12,0,0.9064104254260624
child_control_12,0,0.00650694871637407
child_control_12,0,0.9711035783408253
child_control_12,0,0.0038274437612794867
child_control_12,0,0.010153837115822227
child_control_12,0,0.9999998316169724
child_control_12,0,0.9999993012467843
child_control_12,0,0.9972932463355622
child_control_12,0,0.7640171136450086
child_control_12,0,0.8273802014297997
child_control_12,0,0.9861650918421134
child_control_12,0,0.9823020257735536
child_control_12,0,0.025435324431922174
child_control_12,0,0.9607286913799796
child_control_12,0,0.9723550459856815
child_control_12,0,0.00025687734929095366
child_control_12,0,0.01955297318092082
child_control_12,0,0.03773535206301176
child_control_12,0,0.14965850145097995
child_control_12,0,0.0004626433390324823
child_control_12,0,0.004075766534723954
child_control_12,0,0.0003865923780299109
child_control_12,0,0.00046332369288082647
child_control_12,0,0.9520947133258263
child_control_12,0,0.9997693858519955
child_control_12,0,0.9503633668771232
child_control_12,0,0.11770498252341331
child_control_12,0,0.8777685625199884
child_control_12,0,0.5978627444511612
child_control_12,0,0.00025276052461663246
child_control_13,0,0.00024107096261037606
child_control_13,0,0.5996701225147534
child_control_13,0,0.9882447748244336
child_control_13,0,0.2859434178417633
child_control_13,0,0.7088098817434826
child_control_13,0,0.9836332499145236
child_control_13,0,0.999452349867146
child_control_13,0,0.029420990476462974
child_control_13,0,0.3855494530551588
child_control_13,0,0.8843192932740702
child_control_13,0,0.8871455073862075
child_control_13,0,0.9681664107208459
child_control_13,0,0.07740843760974747
child_control_13,0,0.9132897383116853
child_control_13,0,0.023943657402799266
child_control_13,0,0.002407229119109872
child_control_13,0,8.752123329410195e-05
child_control_13,0,0.8914790450977087
child_control_13,0,0.01659047818185026
child_control_13,0,1.270135580999764e-05
child_control_13,0,3.1749386958817904e-05
child_control_13,0,0.28166969798585095
child_control_13,0,0.0143809053985953
child_control_14,0,0.04878461508657353
child_control_14,0,1.315881915180698e-06
child_control_14,0,0.00022111803647305528
child_control_14,0,0.8544437634827277
child_control_14,0,0.008923935830026833
child_control_14,0,7.327676303175134e-05
child_control_14,0,0.9949249067396794
child_control_14,0,0.9743574762464572
child_control_14,0,0.022436062084292552
child_control_14,0,0.9874599015858453
child_control_14,0,0.9763093481872074
child_control_14,0,0.01060080002892573
child_control_14,0,0.15274359274421861
child_control_14,0,0.04933405985565362
child_control_14,0,3.436219713590788e-06
child_control_14,0,6.224248933491249e-07
child_control_14,0,0.001486298032888336
child_control_14,0,0.0022531702832482383
child_control_14,0,2.7178871408602947e-06
child_control_14,0,0.0002691186147507284
child_control_14,0,0.0003181643920507864
child_control_15,0,3.97810958365521e-05
child_control_15,0,0.00011758643663749266
child_control_15,0,0.0062441097852592
child_control_15,0,0.0011313166398682405
child_control_15,0,0.04727133232178628
child_control_15,0,0.7651596777542952
child_control_15,0,0.48610177164454854
child_control_15,0,0.004701597357971716
child_control_15,0,0.0026089456513023338
child_control_15,0,0.7902799199922356
child_control_15,0,0.03759174756512808
child_control_15,0,0.07291834849664532
child_control_15,0,0.0007283399765818465
child_control_15,0,0.015583755734314192
child_control_15,0,0.0003131458179946691
child_control_15,0,0.0033841176213882046
child_control_15,0,0.004541806733853461
child_control_15,0,0.5511457348361124
child_control_15,0,0.9013741733666821
child_control_15,0,0.0006574193248275384
child_control_16,0,0.9798591765199135
child_control_16,0,0.9997615319914416
child_control_16,0,0.999860656219646
child_control_16,0,0.9999792598204756
child_control_16,0,0.9963360882266209
child_control_16,0,0.9999412409317491
child_control_16,0,0.9999987017735034
child_control_16,0,0.9975594210880518
child_control_16,0,0.9998158510248342
child_control_16,0,0.9997930694239346
child_control_16,0,0.9998466890459964
child_control_16,0,0.9999480142787055
child_control_16,0,0.9998271742318265
child_control_16,0,0.9486579355852566
child_control_16,0,0.9809030186741233
child_control_16,0,0.9993252191580857
child_control_16,0,0.9334976076929544
child_control_16,0,0.9957328137894618
child_control_17,0,0.7775471071266273
child_control_17,0,0.9795771814171187
child_control_17,0,0.7976819398855958
child_control_17,0,0.0017931898380340262
child_control_17,0,0.0010665032325409562
child_control_17,0,0.29149083984977675
child_control_17,0,0.004703940311206913
child_control_17,0,0.017797365001636933
child_control_17,0,0.0018882915704042601
child_control_17,0,0.7682872217585766
child_control_17,0,0.9032474850264026
child_control_17,0,0.15886814360340548
child_control_17,0,0.000412623574645834
child_control_17,0,0.008657412804594687
child_control_17,0,0.46428826886045377
child_control_17,0,0.008581680512863867
child_control_17,0,0.33637325567336673
child_control_17,0,0.2923326222149177
child_control_17,0,0.21925330067740967
child_control_17,0,0.0026219691238128368
child_control_18,0,0.08467248992208964
child_control_18,0,0.13862776284202794
child_control_18,0,0.19993749227393368
child_control_18,0,0.07687707147004874
child_control_18,0,0.16584088781765138
child_control_18,0,0.33387994002741817
child_control_18,0,0.9566673554949199
child_control_18,0,0.9994475948089161
child_control_18,0,0.607960137798521
child_control_18,0,0.9611893927832234
child_control_18,0,0.022460944902153064
child_control_18,0,0.0013747718415208718
child_control_18,0,0.0546971474959321
child_control_18,0,0.0008719550026297124
child_control_18,0,0.1281354392723487
child_control_18,0,0.5330169103715687
child_control_18,0,0.13629852604261303
child_control_18,0,0.018860165036557134
child_control_18,0,0.011197497566675025
child_control_19,0,0.1794642489145913
child_control_19,0,0.18293629039632373
child_control_19,0,0.9865365699840903
child_control_19,0,0.6874616224826534
child_control_19,0,0.8823066309872593
child_control_19,0,0.048809187252264116
child_control_19,0,0.00013046467226584705
child_control_19,0,0.9951428107291408
child_control_19,0,0.9702090788326064
child_control_19,0,9.474769832375942e-05
child_control_19,0,0.020093089686674653
child_control_19,0,0.008402194352242633
child_control_19,0,0.8717028101558898
child_control_19,0,0.15641422055658766
child_control_19,0,0.02475044762419323
child_control_19,0,0.006685944264627414
child_control_19,0,0.29625928280995945
child_control_19,0,0.5792944955078636
child_control_19,0,0.008804777706931766
child_control_19,0,0.0027073417880395813
child_control_19,0,0.030926789999085335
child_control_19,0,9.9798625884893e-05
child_control_19,0,0.17530926520336945
child_control_19,0,0.0033661787914752795
child_control_19,0,0.020316486872972838
child_control_19,0,0.3684998786978366
child_control_19,0,0.2452428459138405
child_control_19,0,0.00772849617881504
child_control_19,0,0.6453229522972207
child_control_19,0,0.9154452112429196
child_control_19,0,0.0011700172997099263
child_control_20,0,3.593424037698517e-07
child_control_20,0,3.4123601823505234e-05
child_control_20,0,0.8718331007458522
child_control_20,0,0.12062218097711194
child_control_20,0,0.17194202444869996
child_control_20,0,0.039960105400293634
child_control_20,0,0.014330247599690685
child_control_20,0,0.00557163948805048
child_control_20,0,0.9614865050252837
child_control_20,0,0.42685089011918187
child_control_20,0,0.09731776317765545
child_control_20,0,0.2527744873261546
child_control_20,0,0.28767879593171514
child_control_20,0,0.26631930726708203
child_control_20,0,0.966449773498796
child_control_20,0,4.58098981595623e-05
child_control_20,0,0.02390427152034693
child_control_20,0,0.05313971928506788
child_control_20,0,0.3581238940901138
child_control_20,0,0.0001664892646407343
child_control_20,0,0.5421582217022203
child_control_20,0,0.3247499858240743
child_control_20,0,0.0005115157257927202
child_control_20,0,0.22446053929876908
child_control_20,0,0.7121543428036704
child_control_20,0,6.9235530460277295e-06
child_control_20,0,0.43540937179993894
child_control_20,0,0.1297868785549351
child_control_20,0,0.012574885613530724
child_control_20,0,0.8628857788942021
child_control_21,0,0.6031435680631624
child_control_21,0,0.013902235879277735
child_control_21,0,5.251913779958615e-05
child_control_21,0,0.11616668455209714
child_control_21,0,0.08854098070606056
child_control_21,0,0.1449856384866997
child_control_21,0,0.04355906128839629
child_control_21,0,0.385556195352498
child_control_21,0,0.9970530755256665
child_control_21,0,0.75271381896385
child_control_21,0,0.9723365868478573
child_control_21,0,0.5098843186948798
child_control_21,0,0.035327731308420075
child_control_21,0,0.9958101009840968
child_control_22,0,0.9999171347349254
child_control_22,0,0.9999630452375113
child_control_22,0,0.9989215972170612
child_control_22,0,0.9999126313036516
child_control_22,0,0.9988439210207467
child_control_22,0,0.9990003269615627
child_control_22,0,0.9998290825196883
child_control_22,0,0.976442943588432
child_control_22,0,0.9981946386469892
child_control_22,0,0.999162607632244
child_control_22,0,0.8562402279906778
child_control_22,0,0.8399013721154893
child_control_22,0,0.9999831731238061
child_control_22,0,0.9999178141779965
child_control_22,0,0.9981678754345638
child_control_22,0,0.9993170948078737
child_control_22,0,0.9999949743243757
child_control_22,0,0.9999122402412063
child_control_22,0,0.9712547471093118
child_control_22,0,0.9969813467288812
child_control_22,0,0.9999953517360252
child_control_22,0,0.9993090140617913
child_control_22,0,0.9998930641724166
child_control_22,0,0.9999999071695642
child_control_22,0,0.9999368107356429
child_control_22,0,0.9999939103510226
child_control_23,0,0.0006159129922773534
child_control_23,0,0.08145460047752326
child_control_23,0,0.10874354692801702
child_control_23,0,0.2260305304669827
child_control_23,0,0.0003707797514808331
child_control_23,0,0.09046508691694304
child_control_23,0,0.018555650421763444
child_control_23,0,6.023283677284286e-05
child_control_23,0,8.01129604849231e-06
child_control_23,0,0.0005019106128666913
child_control_23,0,0.00010871605259028564
child_control_23,0,1.9041594074368586e-05
child_control_23,0,0.0005906211431756446
child_control_23,0,6.609745607520733e-06
child_control_23,0,5.678696138535015e-06
child_control_23,0,7.291538568291703e-05
child_control_23,0,0.00030304706489643407
child_control_23,0,0.00024644795706880643
child_control_23,0,0.0011153594248261233
child_control_23,0,0.2435749998629428
child_control_23,0,0.0006701481730937339
child_control_23,0,0.0017035833204498807
child_control_23,0,0.0002796905725788748
child_control_23,0,0.00048106097522403055
child_control_23,0,0.016443789600335015
child_control_23,0,0.0007632471649553275
child_control_23,0,2.959695712959546e-05
child_control_23,0,1.3851979678669262e-05
child_control_23,0,2.172719464029013e-05
child_control_23,0,0.0022209637443326405
child_control_23,0,0.00010066079220004373
child_control_23,0,0.02635605403225202
child_control_23,0,0.3340280419744838
child_control_23,0,0.07006860031772609
child_control_23,0,0.002738320369306092
child_control_23,0,0.0002730948875354313
child_control_24,0,0.8876714898577439
child_control_24,0,0.9980167142360556
child_control_24,0,0.9977925131894293
child_control_24,0,0.9999819400433337
child_control_24,0,0.9999989593682468
child_control_24,0,0.9997487854039204
child_control_24,0,0.9999954687750142
child_control_24,0,0.999999726670122
child_control_24,0,0.9999895984882192
child_control_24,0,0.993703062697313
child_control_24,0,0.992390665479673
child_control_24,0,0.9999695320483372
child_control_24,0,0.9962060878497561
child_control_24,0,0.996293994358784
child_control_24,0,0.9999869026407385
child_control_24,0,0.9999985281146453
child_control_24,0,0.9999656715949184
child_control_24,0,0.9999932000931548
child_control_24,0,0.9999780602331315
child_control_24,0,0.8696012395157924
child_control_24,0,0.9258585261946756
child_control_24,0,0.9993741637838813
child_control_24,0,0.9999335125439034
child_control_24,0,0.9991739977797957
child_control_24,0,0.9983312470068015
child_control_24,0,0.9957650483351117
child_control_24,0,0.9989687438344217
child_control_24,0,0.999901820254444
child_control_24,0,0.9987703555360868
child_control_24,0,0.9939836644534612
child_control_24,0,0.9633908672470215
child_control_24,0,0.9897796751328023
child_control_24,0,0.9966411969520913
child_control_24,0,0.9999830625700736
child_control_24,0,0.9999995304599507
child_control_24,0,0.9999129944291899
child_control_25,0,0.058617851878115704
child_control_25,0,0.1146777383032713
child_control_25,0,0.999121175877665
child_control_25,0,0.9998964066813184
child_control_25,0,0.07574802198506002
child_control_25,0,0.06284949982944182
child_control_25,0,0.023072830594247147
child_control_25,0,0.09551635280608212
child_control_25,0,0.9999965880105531
child_control_25,0,0.48859570619586323
child_control_25,0,0.544394360768286
child_control_25,0,0.9888552114081517
child_control_25,0,0.9985278097709187
child_control_25,0,0.9168082800938226
child_control_25,0,0.9999199950325509
child_control_25,0,0.9999877678546991
child_control_25,0,0.9997208940628025
child_control_25,0,0.9951404475251752
child_control_25,0,0.970793529684644
child_control_25,0,0.9247530902150928
child_control_25,0,0.9989715063263758
child_control_25,0,0.7692603605597035
child_control_25,0,0.6492335790556338
child_control_25,0,0.9999446228028169
child_control_25,0,0.9886383310768952
child_control_25,0,0.9968347248574982
child_control_26,0,0.9999836664522278
child_control_26,0,0.9993347858073985
child_control_26,0,0.9999826111557925
child_control_26,0,0.9999786423328468
child_control_26,0,0.999396630879723
child_control_26,0,0.8161073916040842
child_control_26,0,0.1453808507130455
child_control_26,0,0.976988259449693
child_control_26,0,0.9999972770572721
child_control_26,0,0.9983077156110889
child_control_26,0,0.9784570229785273
child_control_26,0,0.9999721894282462
child_control_26,0,0.9998763945293341
child_control_26,0,0.9989722869180417
child_control_26,0,0.996311675306881
child_control_26,0,0.9999994934498245
child_control_26,0,0.9999999933713184
child_control_26,0,0.935511947799599
child_control_26,0,0.9905636241204208
child_control_26,0,0.9999474800890855
child_control_26,0,0.9999913296943138
child_control_26,0,0.9970139536044909
child_control_26,0,0.9986788159378985
child_control_26,0,0.9994704715061287
child_control_26,0,0.9937956646551429
child_control_26,0,0.13854832898765185
child_control_27,0,0.2741119308414042
child_control_27,0,1.528932472539586e-05
child_control_27,0,0.000760791854252733
child_control_27,0,0.0002763378107364679
child_control_27,0,6.266943743845341e-05
child_control_27,0,0.00013331078443171092
child_control_27,0,0.00021415922080733805
child_control_27,0,0.0031267155642009546
child_control_27,0,1.8397725438720634e-05
child_control_27,0,0.0003256524212594926
child_control_27,0,0.00013751782795785617
child_control_27,0,0.0010499099238018667
child_control_27,0,0.026302037919516897
child_control_27,0,0.00016929701097544806
child_control_27,0,0.902290601354084
child_control_27,0,0.02186975952159829
child_control_27,0,1.0965576008188967e-05
child_control_27,0,1.4868056706607963e-07
child_control_27,0,0.0002791249200537921
child_control_27,0,0.0018823487294964015
child_control_27,0,2.377696872215974e-06
child_control_27,0,0.046743704280767254
child_control_27,0,0.03822723175505065
child_control_27,0,0.00490110088113577
child_control_27,0,0.00319410477991386
child_control_27,0,0.07894357360332699
child_control_27,0,0.0006508047953978637
child_control_28,0,0.21178340168054316
child_control_28,0,0.09927535543899377
child_control_28,0,0.00012309469530543134
child_control_28,0,0.41896356900193216
child_control_28,0,0.6944300774415028
child_control_28,0,0.012601444684815121
child_control_28,0,0.0028892005677644203
child_control_28,0,2.8216831980307434e-05
child_control_28,0,0.0001300653627788757
child_control_28,0,1.684637684294103e-05
child_control_28,0,5.882321177438446e-07
child_control_28,0,5.937532151638784e-07
child_control_28,0,1.0579343698833862e-07
child_control_28,0,0.021082321551317236
child_control_28,0,0.3481402668487508
child_control_28,0,0.0020119808757590547
child_control_28,0,3.3337784974665126e-05
child_control_28,0,0.00037208900400400636
child_control_28,0,0.001165471179021179
child_control_28,0,2.6957654738024846e-06
child_control_28,0,1.3736406783272607e-06
child_control_28,0,1.4787758440817026e-05
child_control_28,0,0.006891189962010297
child_control_28,0,0.6086553317189436
child_control_28,0,0.00039302436788823676
child_control_28,0,9.00723322482385e-06
child_control_29,0,0.999179893896147
child_control_29,0,0.27802205309897676
child_control_29,0,0.0009281917130100814
child_control_29,0,0.24222378253038704
child_control_29,0,0.22666698608341346
child_control_29,0,0.40463838266049823
child_control_29,0,0.6521209991875194
child_control_29,0,0.028542100366522247
child_control_29,0,0.0040764768398451395
child_control_29,0,0.020514409054882173
child_control_29,0,0.001818003500475236
child_control_29,0,0.000244164474599464
child_control_29,0,0.9438833140218293
child_control_29,0,0.8834420266842992
child_control_29,0,0.9988879032913233
child_control_29,0,0.9860816979313483
child_control_29,0,0.6865885959711525
child_control_29,0,0.9977916602915934
child_control_29,0,0.9999690072295984
child_control_29,0,0.013952933316238206
child_control_29,0,0.1387715656412255
child_control_29,0,0.4212569944808696
child_control_29,0,0.9391446573368384
child_control_29,0,0.7205704924969378
child_control_29,0,0.6075698976440504
child_control_29,0,0.7248990880292713
child_control_29,0,0.04096542107299542
child_control_29,0,0.04965749480896496
child_control_29,0,0.8967491878422176
child_control_29,0,0.705294896247402
child_control_29,0,0.047105567627437415
child_control_30,0,0.003081159317218716
child_control_30,0,0.0010017307190299455
child_control_30,0,6.649983650702709e-06
child_control_30,0,6.33885645665459e-07
child_control_30,0,2.6119895818947086e-05
child_control_30,0,1.4232483470899598e-05
child_control_30,0,1.8171255443756405e-06
child_control_30,0,3.7440796920518454e-08
child_control_30,0,1.0872825313391858e-07
child_control_30,0,5.326658160366282e-05
child_control_30,0,5.718220864768249e-08
child_control_30,0,4.070162417621518e-08
child_control_30,0,4.687141004242945e-09
child_control_30,0,4.972001595862953e-10
child_control_30,0,6.35701252809287e-09
child_control_30,0,8.499468025620773e-07
child_control_30,0,3.0463572576651034e-06
child_control_30,0,2.0612792270542302e-06
child_control_30,0,3.6657059551726826e-08
child_control_30,0,1.0151203162676378e-08
child_control_30,0,7.811119153833157e-08
child_control_30,0,1.8048274075966555e-13
child_control_30,0,3.246582107073205e-11
child_control_30,0,9.625978108086595e-08
child_control_31,0,2.5592170349451526e-05
child_control_31,0,0.4219413666140866
child_control_31,0,0.0003099049657899505
child_control_31,0,2.955121133293225e-05
child_control_31,0,0.00018709345931744827
child_control_31,0,0.003823773521652956
child_control_31,0,0.0005181405032070499
child_control_31,0,9.971474188887993e-05
child_control_31,0,3.973463290412908e-06
child_control_31,0,3.4014164338685264e-06
child_control_31,0,1.065543551514717e-06
child_control_31,0,1.326920313371307e-06
child_control_31,0,6.141111519435858e-07
child_control_31,0,1.4270655856460317e-06
child_control_31,0,4.4600114994017435e-06
child_control_31,0,0.0023435190220491486
child_control_31,0,0.000588244179657452
child_control_31,0,1.1409568168522236e-06
child_control_31,0,0.2011673906177218
child_control_31,0,4.153078178235885e-05
child_control_31,0,7.1559963813516e-07
child_control_31,0,0.0012161189112832285
child_control_31,0,0.0007482396046935084
child_control_31,0,0.002028778794009241
child_control_31,0,9.185627828800013e-05
child_control_31,0,0.009549442624596472
child_control_31,0,0.024742689754245213
child_control_31,0,0.00016193630555254873
child_control_31,0,0.00021833386464417388
child_control_31,0,0.0015353838697128076
child_control_31,0,0.2185628532300786
child_control_31,0,0.8800598239917604
child_control_31,0,0.0008266039281209969
child_control_31,0,0.00013307131668892675
child_control_31,0,0.0033797364388767877
child_control_31,0,1.1174656308766807e-05
child_control_31,0,7.890976329153919e-05
child_control_31,0,0.002495983800282663
child_control_31,0,0.0025625261293806736
child_control_31,0,0.001080875064774716
child_control_31,0,4.648740043270735e-05
child_control_31,0,0.008027654159424082
child_control_31,0,6.519905348277657e-05
child_control_31,0,0.0013051702910017882
child_control_31,0,0.001237332335204186
child_control_31,0,0.00015887060768240613
child_control_31,0,4.581383309225761e-07
child_control_31,0,9.00857456049774e-05
child_control_31,0,0.0025876481546394216
child_control_32,0,1.0276622565860587e-05
child_control_32,0,2.6910411432117256e-06
child_control_32,0,0.0002109672614365457
child_control_32,0,0.0002586710069028639
child_control_32,0,0.00010036378672117168
child_control_32,0,0.0006879196626475116
child_control_32,0,0.010324985467685985
child_control_32,0,0.018668454487175475
child_control_32,0,1.2026153641786652e-05
child_control_32,0,1.408191676043949e-06
child_control_32,0,5.768887928908806e-06
child_control_32,0,1.126121387234228e-06
child_control_32,0,7.0624458032828435e-06
child_control_32,0,4.928116251112762e-05
child_control_32,0,2.1723174733618665e-08
child_control_32,0,6.874275838519947e-06
child_control_32,0,0.006721316652903294
child_control_32,0,0.034442822341810786
child_control_32,0,0.10531285638236129
child_control_32,0,0.009250538308874904
child_control_32,0,1.0181978160853073e-05
child_control_32,0,4.1216158733459984e-08
child_control_33,0,1.5586638767277143e-05
child_control_33,0,9.827551362547498e-08
child_control_33,0,7.664402469862528e-06
child_control_33,0,9.959399841328452e-06
child_control_33,0,0.00027279200215602693
child_control_33,0,7.110489512526096e-08
child_control_33,0,3.3494586610243567e-07
child_control_33,0,1.0324187634614682e-05
child_control_33,0,9.492382472519956e-07
child_control_33,0,6.549676554547421e-07
child_control_33,0,1.4084935582231863e-07
child_control_33,0,1.5252808281130272e-05
child_control_33,0,1.1560462349701054e-05
child_control_33,0,1.1742735566630898e-07
child_control_33,0,2.691338176068346e-05
child_control_33,0,0.00016674162278140038
child_control_33,0,0.1284501261724378
child_control_33,0,0.00012667703646780697
child_control_33,0,9.738718414123044e-08
child_control_33,0,4.076891015540755e-06
child_control_33,0,3.205909760992462e-08
child_control_33,0,1.916628308435423e-05
child_control_34,0,0.00010813183926959453
child_control_34,0,2.2144802779197636e-09
child_control_34,0,3.248114541852703e-08
child_control_34,0,8.467778227265509e-08
child_control_34,0,7.78577468831928e-05
child_control_34,0,6.956994346983787e-07
child_control_34,0,0.01042802383868972
child_control_34,0,2.141040799363923e-05
child_control_34,0,3.3006015159788515e-06
child_control_34,0,3.010209297533223e-08
child_control_34,0,1.4883151213984217e-07
child_control_34,0,6.668260805982968e-08
child_control_34,0,2.1224616988751707e-08
child_control_34,0,3.77094020139103e-06
child_control_34,0,2.493081560549075e-09
child_control_34,0,3.1233871481625127e-11
child_control_34,0,7.448489183178516e-07
child_control_34,0,4.923320596379228e-06
child_control_34,0,8.674787955073084e-08
child_control_34,0,2.593764868100622e-10
child_control_34,0,7.757284408492971e-10
child_control_34,0,2.9272804930613876e-06
child_control_34,0,5.8613072481867984e-08
child_control_34,0,4.248690905191244e-09
child_control_34,0,1.8333305705648732e-06
child_control_34,0,1.3440119141655725e-06
child_control_34,0,2.060233823474698e-08
child_control_34,0,1.0387499644507718e-06
child_control_34,0,0.0003109446628628393
child_control_34,0,3.853801956146111e-05
child_control_35,0,0.3055889778717447
child_control_35,0,0.9485672441227264
child_control_35,0,0.16392639007050228
child_control_35,0,0.010111964276243559
child_control_35,0,0.7335899571151814
child_control_35,0,0.956021179864721
child_control_35,0,0.9923509552242885
child_control_35,0,0.003442365959907236
child_control_35,0,0.0004002108794462037
child_control_35,0,0.027440194742644027
child_control_35,0,0.9850102467584531
child_control_35,0,0.9985773346193378
child_control_35,0,0.6889439797554071
child_control_35,0,0.9967453144382641
child_control_35,0,0.037112725867271976
child_control_35,0,0.9269170846791355
child_control_35,0,0.7054639293455671
child_control_35,0,0.9763225490287454
child_control_35,0,0.9999968765966641
child_control_35,0,0.9998521536927073
child_control_35,0,0.018631597185838854
child_control_35,0,0.22303750471303685
child_control_35,0,0.00014763938198072345
child_control_35,0,0.0003520365641915877
child_control_35,0,3.681381451943351e-05
child_control_35,0,0.00011788219274081567
child_control_35,0,0.7544271625411766
child_control_36,0,7.089718694267333e-05
child_control_36,0,5.869940260235334e-09
child_control_36,0,0.0001648634465402464
child_control_36,0,0.0010574996995819568
child_control_36,0,0.0012576151714096102
child_control_36,0,0.0010641436414279349
child_control_36,0,0.00021041379459746991
child_control_36,0,0.061114581259735706
child_control_36,0,0.0011413581990076859
child_control_36,0,0.8131565647375693
child_control_36,0,0.9110788722079665
child_control_36,0,0.03322799328748812
child_control_36,0,0.49241780183520906
child_control_36,0,0.00012921610638991674
child_control_36,0,0.06362001195422105
child_control_36,0,0.011307393856499098
child_control_36,0,0.07327478833283513
child_control_36,0,0.0010154477263286368
child_control_36,0,1.5689517778773556e-05
child_control_36,0,0.0006454266047933771
child_control_36,0,0.011295832521504966
child_control_36,0,0.0016384392383078442
child_control_36,0,0.0074207321502700934
child_control_36,0,0.017607099292669084
child_control_36,0,0.014919422125488515
child_control_36,0,0.00021352388598482055
child_control_36,0,0.0031862677742797003
child_control_36,0,5.3626368251430704e-08
child_control_36,0,0.013379292719442317
child_control_37,0,9.953104788682153e-09
child_control_37,0,4.635317372150283e-07
child_control_37,0,1.7107793144905595e-06
child_control_37,0,9.706231166232679e-07
child_control_37,0,3.8906892902563255e-06
child_control_37,0,1.4761114012619008e-06
child_control_37,0,2.4600233770650135e-07
child_control_37,0,5.937658771799879e-08
child_control_37,0,1.224007155861188e-06
child_control_37,0,3.923640261479151e-06
child_control_37,0,1.4874214875014827e-06
child_control_37,0,8.06268625690458e-08
child_control_37,0,2.3361036297398424e-07
child_control_37,0,2.098185600394172e-07
child_control_37,0,2.8228438823471836e-08
child_control_37,0,1.7643544962906108e-07
child_control_37,0,1.4763090998627196e-05
child_control_37,0,0.00010265477474363312
child_control_37,0,9.12068707789391e-07
child_control_37,0,9.73628898592665e-07
child_control_37,0,4.0949444677752085e-07
child_control_37,0,1.963366548441698e-06
child_control_37,0,1.1617548676520674e-08
child_control_37,0,4.996889409063881e-07
child_control_37,0,2.295184179308824e-08
child_control_37,0,1.7842613379272472e-06
child_control_37,0,4.464885547178211e-06
child_control_38,0,3.104202894509857e-05
child_control_38,0,0.0003780301115700666
child_control_38,0,0.0016738740659240497
child_control_38,0,1.434556875480801e-06
child_control_38,0,0.05307694797120144
child_control_38,0,3.157552835737109e-05
child_control_38,0,0.00015358538321248597
child_control_38,0,0.0003311525615073215
child_control_38,0,0.0494674234504033
child_control_38,0,0.0003120339472320746
child_control_38,0,0.02231546714737254
child_control_38,0,0.00423135615262521
child_control_38,0,5.390353663183194e-05
child_control_38,0,0.0016026306644727074
child_control_38,0,0.9835905380497433
child_control_38,0,0.6109407629446365
child_control_38,0,0.09782639101066175
child_control_38,0,0.14625058733911553
child_control_38,0,2.0056453042143204e-05
child_control_38,0,0.0050110103896696045
child_control_39,0,0.00020702814643280406
child_control_39,0,1.8596237270352626e-06
child_control_39,0,0.0004847653741345366
child_control_39,0,0.0017304164672284864
child_control_39,0,0.00014746036455858246
child_control_39,0,0.00029467473907295933
child_control_39,0,0.0002781816929432113
child_control_39,0,0.0016770634380651774
child_control_39,0,0.0005675413498912149
child_control_39,0,5.4423398819094336e-06
child_control_39,0,0.00029843860578238106
child_control_39,0,4.265522662279182e-05
child_control_39,0,3.859132832489602e-05
child_control_39,0,0.00012710216798990964
child_control_39,0,0.01108160696852037
child_control_39,0,0.004005011335487695
child_control_39,0,0.0025057557241381784
child_control_39,0,0.0012257568718037984
child_control_39,0,0.0005487509003921341
child_control_39,0,0.00018108279695811503
child_control_39,0,0.0010373795883267033
child_control_39,0,0.002781888589026217
child_control_39,0,1.8774631320156146e-05
child_control_39,0,8.835041266479665e-06
child_control_39,0,9.351747447767338e-06
child_control_39,0,0.03593266756446045
child_control_39,0,0.002357640010494022
child_control_39,0,8.948341777105345e-07
child_control_39,0,0.025012634785745037
child_control_39,0,0.008966241814070283
child_control_39,0,0.8685294619367802
child_control_40,0,4.733100647317671e-06
child_control_40,0,1.6106314718749947e-07
child_control_40,0,5.727522825317078e-07
child_control_40,0,6.246460436789342e-05
child_control_40,0,1.21787121988988e-05
child_control_40,0,1.0367289305541985e-05
child_control_40,0,5.173977161739387e-06
child_control_40,0,6.664580246546441e-06
child_control_40,0,2.096562969697336e-06
child_control_40,0,2.5054860002896622e-05
child_control_40,0,4.803010004751151e-06
child_control_40,0,4.3522691277761e-08
child_control_40,0,0.0009009488917461204
child_control_40,0,0.00020108777398975596
child_control_40,0,0.000282442994307982
child_control_40,0,6.553887097321775e-06
child_control_40,0,0.00017483354755444078
child_control_40,0,2.692669246348518e-05
child_control_40,0,2.01254393819193e-05
child_control_40,0,0.0005451265621183254
child_control_40,0,0.00015852154146329888
child_control_40,0,4.439931075154276e-06
child_control_40,0,1.2842382990672429e-05
child_control_40,0,2.4229445283677083e-06
child_control_40,0,0.0011431062731117809
child_control_40,0,0.00109595459703535
child_control_40,0,0.00013602624310124408
child_control_40,0,1.0468882537474288e-06
child_control_41,0,2.857252280379281e-06
child_control_41,0,2.2120378189573936e-06
child_control_41,0,1.4548647544746399e-07
child_control_41,0,3.0653462783206985e-05
child_control_41,0,2.288196521788317e-07
child_control_41,0,2.0347055247477703e-07
child_control_41,0,7.319861441626482e-06
child_control_41,0,6.227996798895779e-07
child_control_41,0,0.005684685698721171
child_control_41,0,4.49714281217001e-05
child_control_41,0,1.68561309807445e-08
child_control_41,0,8.683064333012132e-07
child_control_41,0,3.563020515609543e-05
child_control_41,0,9.316711314620307e-09
child_control_41,0,1.1796630203196237e-06
child_control_41,0,0.00013852224209258299
child_control_41,0,2.056659347952556e-09
child_control_41,0,9.288210501803321e-07
child_control_41,0,9.890395368662827e-06
child_control_41,0,1.4566040168582987e-07
child_control_41,0,1.9053232421418776e-08
child_control_41,0,7.384477552715776e-08
child_control_41,0,1.083582868175024e-06
child_control_41,0,3.706165545325863e-06
child_control_41,0,0.0004041259952212171
child_control_42,0,0.9999922770089725
child_control_42,0,0.9999614038310677
child_control_42,0,0.26197833998906717
child_control_42,0,0.04503003461788112
child_control_42,0,0.9923950849980407
child_control_42,0,0.998247825433399
child_control_42,0,0.020548970566607733
child_control_42,0,0.857891391744802
child_control_42,0,0.0007395669956715221
child_control_42,0,0.707213834395206
child_control_42,0,0.9999822726195126
child_control_42,0,0.8498020782028187
child_control_42,0,0.000426233201356173
child_control_42,0,0.881243565702699
child_control_42,0,0.19827114321611294
child_control_42,0,0.8998455873983772
child_control_42,0,0.0004494124535333372
child_control_42,0,0.002881834442763935
child_control_42,0,0.08097799986261563
child_control_42,0,0.1180142878259956
child_control_42,0,0.003737827055308815
child_control_42,0,0.4887120903439726
child_control_42,0,0.0006128217528170682
child_control_43,0,0.00033480629157884895
child_control_43,0,5.6552283479108165e-05
child_control_43,0,0.003187878485451541
child_control_43,0,6.0457216330251544e-05
child_control_43,0,4.553420850618897e-06
child_control_43,0,7.873266702526669e-05
child_control_43,0,0.045258397492406
child_control_43,0,0.05096726253412217
child_control_43,0,0.00010047824684106565
child_control_43,0,0.7699209034800614
child_control_43,0,8.201336209398169e-05
child_control_43,0,3.246473066114865e-07
child_control_43,0,0.02642396684537806
child_control_43,0,0.0036835237722175306
child_control_43,0,0.0026169019393291904
child_control_43,0,0.0003602804235617921
child_control_43,0,1.0884880583387464e-05
child_control_43,0,0.0004661623279781745
child_control_43,0,0.0005673222096988493
child_control_43,0,1.1300186827877943e-05
child_control_43,0,0.00012319768777885632
child_control_43,0,0.0007841997521882858
child_control_43,0,0.0008274513541092783
child_control_43,0,0.0004738321181026043
child_control_43,0,0.0042038852869449765
child_control_43,0,2.4690115902005013e-05
child_control_43,0,0.0010785214489901003
child_control_43,0,0.0009426415460920359
child_control_43,0,0.0006810844887059036
child_control_43,0,0.00011172140642202514
child_control_43,0,3.200462612968338e-07
child_control_43,0,0.001372899104707435
child_control_44,0,0.9459058778982854
child_control_44,0,0.0054239811169218425
child_control_44,0,0.016578594339549124
child_control_44,0,0.026885400571918464
child_control_44,0,0.005040853565045546
child_control_44,0,0.05647988309782467
child_control_44,0,1.3258829580512608e-06
child_control_44,0,0.000808077790104568
child_control_44,0,0.004088319358350782
child_control_44,0,0.0003860638666057231
child_control_44,0,0.00040825278514489014
child_control_44,0,0.0033759937056394105
child_control_44,0,0.0008015157199594247
child_control_44,0,0.08835765022324378
child_control_44,0,0.01156177084504233
child_control_44,0,0.0022769855245586305
child_control_44,0,0.0007010202273391165
child_control_44,0,0.016495488270186275
child_control_44,0,0.14372233704484866
child_control_44,0,3.397499773107951e-05
child_control_44,0,0.7210018681721757
child_control_44,0,0.10312523778389476
child_control_44,0,0.0005951670547303722
child_control_44,0,0.04499387079061887
child_control_44,0,0.0014754625716513956
child_control_44,0,0.0029836502480072528
child_control_44,0,0.017703032284420828
child_control_44,0,0.062077980102713114
child_control_44,0,3.402601242755171e-05
child_control_45,0,0.000669010955956315
child_control_45,0,0.00037740402509195246
child_control_45,0,3.735183084998401e-05
child_control_45,0,0.0002968638741311074
child_control_45,0,6.21329693544723e-06
child_control_45,0,0.008253422213590107
child_control_45,0,0.01952313866899965
child_control_45,0,0.05030877395633219
child_control_45,0,0.00010924523680491303
child_control_45,0,1.0938336471641177e-05
child_control_45,0,7.178402019836598e-06
child_control_45,0,0.019964397342784594
child_control_45,0,0.00013332594810080493
child_control_45,0,0.00032826884632010264
child_control_45,0,0.004500422437679042
child_control_45,0,0.0030915361522164553
child_control_45,0,0.0017949289330356658
child_control_45,0,0.01158630772795427
child_control_45,0,0.8619701620774428
child_control_45,0,0.00038531534928244325
child_control_45,0,3.3273726589257644e-05
child_control_45,0,5.611320910576295e-06
child_control_45,0,1.5258462728062322e-06
child_control_45,0,0.0011384268888566139
child_control_45,0,0.00020760874534892952
child_control_45,0,0.0009087828245639136
child_control_46,0,0.9777443817923059
child_control_46,0,0.07861815372668518
child_control_46,0,2.647015472599243e-07
child_control_46,0,0.251866489826731
child_control_46,0,0.7510445804975496
child_control_46,0,5.730132992442682e-06
child_control_46,0,0.9445972839123449
child_control_46,0,0.9690784771216854
child_control_46,0,0.7632063232114692
child_control_46,0,0.0003092470882735926
child_control_46,0,0.000247228236937593
child_control_46,0,0.00012571287906606814
child_control_46,0,0.999908586214084
child_control_46,0,0.05174220749477833
child_control_46,0,0.0026459815288814616
child_control_46,0,0.9961887961513576
child_control_46,0,0.9964472206240098
child_control_46,0,0.9993328879892407
child_control_46,0,0.9985389792160269
child_control_46,0,0.99207229716352
child_control_46,0,0.9984360995118351
child_control_46,0,0.4020870577746886
child_control_46,0,0.6309990414605986
child_control_46,0,4.1620381563939486e-05
child_control_46,0,2.687103856052502e-08
child_control_46,0,0.40120444995164917
child_control_46,0,0.877836254526974
child_control_46,0,9.418586533427133e-06
child_control_46,0,6.916252765765171e-06
child_control_46,0,1.4543517455105026e-05
child_control_46,0,3.1017086001735605e-07
child_control_46,0,8.23053837696861e-06
child_control_47,0,0.001162841320301177
child_control_47,0,0.007463951211667203
child_control_47,0,1.7619910026373317e-06
child_control_47,0,0.00028183961963794434
child_control_47,0,3.1373181545907965e-05
child_control_47,0,8.781071160459915e-07
child_control_47,0,1.569981730386673e-05
child_control_47,0,1.0069795579162875e-08
child_control_47,0,1.898516365853161e-07
child_control_47,0,7.726403434554351e-05
child_control_47,0,2.4268379703020516e-06
child_control_47,0,3.720393609932629e-08
child_control_47,0,0.0002894092962232758
child_control_47,0,5.270670215136968e-05
child_control_47,0,4.4191454256211015e-07
child_control_47,0,8.007480816528156e-07
child_control_47,0,9.54244025495181e-07
child_control_47,0,5.216627480171048e-05
child_control_47,0,5.886134888688261e-05
child_control_47,0,8.128605631530028e-06
child_control_47,0,7.537838339627992e-05
child_control_47,0,0.023849619638053467
child_control_47,0,0.838634850949036
child_control_47,0,1.6178194509910462e-06
child_control_47,0,0.00017943554075413343
child_control_47,0,1.9517132444507076e-06
child_control_47,0,3.8751801611386945e-05
child_control_47,0,7.610599539651306e-06
child_control_47,0,2.8665297547744494e-05
child_control_47,0,0.00020492131755649794
child_control_47,0,3.271520406434532e-05
child_control_47,0,6.025513766385714e-06
child_control_47,0,5.406188622386511e-07
child_control_47,0,1.9380373722973148e-09
child_control_47,0,0.0027081998356114963
child_control_47,0,0.0016081402585203931
child_control_47,0,4.2771497402043845e-06
child_control_47,0,1.0328747309659003e-10
child_control_47,0,7.377638266702316e-05
child_control_48,0,0.001684221620303025
child_control_48,0,3.3291246735269903e-09
child_control_48,0,1.8267656303525076e-05
child_control_48,0,0.5484355018208179
child_control_48,0,0.3338489550460527
child_control_48,0,0.2397855199346481
child_control_48,0,0.005424358288296755
child_control_48,0,0.0010069656946707355
child_control_48,0,0.03465558847828023
child_control_48,0,0.001092300187995314
child_control_48,0,0.003500732619118422
child_control_48,0,0.015659074541553828
child_control_48,0,0.00013555541849894723
child_control_48,0,2.4579430277404475e-05
child_control_48,0,0.08447763758597987
child_control_48,0,0.9258361297820606
child_control_48,0,0.011011508641670971
child_control_48,0,0.25078567407761776
child_control_48,0,0.47247237628982525
child_control_48,0,0.7122572847837917
child_control_48,0,0.23409517594541382
child_control_48,0,0.010422446972391553
child_control_48,0,0.21087743213380286
child_control_48,0,0.0005278601982543089
child_control_48,0,0.1576854481518437
child_control_49,0,0.00025242901653640227
child_control_49,0,0.009160198966644068
child_control_49,0,9.395113794491602e-05
child_control_49,0,0.03148249962604805
child_control_49,0,0.8236072031540609
child_control_49,0,0.13640843749363882
child_control_49,0,0.008068512246863455
child_control_49,0,0.000835467445636084
child_control_49,0,0.0025382779176703354
child_control_49,0,0.06510360258463614
child_control_49,0,6.692865509302419e-05
child_control_49,0,0.062165489687075595
child_control_49,0,0.033404890736594625
child_control_49,0,0.24135288768038826
child_control_49,0,0.7131740120117847
child_control_49,0,0.01367030759038277
child_control_49,0,0.17737243254966908
child_control_49,0,0.06303527920925817
child_control_49,0,0.001625685613462935
child_control_49,0,0.023510458385435962
child_control_49,0,0.004225874042209788
child_control_49,0,0.0008191869009170887
child_control_49,0,0.6870606355246431
child_control_49,0,0.7939003014226343
child_control_49,0,0.013423605378931306
child_control_49,0,0.0010560499113525315
child_control_49,0,0.0001040916789988589
child_control_49,0,0.06633324096763364
child_control_49,0,0.6475993593822719
child_control_49,0,0.49563197577070905
child_control_49,0,0.003726449094334822
child_control_49,0,0.0013520832374122813
child_control_49,0,0.06430050251482569
child_control_50,0,0.9391813455171912
child_control_50,0,0.9870378696079293
child_control_50,0,0.9943931164849023
child_control_50,0,0.9994044560479698
child_control_50,0,0.9998076597124633
child_control_50,0,0.989672039571833
child_control_50,0,0.8490411050622981
child_control_50,0,0.9716551786352778
child_control_50,0,0.8806337846904204
child_control_50,0,0.9827541685245618
child_control_50,0,0.9992744705886829
child_control_50,0,0.9993910776838093
child_control_50,0,0.9999876917762832
child_control_50,0,0.9996129339084986
child_control_50,0,0.9991940277880896
child_control_50,0,0.9997711179655792
child_control_50,0,0.9964385339487538
child_control_50,0,0.9775116549825554
child_control_50,0,0.9997602380038162
child_control_50,0,0.002354783663190214
child_control_50,0,0.0017876551085485067
child_control_50,0,0.9869379515508139
child_control_50,0,0.9999964573676473
child_control_50,0,0.9767387962342869
child_control_50,0,0.9430185750256197
child_control_50,0,0.0011857055147136463
child_control_50,0,0.0023850032991033407
child_control_50,0,0.005610278367481696
child_control_50,0,0.6219357781663883
child_control_50,0,0.16844500253505057
child_control_50,0,6.108146524792239e-05
child_control_50,0,0.003687379386742339
child_control_50,0,0.02085185516512226
child_control_50,0,7.685110265771688e-05
child_control_50,0,0.0016935600750152754
child_control_50,0,0.632653442305845
child_control_50,0,0.10323399252434627
child_control_50,0,0.001317360047652182
child_control_50,0,0.9908993915774571
child_control_50,0,0.9988001933352922
child_control_50,0,0.005818066084841135
child_control_50,0,0.9223823298250333
child_control_51,0,0.1132515782619198
child_control_51,0,0.9990324307331989
child_control_51,0,0.9552207412658932
child_control_51,0,0.6983581144475558
child_control_51,0,0.2848605045157818
child_control_51,0,0.12657942772468436
child_control_51,0,0.9981609969179396
child_control_51,0,0.7646118251728323
child_control_51,0,0.9456765595744893
child_control_51,0,0.9992329141362947
child_control_51,0,0.999792819566568
child_control_51,0,0.9999985957198916
child_control_51,0,0.008218897246595712
child_control_51,0,4.261248172647552e-05
child_control_51,0,0.7506696409625492
child_control_51,0,0.1932829823925561
child_control_51,0,0.999405606304311
child_control_51,0,0.9998918335513093
child_control_51,0,0.7381663516821664
child_control_51,0,0.8536230867489657
child_control_51,0,0.9917204738685829
child_control_51,0,0.008447494431409531
child_control_51,0,0.004203011841529553
child_control_51,0,0.4676288369384737
child_control_51,0,0.9510575121267453
child_control_51,0,0.14770734672967126
child_control_51,0,0.3462355622726934
child_control_51,0,0.9125059420396803
child_control_51,0,0.8922024303366206
child_control_51,0,0.015866530873403183
child_control_51,0,0.1068871618836611
child_control_51,0,0.9999926754799037
child_control_51,0,3.1708947991073196e-05
child_control_51,0,1.6736879814248173e-05
child_control_51,0,0.6599760194515961
child_control_51,0,0.9991785352222061
child_control_51,0,0.0123505590260155
child_control_51,0,0.3634146359696632
child_control_51,0,0.852684936070305
child_control_51,0,0.02828506529599693
child_control_51,0,0.05142912357972131
child_control_51,0,0.006214363466671391
child_control_51,0,0.4008490511433372
child_control_51,0,0.396678796001995
child_control_51,0,0.5339457307424095
child_control_51,0,0.00610350117417242
child_control_51,0,0.9755493816303303
child_control_51,0,0.24010565642743492
child_control_51,0,0.9982562176851849
child_control_52,0,0.059408197581758415
child_control_52,0,0.5562300852180974
child_control_52,0,0.02225186743826557
child_control_52,0,0.00011100681884539675
child_control_52,0,0.005259025209341507
child_control_52,0,0.11761975447737327
child_control_52,0,0.9286471149576757
child_control_52,0,0.0010209332367835694
child_control_52,0,0.006953636459043026
child_control_52,0,0.8049247920018539
child_control_52,0,0.008297602093419563
child_control_52,0,0.002635825806893415
child_control_52,0,0.0005139587600492296
child_control_52,0,0.008453678091868668
child_control_52,0,0.001499270589084872
child_control_52,0,0.9485803258802984
child_control_52,0,0.6559507375935284
child_control_52,0,0.8023361293878927
child_control_52,0,0.33325616707115063
child_control_52,0,0.08104071836051262
child_control_52,0,0.07086237743174577
child_control_52,0,0.09240901356266235
child_control_52,0,0.9694080441775814
child_control_52,0,0.5119663493982012
child_control_52,0,0.02122933963246659
child_control_52,0,0.9722980272449772
child_control_52,0,0.1382370947318793
child_control_52,0,0.000490028074043489
child_control_52,0,0.24337689525368278
child_control_52,0,0.6180959794357682
child_control_52,0,0.03015248161695232
child_control_52,0,0.9924935733024274
child_control_52,0,0.7758045731751456
child_control_53,0,0.9455996419800209
child_control_53,0,0.008707412488383748
child_control_53,0,0.05378069714320291
child_control_53,0,0.03205967389567029
child_control_53,0,0.6040493651627463
child_control_53,0,0.960020784163216
child_control_53,0,0.7088541315545679
child_control_53,0,0.9999999790354763
child_control_53,0,0.999999866603299
child_control_53,0,0.21581154430348157
child_control_53,0,0.9999949295870378
child_control_53,0,0.999994092000123
child_control_53,0,0.9981050874406993
child_control_53,0,0.9997457850194343
child_control_53,0,0.9856685513235588
child_control_53,0,0.9999925066269695
child_control_53,0,0.9999982355396675
child_control_53,0,0.0045324668574054355
child_control_53,0,0.002934042151789102
child_control_53,0,0.9956498078046628
child_control_53,0,0.9963554705819647
child_control_53,0,0.04824163007252745
child_control_53,0,0.8942813107511595
child_control_53,0,0.9993971724732358
child_control_53,0,0.9821965607163557
child_control_53,0,0.7674120352727513
child_control_53,0,0.5136544728099876
child_control_53,0,0.06370252408327634
child_control_53,0,0.9429857781118999
child_control_53,0,0.8619149046623881
child_control_53,0,0.3538179263618382
child_control_53,0,0.48653985096640584
child_control_53,0,0.6865362055416406
child_control_53,0,0.7701393921782965
child_control_53,0,0.6767922757841557
child_control_53,0,0.9938572925084386
child_control_54,0,0.0038423414582797514
child_control_54,0,0.0018414880753809307
child_control_54,0,0.7407691447721637
child_control_54,0,0.9908675152099261
child_control_54,0,0.925419569711256
child_control_54,0,0.9963526928361564
child_control_54,0,0.995990248722335
child_control_54,0,0.7271336967107507
child_control_54,0,0.10220721067052589
child_control_54,0,0.9335262044917197
child_control_54,0,0.9920118312538152
child_control_54,0,0.8235508210015375
child_control_54,0,0.8608713384994017
child_control_54,0,0.21107850124402996
child_control_54,0,0.9792803429495728
child_control_54,0,0.9708377200819113
child_control_54,0,0.7057460699106121
child_control_54,0,0.23085881272059183
child_control_54,0,0.6317837842533227
child_control_54,0,0.305502610160361
child_control_54,0,0.5556889679787557
child_control_54,0,0.9078971121008135
child_control_54,0,0.9982365315694359
child_control_54,0,0.8902447180093687
child_control_54,0,0.9753328814262008
child_control_55,0,0.9999869631263818
child_control_55,0,0.9976029672532641
child_control_55,0,0.061711394726272156
child_control_55,0,0.9981894749048629
child_control_55,0,0.9612135527770929
child_control_55,0,0.937279134130301
child_control_55,0,0.9979693356303868
child_control_55,0,0.9996610689500935
child_control_55,0,0.05684799213108822
child_control_55,0,0.20077051158643486
child_control_55,0,0.9782108114038321
child_control_55,0,0.8130630206547572
child_control_55,0,0.9454450429955213
child_control_55,0,0.9999646696286746
child_control_55,0,0.999996316961003
child_control_55,0,0.9999856967416416
child_control_55,0,0.7751361375465509
child_control_55,0,0.7392924463441413
child_control_55,0,0.7588742983740976
child_control_55,0,0.9920289138114876
child_control_55,0,0.7693915052788217
child_control_55,0,0.9592293620145192
child_control_55,0,0.007586891752850791
child_control_55,0,0.08860222555074344
child_control_55,0,0.02221887751906044
child_control_55,0,0.6434144485257635
child_control_55,0,0.025860768019743196
child_control_55,0,0.020663206213704134
child_control_55,0,0.9957745234193467
child_control_55,0,0.9902498144312974
child_control_55,0,0.9857455122453251
child_control_55,0,0.9996009793281877
child_control_55,0,0.9940601235634761
child_control_55,0,0.8833371588169235
child_control_55,0,0.9510173631352645
child_control_55,0,0.9942279329911612
child_control_55,0,0.9999917947294072
child_control_55,0,0.00027430548572856487
child_control_55,0,0.16094115480682245
child_control_55,0,0.5018608452976567
child_control_55,0,0.04768588156337389
child_control_55,0,0.009492024851264302
child_control_56,0,0.9985130899662745
child_control_56,0,0.7883730503318243
child_control_56,0,0.749677944176233
child_control_56,0,0.8767407036141291
child_control_56,0,0.9895377569696142
child_control_56,0,0.24574719339164558
child_control_56,0,0.04162985762786502
child_control_56,0,0.0003353768565509932
child_control_56,0,0.0580497034825581
child_control_56,0,0.6273238816222794
child_control_56,0,0.21005324603745618
child_control_56,0,0.11388777421042288
child_control_56,0,0.38166444775939606
child_control_56,0,0.9765637236088961
child_control_56,0,0.9533160929799653
child_control_56,0,0.07471065361792083
child_control_56,0,0.9927754638026537
child_control_56,0,0.9587661193095541
child_control_56,0,0.9322007685890047
child_control_56,0,0.2432418176091219
child_control_56,0,0.0001337547907056385
child_control_56,0,0.026501521935619873
child_control_56,0,0.27786077926900055
child_control_56,0,0.07661126912325926
child_control_56,0,0.7101278145983474
child_control_56,0,0.5454657639572733
child_control_56,0,0.6399647699276321
child_control_56,0,0.0027893648881775457
child_control_56,0,0.6872762494247259
child_control_56,0,0.6411633289027917
child_control_56,0,0.7644921054334143
child_control_56,0,0.08977068781885023
child_control_56,0,0.1319437823356454
child_control_56,0,0.9418548333004868
child_control_57,0,0.06438452351420415
child_control_57,0,0.1048854093440371
child_control_57,0,0.10531113162922166
child_control_57,0,0.8386498778907837
child_control_57,0,0.20430582585345436
child_control_57,0,0.0032667270651638835
child_control_57,0,0.10748620352459902
child_control_57,0,0.7518699671916691
child_control_57,0,0.3626727497200913
child_control_57,0,0.35767825629334393
child_control_57,0,0.36257401184131627
child_control_57,0,0.004092629892308858
child_control_57,0,0.0030481413036598445
child_control_57,0,0.8840866330557585
child_control_57,0,0.03809201187941096
child_control_57,0,0.005496196132145259
child_control_57,0,0.17976932962700584
child_control_57,0,0.1378600198688817
child_control_57,0,0.002315308770074835
child_control_57,0,0.05346759095059011
child_control_57,0,0.11010213018160152
child_control_57,0,0.006365401245937536
child_control_57,0,0.0018991235546235035
child_control_57,0,0.11009654453797987
child_control_57,0,0.8937506140173935
child_control_57,0,0.5834323726871053
child_control_57,0,0.9917711693786421
child_control_57,0,0.0042027618308476036
child_control_57,0,0.2895214814345848
child_control_57,0,0.4418480578045117
child_control_57,0,0.9690546859002797
child_control_57,0,0.34052902477505353
child_control_57,0,0.042047640991567804
child_control_57,0,0.0014088149866929593
child_control_57,0,0.06030802593776511
child_control_57,0,0.8766636050258623
child_control_57,0,0.05991398263959134
child_control_57,0,0.1498856326120549
child_control_57,0,0.02306938980455596
child_control_57,0,0.0009230146492428973
child_control_57,0,6.586251313774703e-05
child_control_57,0,0.0001747345390870035
child_control_57,0,0.213944842501711
child_control_58,0,0.997210499730026
child_control_58,0,0.9061737563643646
child_control_58,0,0.9557561537137523
child_control_58,0,0.9964293059398437
child_control_58,0,0.8896836737714751
child_control_58,0,0.9983175004031791
child_control_58,0,0.9980080811002939
child_control_58,0,0.615820338251319
child_control_58,0,0.909911436885254
child_control_58,0,0.3618632087986037
child_control_58,0,0.8416674383937375
child_control_58,0,0.9991957899433351
child_control_58,0,0.9995162096156792
child_control_58,0,0.6422923192047977
child_control_58,0,0.4238357969743136
child_control_58,0,0.9579652761399148
child_control_58,0,0.9989775748042083
child_control_58,0,0.6101266758813289
child_control_58,0,0.9810690403776886
child_control_58,0,0.9948691802398275
child_control_58,0,0.7854316102073854
child_control_58,0,0.6025327458989622
child_control_58,0,0.87829606380378
child_control_58,0,0.9943346683917061
child_control_58,0,0.9573133838660705
child_control_58,0,0.7640622504710461
child_control_58,0,0.9963629094604697
child_control_58,0,0.9984538531420967
child_control_58,0,0.9998281517446674
child_control_58,0,0.9936021387353224
child_control_58,0,0.9847524999779758
child_control_58,0,0.4808189055529423
child_control_59,0,0.9995273019281269
child_control_59,0,0.29980010606554575
child_control_59,0,0.4903600394886567
child_control_59,0,0.9998644974126369
child_control_59,0,0.9999171722900204
child_control_59,0,0.9999908161162154
child_control_59,0,0.9999749266726397
child_control_59,0,0.9989738988704009
child_control_59,0,0.9999900058123314
child_control_59,0,0.9851250412683928
child_control_59,0,0.03576630090166111
child_control_59,0,0.7372780951277972
child_control_59,0,0.8921174350236947
child_control_59,0,0.9954087175331932
child_control_59,0,0.998229874733993
child_control_59,0,0.12545818670030118
child_control_59,0,0.05890626168418116
child_control_59,0,0.9705824602098779
child_control_59,0,0.9983661699916473
child_control_59,0,0.9999687481975178
child_control_59,0,0.0801054555718748
child_control_59,0,0.9689827017328572
child_control_59,0,0.9771908628946253
child_control_59,0,0.07893089967350483
child_control_59,0,0.10625614602067238
child_control_59,0,0.051880375891252745
child_control_59,0,0.3519116105915359
child_control_59,0,0.25218394126906835
child_control_59,0,0.003884990027317178
child_control_59,0,0.5901165985578107
child_control_59,0,0.8918873051194269
child_control_59,0,0.9867223113907168
child_control_59,0,0.9999732906927358
child_control_59,0,0.9993548338044012
child_control_59,0,0.007061188916568059
child_control_59,0,0.9999984353390569
child_control_59,0,0.873214741795325
child_control_59,0,0.9060289425333236
child_control_59,0,0.3831469014085039
child_control_59,0,0.06135178349806587
child_control_59,0,0.9999356574065674
child_control_59,0,0.9999422174812733
child_control_59,0,0.9998510808957483
child_control_59,0,0.9999880659911258
child_control_59,0,0.9999984915997837
child_control_59,0,0.9999980829889396
child_control_59,0,0.999973059917125
child_control_60,0,0.9999998785829255
child_control_60,0,0.9999845414853877
child_control_60,0,0.9999998908221971
child_control_60,0,0.9999999707142655
child_control_60,0,0.9387604821699943
child_control_60,0,0.5230551091023511
child_control_60,0,0.999923395996293
child_control_60,0,0.999789885191928
child_control_60,0,0.9999984114736221
child_control_60,0,0.9999996956646142
child_control_60,0,0.9990091033144844
child_control_60,0,0.32482014127626874
child_control_60,0,0.9999999140429666
child_control_60,0,0.9999998546467028
child_control_60,0,0.999999988622487
child_control_60,0,0.9999975744677464
child_control_60,0,0.9998465661084432
child_control_60,0,0.06678755024288249
child_control_60,0,0.999953996044721
child_control_60,0,0.9999987780117654
child_control_60,0,0.9207914286955696
child_control_60,0,0.12094991845621075
child_control_60,0,0.021322079998481406
child_control_60,0,0.9970066011323435
child_control_60,0,0.9997022552767506
child_control_60,0,0.9999671569824847
child_control_60,0,0.9998909336109166
child_control_60,0,0.9968141851959775
child_control_60,0,0.08204258923391373
child_control_60,0,0.9999999996521944
child_control_60,0,0.7368774309071927
child_control_60,0,0.09804590693079855
child_control_60,0,0.9974513082386884
